model_name,source,model_type,problem_name,feature_set,n_features,feature_groups,baseline_mean_pred_all_algs,impact_mean_pred_all_algs_mean,impact_mean_pred_all_algs_abs_mean,impact_mean_pred_all_algs_std,baseline_best_alg,baseline_best_pred,impact_best_pred_mean,impact_best_pred_abs_mean,impact_best_pred_std,best_alg_change_rate,n_repeats,ablation_mode
MABBOB_MLP,MABBOB,MLP,PHOTONIC_10LAYERS_BRAGG,PCA,5,PCA,45.37816102253067,72.23100421653336,72.23100421653336,9.202217709406638,modcma_bipop,44.83765937886253,72.49547895958862,72.49547895958862,9.19321587068947,0.0,5,uniform
MABBOB_MLP,MABBOB,MLP,PHOTONIC_10LAYERS_BRAGG,FULL_FEATURES,52,Dispersion;Distribution;Info. Content;Level-set;Meta-model;Nearest Better;PCA,45.37816102253067,67.39074073419619,67.39074073419619,9.973126317402107,modcma_bipop,44.83765937886253,67.63782848012147,67.63782848012147,9.957157064510158,0.0,5,uniform
MABBOB_MLP,MABBOB,MLP,PHOTONIC_10LAYERS_BRAGG,Meta-model,9,Meta-model,45.37816102253067,-20.616429150377826,20.616429150377826,1.544332222779153,modcma_bipop,44.83765937886253,-20.417982450249276,20.417982450249276,1.5267636352543814,0.0,5,uniform
MABBOB_MLP,MABBOB,MLP,PHOTONIC_10LAYERS_BRAGG,Level-set,9,Level-set,45.37816102253067,-0.9950059934978099,0.9950059934978099,0.0481010778414555,modcma_bipop,44.83765937886253,-0.9899563125438661,0.9899563125438661,0.04857168625459676,0.0,5,uniform
MABBOB_MLP,MABBOB,MLP,PHOTONIC_10LAYERS_BRAGG,Info. Content,5,Info. Content,45.37816102253067,-0.28587135512580913,0.28587135512580913,0.037850299629798856,modcma_bipop,44.83765937886253,-0.28172384985173976,0.28172384985173976,0.03624553885909351,0.0,5,uniform
MABBOB_MLP,MABBOB,MLP,PHOTONIC_10LAYERS_BRAGG,Dispersion,16,Dispersion,45.37816102253067,-0.222098463921445,0.222098463921445,0.17444489803014318,modcma_bipop,44.83765937886253,-0.20205133471224598,0.20205133471224598,0.17132093760847109,0.0,5,uniform
MABBOB_MLP,MABBOB,MLP,PHOTONIC_10LAYERS_BRAGG,Nearest Better,5,Nearest Better,45.37816102253067,0.16268873507444823,0.16268873507444823,0.09337060368588594,modcma_bipop,44.83765937886253,0.19859688135196762,0.19859688135196762,0.09037476402704975,0.0,5,uniform
MABBOB_MLP,MABBOB,MLP,PHOTONIC_10LAYERS_BRAGG,Distribution,3,Distribution,45.37816102253067,-0.11064569129996187,0.11064569129996187,0.004271335414751904,modcma_bipop,44.83765937886253,-0.10938776868821805,0.10938776868821805,0.0042883046281184745,0.0,5,uniform
MABBOB_MLP,MABBOB,MLP,PHOTONIC_2LAYERS_ELLIPSOMETRY,FULL_FEATURES,52,Dispersion;Distribution;Info. Content;Level-set;Meta-model;Nearest Better;PCA,42.39680818708955,73.3093039920494,73.3093039920494,7.68409211101448,modcma_bipop,41.87021532509072,73.54112336157195,73.54112336157195,7.678873874403405,0.0,5,uniform
MABBOB_MLP,MABBOB,MLP,PHOTONIC_2LAYERS_ELLIPSOMETRY,PCA,5,PCA,42.39680818708955,69.03332326056291,69.03332326056291,12.320849206346828,modcma_bipop,41.87021532509072,69.28679102705289,69.28679102705289,12.326168941862301,0.0,5,uniform
MABBOB_MLP,MABBOB,MLP,PHOTONIC_2LAYERS_ELLIPSOMETRY,Meta-model,9,Meta-model,42.39680818708955,-19.731747634062547,19.731747634062547,1.0817816516271344,modcma_bipop,41.87021532509072,-19.527472038805012,19.527472038805012,1.0663753414088024,0.0,5,uniform
MABBOB_MLP,MABBOB,MLP,PHOTONIC_2LAYERS_ELLIPSOMETRY,Dispersion,16,Dispersion,42.39680818708955,-0.45489207956852623,0.45489207956852623,0.14587016842963477,modcma_bipop,41.87021532509072,-0.44025554575125625,0.44025554575125625,0.14521474829307207,0.0,5,uniform
MABBOB_MLP,MABBOB,MLP,PHOTONIC_2LAYERS_ELLIPSOMETRY,Nearest Better,5,Nearest Better,42.39680818708955,-0.17275136684141898,0.17275136684141898,0.14457916138014107,modcma_bipop,41.87021532509072,-0.16688572962965792,0.16688572962965792,0.14416175317018962,0.0,5,uniform
MABBOB_MLP,MABBOB,MLP,PHOTONIC_2LAYERS_ELLIPSOMETRY,Level-set,9,Level-set,42.39680818708955,0.10279609590477037,0.10279609590477037,0.008350016487956148,modcma_bipop,41.87021532509072,0.10250777779548344,0.10250777779548344,0.008239045152875619,0.0,5,uniform
MABBOB_MLP,MABBOB,MLP,PHOTONIC_2LAYERS_ELLIPSOMETRY,Distribution,3,Distribution,42.39680818708955,-0.07996010966569429,0.07996010966569429,0.008846893092179559,modcma_bipop,41.87021532509072,-0.0792013530892575,0.0792013530892575,0.008780286217410315,0.0,5,uniform
MABBOB_MLP,MABBOB,MLP,PHOTONIC_2LAYERS_ELLIPSOMETRY,Info. Content,5,Info. Content,42.39680818708955,0.006151862996480873,0.01936352687095848,0.022405240449905856,modcma_bipop,41.87021532509072,0.006900949578677285,0.018770049955979574,0.02154551599415447,0.0,5,uniform
MABBOB_MLP,MABBOB,MLP,PHOTONIC_20LAYERS_BRAGG,PCA,5,PCA,45.710337124498075,75.22768002815552,75.22768002815552,11.77664290914967,modcma_bipop,45.16711940623329,75.48660532640811,75.48660532640811,11.78387080383741,0.0,5,uniform
MABBOB_MLP,MABBOB,MLP,PHOTONIC_20LAYERS_BRAGG,FULL_FEATURES,52,Dispersion;Distribution;Info. Content;Level-set;Meta-model;Nearest Better;PCA,45.710337124498075,72.95580206210454,72.95580206210454,10.955821913611894,modcma_bipop,45.16711940623329,73.20709968610302,73.20709968610302,10.945783517171034,0.0,5,uniform
MABBOB_MLP,MABBOB,MLP,PHOTONIC_20LAYERS_BRAGG,Meta-model,9,Meta-model,45.710337124498075,-21.49436094321927,21.49436094321927,0.8382915150898592,modcma_bipop,45.16711940623329,-21.287545005323185,21.287545005323185,0.8267891325583347,0.0,5,uniform
MABBOB_MLP,MABBOB,MLP,PHOTONIC_20LAYERS_BRAGG,Level-set,9,Level-set,45.710337124498075,-0.9440109401025609,0.9440109401025609,0.049135283257837455,modcma_bipop,45.16711940623329,-0.9425125255227599,0.9425125255227599,0.04857354007349048,0.0,5,uniform
MABBOB_MLP,MABBOB,MLP,PHOTONIC_20LAYERS_BRAGG,Dispersion,16,Dispersion,45.710337124498075,-0.5971748792989502,0.5971748792989502,0.0767158234358998,modcma_bipop,45.16711940623329,-0.575873333870058,0.575873333870058,0.0755765150261269,0.0,5,uniform
MABBOB_MLP,MABBOB,MLP,PHOTONIC_20LAYERS_BRAGG,Nearest Better,5,Nearest Better,45.710337124498075,0.3286590984649152,0.3286590984649152,0.1044470249471982,modcma_bipop,45.16711940623329,0.3627978330796665,0.3627978330796665,0.1011320705930994,0.0,5,uniform
MABBOB_MLP,MABBOB,MLP,PHOTONIC_20LAYERS_BRAGG,Info. Content,5,Info. Content,45.710337124498075,-0.2712920946836803,0.2712920946836803,0.02559956237356389,modcma_bipop,45.16711940623329,-0.2723358300519493,0.2723358300519493,0.026022216165727568,0.0,5,uniform
MABBOB_MLP,MABBOB,MLP,PHOTONIC_20LAYERS_BRAGG,Distribution,3,Distribution,45.710337124498075,-0.13757770080082848,0.13757770080082848,0.007811861992537439,modcma_bipop,45.16711940623329,-0.1351188843712336,0.1351188843712336,0.007733544418969611,0.0,5,uniform
