seed,Unnamed: 0,ela_meta.lin_simple.adj_r2,ela_meta.lin_simple.intercept,ela_meta.lin_simple.coef.min,ela_meta.lin_simple.coef.max,ela_meta.lin_w_interact.adj_r2,ela_meta.quad_simple.adj_r2,ela_meta.quad_simple.cond,ela_meta.quad_w_interact.adj_r2,ela_distr.skewness,ela_distr.kurtosis,ela_distr.number_of_peaks,ela_level.mmce_lda_10,ela_level.mmce_qda_10,ela_level.lda_qda_10,ela_level.mmce_lda_25,ela_level.mmce_qda_25,ela_level.mmce_lda_50,ela_level.mmce_qda_50,ela_level.lda_qda_50,pca.expl_var.cov_x,pca.expl_var.cor_x,pca.expl_var.cov_init,pca.expl_var.cor_init,pca.expl_var_PC1.cov_x,pca.expl_var_PC1.cor_init,nbc.nn_nb.sd_ratio,nbc.nn_nb.mean_ratio,nbc.nn_nb.cor,nbc.dist_ratio.coeff_var,nbc.nb_fitness.cor,disp.ratio_mean_02,disp.ratio_mean_05,disp.ratio_mean_10,disp.ratio_mean_25
0,0.0,0.007610277395855,0.7269767633067161,2.9029171073918265e-05,0.0001706270339553,0.0083251445541308,0.0751404152419344,2.88497211221409,0.1728422949856828,-0.8103081756566273,0.0219952562115803,1.0,0.1,0.1,1.0,0.25,0.25,0.4739999999999999,0.4418,1.0728836577636938,0.9,0.9,0.8181818181818182,0.9090909090909092,0.1048381051530043,0.1009004105439379,0.748051775891042,0.9009015793034998,0.5432766401253872,0.1340634783663505,-0.6495785695371374,0.8191131826703633,0.8666348529818859,0.899594989837611,0.9465181474324108
1,0.0,0.0090385185683585,0.7588053090915127,4.492841165718836e-05,0.0001149092129888,0.0109266215845893,0.0831360314171758,2.5218717153024084,0.1850861097006477,-0.8671429904016281,0.1808530597813704,1.0,0.1,0.1,1.0,0.25,0.25,0.4753,0.4343,1.0944047893161408,0.9,0.9,0.8181818181818182,0.9090909090909092,0.1048164056685642,0.0999933160466639,0.760169522284473,0.9018139684848884,0.5674080067727005,0.1319754850806524,-0.6534740014140291,0.8170129518799204,0.8654399351501316,0.8993283945184385,0.9428780427012996
2,0.0,0.0104628545850624,0.7416566416808128,9.211091863110232e-06,0.0002200367111695,0.0113474408660976,0.0864886087822478,3.2712479841266364,0.1844133745450527,-0.8174880224244573,0.0708707477594092,2.0,0.1,0.1,1.0,0.25,0.25,0.4709,0.4321,1.0897940291599166,0.9,0.9,0.8181818181818182,0.9090909090909092,0.1045553215240596,0.1008456183308895,0.762340286006551,0.9002229974560443,0.5604093608841252,0.1357021624764655,-0.6478258076456715,0.8186344653999446,0.8640797410863736,0.8992885819066706,0.9433844770397614
3,0.0,0.0078983006457811,0.7465471252234035,3.791074331191003e-05,0.0001887690153416,0.0097574685946831,0.0693203290386514,3.313982452361634,0.1711888910736604,-0.8228512169224868,0.0747228631980423,1.0,0.1,0.1,1.0,0.25,0.25,0.4838,0.4399,1.0997954080472834,0.9,0.9,0.8181818181818182,0.9090909090909092,0.1039648807344926,0.0990559097044217,0.7579785645653977,0.9004024441084352,0.5510950852318961,0.1349597758833727,-0.6509811668673623,0.8229117399017317,0.869077848146497,0.9058010218516168,0.9464540310420768
4,0.0,0.0069356671763083,0.7490433604128888,2.0635845701724736e-05,0.000165882681813,0.0063126348847863,0.0702004598204404,2.789753692430927,0.1752661118938991,-0.8271810013351637,0.1418830665612134,1.0,0.1,0.1,1.0,0.25,0.25,0.4807999999999999,0.4422,1.087290818634102,0.9,0.9,0.8181818181818182,0.9090909090909092,0.1062954079810203,0.1000295291658793,0.7528250856459647,0.89892422446667,0.5465498983025368,0.1366716121498285,-0.6577465174200731,0.8235557727868941,0.870623126386527,0.9076784650913432,0.9483089406402386
5,0.0,0.009128535082728,0.7525499286868491,1.82174324086398e-05,0.00018606095732,0.0102406527934636,0.0734317416753942,3.652001473769328,0.1830925309787651,-0.8388288342873085,0.1247858717514569,2.0,0.1,0.1,1.0,0.25,0.25,0.4758,0.4325,1.1001156069364162,0.9,0.9,0.8181818181818182,0.9090909090909092,0.1051859609883115,0.1008520687444851,0.763408931341044,0.9002436747461537,0.5744451584988535,0.1341416455438515,-0.6537977580116923,0.8218364233772342,0.8697406402182549,0.9036692155899771,0.94472798033395
6,0.0,0.0080932942748455,0.7335367333900096,3.098979572140172e-05,0.0001436174742012,0.0080066618503964,0.0772708229919463,3.007443928995228,0.1754075807013311,-0.8343559416034554,0.1233674454372804,1.0,0.1,0.1,1.0,0.25,0.25,0.4821,0.4366,1.1042143838754008,0.9,0.9,0.8181818181818182,0.9090909090909092,0.103836024018707,0.0995143605096355,0.7534699799474995,0.9000938811550023,0.560696331782131,0.133934492057534,-0.656329064899936,0.8287201245201351,0.8730116945391052,0.899812022220622,0.9449191677894744
7,0.0,0.0098873886419545,0.7375829398123794,5.386519130556328e-05,0.0001894576363206,0.0115158412303055,0.0815821548708727,2.459907969879052,0.1784046822993147,-0.8560362817665498,0.146652026959452,1.0,0.1,0.1,1.0,0.25,0.25,0.4641,0.4317999999999999,1.0748031496062993,0.9,0.9,0.8181818181818182,0.9090909090909092,0.1045449635634348,0.1003325634861246,0.7622267559000284,0.8995403316129882,0.5549488187956912,0.1350215853508043,-0.6527874228406195,0.8193330072838161,0.8566941151967927,0.8970597826761022,0.9459450379669676
8,0.0,0.006766280752138,0.7555532328579903,3.037679988385564e-07,0.0001547412829336,0.0082595174173766,0.0703062707742709,3.131119003990308,0.1726980310479993,-0.8055615829247081,0.1109654313652206,1.0,0.1,0.1,1.0,0.25,0.25,0.4810999999999999,0.4398000000000001,1.0939063210550248,0.9,0.9,0.8181818181818182,0.9090909090909092,0.104717229619852,0.0995255745743253,0.7618944382109079,0.9007807253298696,0.5710891279392563,0.1334745806137705,-0.6464846399601903,0.8100205846322646,0.8748503165698468,0.9058145805765068,0.9480525528395582
9,0.0,0.006427379172752,0.7371726647768874,6.1686385871953055e-06,0.0001541313315609,0.0054889363229195,0.0773132291089279,2.8085651901071382,0.1849979277438405,-0.8494661586128346,0.2266761239845802,1.0,0.1,0.1,1.0,0.25,0.25,0.4784,0.4399999999999999,1.0872727272727274,0.9,0.9,0.8181818181818182,0.9090909090909092,0.1053763619119173,0.0995435459139632,0.7564358379597581,0.9013420701277496,0.5598987008731245,0.1332107363996615,-0.6565714123551075,0.8257337375695094,0.8607124550986944,0.9012103814557244,0.9428114451295554
10,0.0,0.0046589190711398,0.7621654967301641,2.878284170418533e-05,0.0001217325309496,0.0056990203741948,0.0736092228320774,2.9254669149831893,0.1729453218491609,-0.8264377588153822,0.1232389776689188,2.0,0.1,0.1,1.0,0.25,0.25,0.4856,0.4373,1.110450491653327,0.9,0.9,0.8181818181818182,0.9090909090909092,0.1035028259156124,0.0976968506597719,0.7556524104719076,0.8996189217058391,0.5595014938190541,0.1346218619735596,-0.6628133576659285,0.8207365338341505,0.8726121867142745,0.9063116543888664,0.9454098208357956
11,0.0,0.0044294763314451,0.7536616352346406,2.052851907578086e-06,0.00014625059007,0.0027958593356669,0.0823991526461929,3.922663116682077,0.1810714598519776,-0.844473677852464,0.171694322486489,1.0,0.1,0.1,1.0,0.25,0.25,0.4878,0.4425,1.102372881355932,0.9,0.9,0.8181818181818182,0.9090909090909092,0.1044673889030913,0.0975236752645456,0.7654426526813412,0.900432676028361,0.5756156235575506,0.1331630637322724,-0.658446150902169,0.8191699161925534,0.85635872171593,0.8955834424869027,0.9408568318647076
12,0.0,0.004768938364811,0.7268308727022635,1.4173880010452665e-05,0.0001501778270329,0.0067096944171832,0.0716924103297327,3.2755218505025048,0.1773973652613919,-0.8028111071963342,0.0074908657195984,1.0,0.1,0.1,1.0,0.25,0.25,0.4876999999999999,0.4401,1.1081572369915929,0.9,0.9,0.8181818181818182,0.9090909090909092,0.1039834852724117,0.0981400989256688,0.7518172829302674,0.8995961010459878,0.5555677562631539,0.1342073983705096,-0.6520018558744103,0.8320951160230377,0.8777802455364848,0.9058263978925676,0.9472245337217962
13,0.0,0.0077168082101425,0.7654952030925934,2.793566739465408e-05,0.0001277311777795,0.0098741907291955,0.0660890368083888,3.1561131937612594,0.1725680623955134,-0.8251220096708534,0.1318771837438532,2.0,0.1,0.1,1.0,0.25,0.25,0.4755,0.4453999999999999,1.06757970363718,0.9,0.9,0.8181818181818182,0.9090909090909092,0.1060744112545586,0.1006101288364069,0.7469966759042861,0.8987906511514517,0.5496879302448275,0.1353994902897655,-0.6550240859235914,0.8453982764977818,0.8833295204133573,0.9082455044551362,0.9496486906440348
14,0.0,0.0038365073351172,0.7513081490654681,1.450545726764398e-06,0.0001091282305796,0.0038311743301797,0.0708974750759183,2.6547186665580864,0.1774221464299435,-0.8186058268221531,0.0966067839799449,2.0,0.1,0.1,1.0,0.25,0.25,0.4871999999999999,0.4415999999999999,1.1032608695652175,0.9,0.9,0.8181818181818182,0.9090909090909092,0.1047388148245081,0.097555190961603,0.7492628342594345,0.8984574173139571,0.5542253970968757,0.1360285145369009,-0.6473767256650094,0.8361562152141584,0.8690134047664899,0.902381147277096,0.9480277494617404
15,0.0,0.0093030177273802,0.7337310045062256,2.1702224208682612e-05,0.000181534446638,0.012480005993764,0.0717820397079348,2.6122234833533637,0.1759951387515426,-0.8228178052613475,0.1360935540607117,1.0,0.1,0.1,1.0,0.25,0.25,0.4750999999999999,0.4429,1.0727026416798373,0.9,0.9,0.8181818181818182,0.9090909090909092,0.1046351946354654,0.0996937467563632,0.7492290122419795,0.8983971438434032,0.5514509841681944,0.1353662863084387,-0.6541614144539141,0.8369273274513762,0.8703099220236736,0.9020988886907516,0.944372903068617
16,0.0,0.0090166836743134,0.7465351928942159,3.9585367053332886e-05,0.0001555953144606,0.0088723774466812,0.0671160260935656,2.921784913644287,0.1634721104766555,-0.8037298951071292,0.0231162228930941,1.0,0.1,0.1,1.0,0.25,0.25,0.4758,0.4358000000000001,1.0917852225791649,0.9,0.9,0.8181818181818182,0.9090909090909092,0.1049682650333228,0.1009260126809972,0.7547302716271824,0.9011381043139726,0.5601790940049861,0.1330714639747055,-0.6545006785530849,0.8380306481334203,0.8704049265255184,0.9003437312810424,0.9483264637269744
17,0.0,0.0081095177895671,0.7541456702839578,2.1318095809767727e-05,0.0001597619623697,0.0094207453242695,0.0767051750513051,2.393286176803788,0.1811799478931434,-0.8591475867071275,0.2100091466850102,1.0,0.1,0.1,1.0,0.25,0.25,0.4748,0.4378999999999999,1.0842658141128112,0.9,0.9,0.8181818181818182,0.9090909090909092,0.1041851484481648,0.0999445171016484,0.7621016876322089,0.9013047297062928,0.5576163601428051,0.1331588856784034,-0.66444401473717,0.8076087866330414,0.8592991460711138,0.8998838091064749,0.9429875420366446
18,0.0,0.0062755760399193,0.7404195546637996,2.1226467301766808e-05,0.0001522771100453,0.0076199276677447,0.0697438529771807,2.7539256375414403,0.1778886727251172,-0.8272489223691968,0.1001914874025708,1.0,0.1,0.1,1.0,0.25,0.25,0.4761999999999999,0.4418,1.0778632865550022,0.9,0.9,0.8181818181818182,0.9090909090909092,0.1054661828977796,0.0987340275537342,0.7600778320135348,0.901160767962118,0.5623387142505936,0.133292971468009,-0.6528465732315463,0.8100016252865601,0.8624836097716572,0.9026285524630772,0.9475348750052468
19,0.0,0.0111587923434163,0.7311447047758631,2.5801313506555462e-05,0.000195312588235,0.0131141616719964,0.0896963641918817,3.006357039345076,0.1908597675778794,-0.8221085611634831,0.1274930641943075,1.0,0.1,0.1,1.0,0.25,0.25,0.4706,0.4307,1.0926398885535176,0.9,0.9,0.8181818181818182,0.9090909090909092,0.1057567464845206,0.1020458760178469,0.7524174660866778,0.9012115854218268,0.5579494364544317,0.1330731542654173,-0.6611923290665893,0.8083258964874378,0.8534025517677458,0.8880812073466429,0.94104561039584
20,0.0,0.0102637121070198,0.7714958159628403,2.347521092417473e-05,0.0001777354314877,0.0110912701483001,0.0655153503262211,3.649003183627301,0.1756107980297984,-0.8076067094661279,0.0460931073796899,2.0,0.1,0.1,1.0,0.25,0.25,0.4705,0.4379,1.07444622059831,0.9,0.9,0.8181818181818182,0.9090909090909092,0.1033634331922423,0.1001389450818026,0.760052833345165,0.8996903465850301,0.5549780263741897,0.1350249408003303,-0.651570153628225,0.8322807681726554,0.8742064659227877,0.9099488800721393,0.9518546954943916
21,0.0,0.0079818057664792,0.7614176858787791,1.4511172904367994e-05,0.0001552020043786,0.0085930116588761,0.0756956043506088,3.0606153347144702,0.1610683288699699,-0.8939787785773353,0.2818074005289039,2.0,0.1,0.1,1.0,0.25,0.25,0.4769,0.4389999999999999,1.0863325740318908,0.9,0.9,0.8181818181818182,0.9090909090909092,0.1048257490104224,0.0992667004798344,0.7563310005223154,0.90039653539443,0.5521171776523053,0.1350361458058444,-0.6576413218951365,0.8202757083432424,0.8661281075401634,0.9023331710355288,0.9454947425701068
22,0.0,0.0112898344197476,0.7742134687838474,1.7045088220205437e-05,0.0001492217947192,0.0122182085628207,0.0721311622898259,3.120134575364507,0.1696517612500453,-0.8245257968185674,0.1518802436803179,1.0,0.1,0.1,1.0,0.25,0.25,0.4694,0.4361,1.076358633340977,0.9,0.9,0.8181818181818182,0.9090909090909092,0.1041914918249516,0.1008969113176452,0.7524663065207812,0.8999148725748429,0.5584670647285426,0.1338428156765397,-0.6548909828460227,0.8393379897632478,0.8788558128857853,0.9076528661911786,0.9482852152726284
23,0.0,0.0107061820724967,0.7367882676177218,3.350653663734016e-05,0.0002286515986776,0.0110126019516046,0.0797813786258407,2.967555211884417,0.178237321410709,-0.8590469873428161,0.2225893928708897,1.0,0.1,0.1,1.0,0.25,0.25,0.4672,0.4394,1.0632680928538918,0.9,0.9,0.8181818181818182,0.9090909090909092,0.1058057390916421,0.1017019338565529,0.7577196995172344,0.899885229401435,0.5576341231600179,0.1349606112631959,-0.6543327210890373,0.8077582070860057,0.8550047498296761,0.8974235900699887,0.9436846894023748
24,0.0,0.0097722181403976,0.7649996586257937,6.454051942771905e-06,0.0001986313881382,0.0093845246119989,0.0842007979224006,3.439390130351865,0.1834446066513129,-0.8633729168730364,0.2556729785575564,1.0,0.1,0.1,1.0,0.25,0.25,0.4652999999999999,0.4377,1.0630568882796434,0.9,0.9,0.8181818181818182,0.9090909090909092,0.1039990462252352,0.0995610631808934,0.7684593708477171,0.9001545824205549,0.5742043648468195,0.1338113571767797,-0.6597958215655446,0.8008660446122706,0.8634569190810751,0.9015197854638608,0.9422178584128412
25,0.0,0.008354347963274,0.7275668587769117,2.5934200542798323e-05,0.0001957486101922,0.0097982712014993,0.085465726240888,3.755967052302419,0.1853330145309331,-0.8399262070699425,0.1452091526799273,1.0,0.1,0.1,1.0,0.25,0.25,0.4726999999999999,0.4282999999999999,1.1036656549147794,0.9,0.9,0.8181818181818182,0.9090909090909092,0.1046727403305508,0.1008039674466312,0.7519837961137912,0.899854979383309,0.5604792894935751,0.1344864509366686,-0.6567668831945535,0.8080631318458745,0.8603327485026488,0.8985358342023974,0.9405950855277924
26,0.0,0.006602727374222,0.7478273958394085,5.937502997798274e-06,0.0001370234568133,0.007919643847999,0.0779380829537917,3.1480966151740275,0.1886318890542166,-0.819777780547483,0.0562857661501858,2.0,0.1,0.1,1.0,0.25,0.25,0.4800000000000001,0.4327,1.10931361220245,0.9,0.9,0.8181818181818182,0.9090909090909092,0.1048886603139923,0.0987080749903931,0.7599335063188056,0.9011494054561712,0.5457778048813011,0.1352807144266135,-0.6553911168075853,0.8124623685769549,0.8575626637582634,0.8971586505605181,0.944886253541456
27,0.0,0.0057535753952029,0.7557726496820742,1.5963814350175576e-05,0.0001335893552025,0.0098245193359819,0.0704483116136862,2.979455248602348,0.1782665798604926,-0.8185972728609302,0.0944495876645015,1.0,0.1,0.1,1.0,0.25,0.2499,0.4861,0.4387,1.108046501025758,0.9,0.9,0.8181818181818182,0.9090909090909092,0.1051063419100019,0.0986156461035712,0.7521048440383457,0.8998281759600977,0.5555653690178282,0.1348838075662644,-0.6579807288463251,0.832005654456261,0.8771707815414566,0.9123532332132686,0.9462544891232356
28,0.0,0.0069626937544078,0.746177671098587,3.746708338464073e-05,0.0001743216816667,0.0078360886342336,0.0683978873020436,3.5805601881361016,0.1774522558212343,-0.8264757155855117,0.1122535582405319,1.0,0.1,0.1,1.0,0.25,0.25,0.4702,0.4421,1.0635602804795294,0.9,0.9,0.8181818181818182,0.9090909090909092,0.1050181896985911,0.0995592500241211,0.74885091596852,0.8996692233603893,0.5659793982359163,0.1337232394172713,-0.6566699329306294,0.8353537638041346,0.8816253059858216,0.9116115544692092,0.9483244214601378
29,0.0,0.0090778379448583,0.7466783315776965,3.146532225869034e-05,0.0001632777843601,0.0101241694774196,0.0752797849690899,2.6615280604893,0.188271511277555,-0.825529962754449,0.0641540866702694,1.0,0.1,0.1,1.0,0.25,0.25,0.4683,0.4394,1.065771506599909,0.9,0.9,0.8181818181818182,0.9090909090909092,0.103812651719678,0.1005591595149061,0.7607814746569421,0.9014627486136692,0.5600910954170144,0.1337764825418923,-0.648283882983743,0.8065065884395236,0.8672506661473172,0.8999709078993843,0.9441945900855416
30,0.0,0.0057739606038407,0.7427666821724646,4.0181169858564165e-05,0.000143069548667,0.0085660347681204,0.0737899348521795,2.5286652565353096,0.1861186517241706,-0.8558337970826643,0.197700560609555,1.0,0.1,0.1,1.0,0.25,0.25,0.4881,0.4448999999999999,1.0971004720161837,0.9,0.9,0.8181818181818182,0.9090909090909092,0.1062758744123683,0.1004315217458664,0.7566588998993719,0.8999264011986803,0.5713673201681915,0.1338527210568058,-0.6556901158184323,0.8123618190162589,0.8596389935459514,0.898776506793294,0.944253722191058
31,0.0,0.0087085018799371,0.7477021954134387,8.589421207332583e-06,0.0001761586308223,0.0110439368562613,0.0823383490966763,3.5338718639225464,0.1841038882223172,-0.8353878573976041,0.1559655121669871,1.0,0.1,0.1,1.0,0.25,0.2497999999999999,0.4743,0.4327999999999999,1.0958872458410354,0.9,0.9,0.8181818181818182,0.9090909090909092,0.1049117997302044,0.1000564736645297,0.7457821753655702,0.8994026639249808,0.55201265226862,0.1345919118527259,-0.6533104566910906,0.8086293656381923,0.8660582302024615,0.8959838271633235,0.9410039180088412
32,0.0,0.007614519943879,0.7410314947647746,1.9179987526860823e-05,0.0001832129264397,0.0080245444150841,0.0864247823486653,2.483853623238938,0.1873342873080418,-0.8243375894173595,0.0851049373780536,1.0,0.1,0.1,1.0,0.25,0.25,0.4783,0.4394,1.0885298133818846,0.9,0.9,0.8181818181818182,0.9090909090909092,0.1049617971905332,0.100482707314594,0.756943662351149,0.9003046061268195,0.5623039333083404,0.1336074932681848,-0.6489449509656917,0.8006768645552941,0.8617127767434147,0.8941376102808791,0.9407605330027656
33,0.0,0.0063529625910644,0.7595129784906308,3.280639870493727e-05,0.000142232438752,0.00846238100132,0.0696588975390612,2.562688864799662,0.1688549171973498,-0.8611940549402308,0.147960370663867,1.0,0.1,0.1,1.0,0.25,0.25,0.4808,0.4399,1.092975676290066,0.9,0.9,0.8181818181818182,0.9090909090909092,0.1045963283254737,0.0994421298470942,0.748011177883506,0.8997486369337989,0.5485886584710227,0.1345309536906827,-0.6611618497967406,0.8413377058179305,0.8705956011880737,0.9057515936232898,0.9475675230345586
34,0.0,0.0088592208540926,0.7464983022871656,5.809345039477313e-05,0.0001683144172034,0.0078944941460373,0.0815430938099002,3.8956008821805135,0.1831825083776713,-0.8085830820733352,0.082399321730993,1.0,0.1,0.1,1.0,0.25,0.25,0.4692999999999999,0.4354,1.077859439595774,0.9,0.9,0.8181818181818182,0.9090909090909092,0.1052272615265672,0.1003475327775313,0.7671797789338327,0.900573125351677,0.5582875606092593,0.1349947164850676,-0.6463806228998339,0.8099398643130296,0.8744194909118419,0.9044636793047388,0.9466098767384582
35,0.0,0.0090928464990168,0.7363988792986457,4.7072108277675054e-05,0.0001769781695325,0.0117111264467875,0.078402144508785,2.9407379248506813,0.1853342379336253,-0.8027151638093927,0.0432155263903775,1.0,0.1,0.1,1.0,0.25,0.25,0.471,0.4377000000000001,1.076079506511309,0.9,0.9,0.8181818181818182,0.9090909090909092,0.1040852714523292,0.1000744894320421,0.7510238201383803,0.9008737273491632,0.561536560531861,0.1332512007841405,-0.6477975861138092,0.8304234631615264,0.8684409966305988,0.905171737863572,0.9450854044353424
36,0.0,0.0078381776530992,0.7390345011357773,3.304861307887326e-05,0.0001733027238049,0.0076789294376896,0.0759696702646242,2.734198044951392,0.1763926820087263,-0.8667336763700108,0.2257264074082097,1.0,0.1,0.1,1.0,0.25,0.25,0.4723999999999999,0.4375,1.0797714285714284,0.9,0.9,0.8181818181818182,0.9090909090909092,0.1047218838886295,0.1001104914305535,0.743158244407853,0.8994552701720073,0.5501808348703862,0.134576626956742,-0.6519869267754004,0.8317256358631615,0.8656558878058833,0.9047982445822066,0.9455717822265088
37,0.0,0.0072512471839816,0.7562267677624681,1.1821511206814777e-05,0.0001893410437463,0.0070305055570866,0.083180402220916,2.865691668440163,0.1854457539743099,-0.8506031035911387,0.2353092180307636,1.0,0.1,0.1,1.0,0.25,0.25,0.4785,0.4251999999999999,1.1253527751646286,0.9,0.9,0.8181818181818182,0.9090909090909092,0.1048515839201864,0.1005333408162717,0.7679748555427307,0.9005825820601847,0.5696170835782874,0.1342781964854774,-0.6509243460601595,0.7964651991959499,0.8579260054982973,0.9018741018880452,0.9437676956653056
38,0.0,0.010713017704157,0.7320409607840319,2.6709630854202517e-06,0.0002408432048858,0.0119837533855793,0.0784624685041015,2.533635695337047,0.1751603361129395,-0.8571369913822208,0.1609232224540271,1.0,0.1,0.1,1.0,0.25,0.25,0.4696000000000001,0.4387999999999999,1.0701914311759346,0.9,0.9,0.8181818181818182,0.9090909090909092,0.1050546507646983,0.1006371231498583,0.7570225917449384,0.8989887159167544,0.5548381094014769,0.1358476251368712,-0.656286293314151,0.8099775948790608,0.8553023942658311,0.8991512762952583,0.9457880408253037
39,0.0,0.0048816985547208,0.7204322594421353,5.890216854561393e-06,0.0001413656445795,0.00416547921632,0.0712307506396264,2.807132286418206,0.182591318893495,-0.8346549314550612,0.1457307377119097,1.0,0.1,0.1,1.0,0.25,0.25,0.4921999999999999,0.4387999999999999,1.1216955332725616,0.9,0.9,0.8181818181818182,0.9090909090909092,0.105268483602709,0.0977304610688061,0.7620317088457237,0.8983055858840833,0.5496430323281437,0.1378027708753047,-0.6526037973080546,0.8295425880719337,0.8637065222001286,0.9008312479601008,0.9461542435386414
40,0.0,0.0065406624897664,0.736639161168526,3.0171676256787412e-05,0.0001371493083814,0.0075702025843058,0.0816690769100109,2.7640308454062947,0.1873002684232625,-0.8429599774809408,0.1689390057145527,1.0,0.1,0.1,1.0,0.25,0.25,0.4772,0.4336,1.1005535055350553,0.9,0.9,0.8181818181818182,0.9090909090909092,0.1058900488761314,0.0991232738774074,0.7532781194833126,0.9009759387088944,0.5608925928664596,0.1326114705175429,-0.6523464361660908,0.8227524143536226,0.8583611470385119,0.8959278608900434,0.9419120934995164
41,0.0,0.0054249700746771,0.7457993728769536,1.4738168114530008e-05,0.0001752121835586,0.0076326805388591,0.0781557391211477,3.720792452439872,0.1822869803063445,-0.8060194402871181,0.0682562117287806,1.0,0.1,0.1,1.0,0.25,0.25,0.4894999999999999,0.4407999999999999,1.110480943738657,0.9,0.9,0.8181818181818182,0.9090909090909092,0.1046269292390648,0.0975216126036851,0.7441847575969388,0.8987416875851049,0.5434233482343179,0.1357985517281058,-0.6473578346937244,0.8188790244079243,0.8643289105935412,0.9021967752997968,0.944589346230865
42,0.0,0.0081741359250393,0.7416047945837152,2.428997862765099e-05,0.0001647355647715,0.0097198335296185,0.0725726809263106,3.2520096623871,0.1722784398544298,-0.8277200291287806,0.1331874208881909,1.0,0.1,0.1,1.0,0.25,0.25,0.4754,0.434,1.0953917050691246,0.9,0.9,0.8181818181818182,0.9090909090909092,0.1056275022915861,0.0997331563249952,0.7558897690231943,0.8991562960446848,0.5587677970536796,0.1355112619941976,-0.6518512100474405,0.8238891872464342,0.8651431084386006,0.906045523285282,0.9455089274696088
43,0.0,0.0062010451590353,0.7445063265558534,9.417877950780369e-06,0.0001396809091682,0.0084804433387782,0.0646608401784528,3.67712102797596,0.1668793965850986,-0.8319774274542204,0.1414226158760669,1.0,0.1,0.1,1.0,0.25,0.25,0.4737999999999999,0.4415,1.0731596828992072,0.9,0.9,0.8181818181818182,0.9090909090909092,0.1061295777193387,0.09939820103472,0.7558096505476039,0.8974396152181817,0.5667215903976087,0.1360933471210393,-0.6527387436142671,0.8190945219754595,0.8639168466846774,0.9055153774215008,0.9516882810433877
44,0.0,0.0063817565996431,0.7241084710218451,1.4978140186544652e-05,0.0001609341778239,0.0071640203598207,0.0758480094356691,2.757089823701819,0.1819424265160869,-0.8236089546184499,0.0967309216551268,1.0,0.1,0.1,1.0,0.25,0.25,0.4739000000000001,0.4401,1.0768007271074758,0.9,0.9,0.8181818181818182,0.9090909090909092,0.1044580530008976,0.0996400089765485,0.7515820034057756,0.900605045761076,0.5623537562630907,0.1329836118581502,-0.6483112120181435,0.8328746202527384,0.8633302146582948,0.8993874732422937,0.947339298956042
45,0.0,0.0102666436630509,0.7685133850487161,2.9585394902245075e-05,0.000164677240589,0.0108328261839786,0.0868999115266587,2.9196044670964403,0.1884770651941153,-0.8475236457029331,0.1555298161640621,2.0,0.1,0.1,1.0,0.25,0.25,0.4744,0.4305,1.101974448315912,0.9,0.9,0.8181818181818182,0.9090909090909092,0.105940566834747,0.101021103157056,0.7634987432148869,0.9009574888277068,0.5736933174351517,0.1332149204717752,-0.6619796075323546,0.8086577463000196,0.8657078954082085,0.9024424174235066,0.9425567306434416
46,0.0,0.0092920738190603,0.776791458475088,1.613213233304646e-05,0.0001563692867747,0.0094474560991264,0.0773613397603745,2.112351610653192,0.1764391359458282,-0.8229471434035063,0.1422516269832625,1.0,0.1,0.1,1.0,0.25,0.2501,0.4705,0.429,1.0967365967365967,0.9,0.9,0.8181818181818182,0.9090909090909092,0.1045413213302669,0.1001799519273914,0.7567993539804122,0.9020845531665664,0.5564350361106924,0.1335680960491063,-0.652537492260897,0.8183769740635982,0.8642738945911302,0.9047682474774812,0.9473960875295996
47,0.0,0.0085426158756668,0.727126124891933,3.0102677775931127e-05,0.0002198740906253,0.0094151972023118,0.0850038086402676,2.6330208778913606,0.1882544983792246,-0.7973112675008267,0.03802806590397,1.0,0.1,0.1,1.0,0.25,0.25,0.4751999999999999,0.4305,1.1038327526132403,0.9,0.9,0.8181818181818182,0.9090909090909092,0.1043351652490473,0.0998750559360149,0.7589222169819441,0.899716884016117,0.5575211636346067,0.1353681013723947,-0.6490904775033095,0.8229027100906098,0.8597161559200506,0.8966875384781621,0.9414857673690996
48,0.0,0.0119152196228614,0.7388194716653476,2.8257328215588355e-05,0.0001995235846568,0.0135817638186553,0.0843737716960734,3.234405202836895,0.1891914338020344,-0.8442771631293751,0.1476976880964708,2.0,0.1,0.1,1.0,0.25,0.25,0.4643,0.4225,1.0989349112426037,0.9,0.9,0.8181818181818182,0.9090909090909092,0.1053094296245621,0.1026144590685211,0.7546339905701617,0.8989108337893286,0.5480482230459327,0.1362353335241046,-0.6517277833083825,0.8148497459546653,0.8649785267577401,0.9012458434191288,0.9476725576119832
49,0.0,0.0055712478564636,0.7414904359652242,2.096601896872318e-05,0.0001404221880842,0.0059828609326275,0.0709572785440799,3.234182432586101,0.1736854322046903,-0.7902394308293949,-0.0711300693274261,2.0,0.1,0.1,1.0,0.25,0.25,0.479,0.4426,1.0822413014008134,0.9,0.9,0.8181818181818182,0.9090909090909092,0.1052102805679579,0.1000635456910065,0.7543335841498926,0.9003711188736793,0.5569288378339698,0.1342202383244381,-0.6491163776675882,0.8151949725669956,0.8685105113190313,0.9021999247389438,0.9476331719079316
50,0.0,0.0106412647465389,0.7549758069093918,2.9346711665851554e-05,0.0001729363235746,0.0126795268445571,0.0862649342521177,2.917415835774757,0.1862598981624689,-0.8413446461046307,0.1507892865116455,1.0,0.1,0.1,1.0,0.25,0.25,0.4662,0.4235,1.1008264462809918,0.9,0.9,0.8181818181818182,0.9090909090909092,0.105615014421235,0.1018678039301694,0.7639605235903936,0.9015259975160748,0.5721993977942301,0.1323826459809673,-0.6549447979642226,0.8044032358940065,0.8655807132932571,0.8952785334270025,0.9423307699176268
51,0.0,0.008028534140948,0.7390445011453244,4.168115568101443e-06,0.0001565343671171,0.009761404415828,0.0751336041418038,2.86082349450033,0.1816380943279842,-0.8187577111082978,0.0952092153956192,1.0,0.1,0.1,1.0,0.25,0.25,0.4711,0.4322,1.0900046274872743,0.9,0.9,0.8181818181818182,0.9090909090909092,0.1043170166093716,0.0993606891019314,0.7504456759030709,0.9001611906669887,0.5598288591677016,0.1338890237939171,-0.6522153730161182,0.8255626977382802,0.877831512480678,0.9055909411879176,0.9441467011990796
52,0.0,0.0105321297374095,0.7443034627552403,2.676284972756928e-05,0.0002036462502849,0.0115537481959892,0.0745036489769829,2.458043753306497,0.1732995665784427,-0.8451060851886494,0.181224646640481,1.0,0.1,0.1,1.0,0.25,0.25,0.4738,0.4399,1.0770629688565585,0.9,0.9,0.8181818181818182,0.9090909090909092,0.1049445199103543,0.1009448255427868,0.760132387068753,0.9009675971967224,0.5637115595782967,0.1329785447843842,-0.65554201137967,0.8075359426399831,0.8597555674055987,0.9042808123325216,0.9453867947750364
53,0.0,0.0086890666151668,0.7550916218339561,1.1607883672745254e-05,0.0001788159700459,0.0094897914566357,0.0749211187877529,2.877085045234327,0.1788969726043904,-0.8024456385144921,0.0527547113621404,1.0,0.1,0.1,1.0,0.25,0.25,0.4739000000000001,0.4347,1.0901771336553947,0.9,0.9,0.8181818181818182,0.9090909090909092,0.1052528055456401,0.1006021058442202,0.7419605582747282,0.9020240512108644,0.5478333788909248,0.131960013521682,-0.652268531389224,0.8429211915385549,0.8797921404632315,0.9075683209959384,0.9471018833748098
54,0.0,0.0077671981712521,0.744043922695009,2.8427975945080637e-05,0.0001666704667929,0.009123826427323,0.0695861040646766,3.775167747963768,0.1741477518994403,-0.8473046645189093,0.1601689737411349,1.0,0.1,0.1,1.0,0.25,0.25,0.4817,0.4444999999999999,1.0836895388076493,0.9,0.9,0.8181818181818182,0.9090909090909092,0.1046785968180415,0.100751510120324,0.7559701981336552,0.8987577184383724,0.5673434267902999,0.1351781319169513,-0.6525640373154304,0.821395756927875,0.8757382598696103,0.9061886792616044,0.9503655876365684
55,0.0,0.0083197166433762,0.7392404926973442,1.4632112502687775e-06,0.0001296932138888,0.0101746368267567,0.080139569277513,3.3543213767336346,0.1952763389768359,-0.8367327138035718,0.0757212907486719,1.0,0.1,0.1,1.0,0.25,0.2501,0.4747,0.4330999999999999,1.096051720157008,0.9,0.9,0.8181818181818182,0.9090909090909092,0.1045454307941307,0.0991909791608885,0.7470501219986269,0.900562140711317,0.545485966307852,0.134185109728347,-0.6537846510849143,0.8249260967494744,0.8645646390087255,0.8987319949206447,0.9412759478469612
56,0.0,0.0088281206130843,0.7418397463102091,4.296186480198675e-05,0.0001803934944699,0.0091337576741027,0.0712524936112709,3.037820055867441,0.1742129163922868,-0.8121953214905075,0.0871613223173306,1.0,0.1,0.1,1.0,0.25,0.25,0.4697000000000001,0.4365,1.0760595647193587,0.9,0.9,0.8181818181818182,0.9090909090909092,0.1044735181075154,0.1000411695129467,0.7486906537856369,0.8993620873671138,0.5638164513247264,0.1341368392401347,-0.6503323112152812,0.8254837241419013,0.8709538014533442,0.9026753514581636,0.9476803141365092
57,0.0,0.0089391818938966,0.711482262745673,8.369592613158646e-07,0.0002204216807477,0.0126951041230802,0.0829167730873958,4.41483847515809,0.1828001954400124,-0.7866130976157818,-0.0048683676149718,1.0,0.1,0.1,1.0,0.25,0.25,0.4713999999999999,0.4298999999999999,1.0965340776924866,0.9,0.9,0.8181818181818182,0.9090909090909092,0.104528658680699,0.0994625319817294,0.7550377333857355,0.9010526633319748,0.5454585381597076,0.1344064297955895,-0.6477266270215458,0.8316753598134833,0.8665091784625691,0.9014829305342016,0.9458328012228472
58,0.0,0.0067497734489271,0.7534873494233858,3.89544332241191e-05,0.0001542219327643,0.0076908020313973,0.0772345714257819,2.4178249642642253,0.1817946462290867,-0.8147097514351993,0.0791613998890317,1.0,0.1,0.1,1.0,0.25,0.25,0.4816,0.4425,1.0883615819209038,0.9,0.9,0.8181818181818182,0.9090909090909092,0.1051976699836731,0.0991570245811913,0.7626276199348566,0.9001876086097491,0.5593501204220863,0.1347770895352416,-0.6451901510707085,0.8217540120502774,0.8586991321716299,0.8943919013826276,0.9428005877573552
59,0.0,0.009063765646103,0.7600475432866186,1.2253358992836935e-05,0.0001737855133462,0.0109043568341236,0.0776316728873037,2.938883211971413,0.1836387883660877,-0.8347258236032115,0.123926249202424,1.0,0.1,0.1,1.0,0.25,0.25,0.4806,0.4419,1.0875763747454177,0.9,0.9,0.8181818181818182,0.9090909090909092,0.1042118482761313,0.1015990813960686,0.7641338250925735,0.9007033532198144,0.5632085164277053,0.1345979239972588,-0.6518648163254368,0.8136651589255852,0.8718251183618616,0.9048918792839824,0.9451643114436784
60,0.0,0.0078860533063823,0.7374349447923634,3.2485180656760044e-06,0.0001569292755491,0.0106434638599086,0.0731263453105386,3.1325889592295253,0.1840896623650492,-0.8197131585832778,0.0883979721889103,1.0,0.1,0.1,1.0,0.25,0.25,0.4713,0.4315,1.092236384704519,0.9,0.9,0.8181818181818182,0.9090909090909092,0.1039260730258377,0.0995796689858182,0.7421004890570232,0.8994276546658511,0.5545393860543897,0.1338665423030923,-0.6504154814173108,0.830985971576208,0.8705158837462228,0.9053567949488937,0.9436471920790792
61,0.0,0.0052896766474329,0.7279803681791018,2.130503469871779e-06,0.0001784244665496,0.0055160583301631,0.0675794048248895,2.8511363518118404,0.1642619625566704,-0.8064925358336316,0.1051471521589038,1.0,0.1,0.1,1.0,0.25,0.25,0.4807,0.453,1.0611479028697572,0.9,0.9,0.8181818181818182,0.9090909090909092,0.1054137394503728,0.0982674133528621,0.7639752182017384,0.8999961895163767,0.5590016013931933,0.1350376754963799,-0.6586035581270715,0.8286297744849244,0.8762202100155533,0.9047274050333386,0.9470494541655315
62,0.0,0.0054016982313352,0.7633834640606295,2.460376692142154e-05,0.0001428105818413,0.0060370026899484,0.0668547027006633,3.2789209871852334,0.1764647009452844,-0.8290398655414498,0.1680868398875414,1.0,0.1,0.1,1.0,0.25,0.25,0.4773,0.4421,1.0796199954761367,0.9,0.9,0.8181818181818182,0.9090909090909092,0.1042976884010723,0.098247879067141,0.756660893320785,0.900021355373337,0.5523375474187912,0.1349436167747009,-0.6540350479571501,0.8326743203886086,0.8781781546468004,0.9054149481700122,0.9524831959537434
63,0.0,0.009488245233268,0.7170532042316173,2.820827036605871e-05,0.000180181823089,0.0101559738148476,0.0801629430513608,2.391254790264836,0.1813306038003138,-0.8105382534267129,0.0450784476512184,1.0,0.1,0.1,1.0,0.25,0.25,0.4779,0.4325,1.104971098265896,0.9,0.9,0.8181818181818182,0.9090909090909092,0.1053934558939164,0.0998320889823375,0.7643500319091201,0.9006782255884767,0.5615452786904187,0.133607284131095,-0.6455696340811452,0.8158474638515885,0.8570669440351237,0.8959375092035471,0.9439361200005824
64,0.0,0.0103429545386631,0.7613337554214624,1.3175502017230122e-05,0.0002154203668332,0.0130809553007966,0.0881704418652812,3.055199892835507,0.1954550326291783,-0.8512087151916222,0.168730801994501,1.0,0.1,0.1,1.0,0.25,0.25,0.4725,0.4317,1.0945100764419735,0.9,0.9,0.8181818181818182,0.9090909090909092,0.1050546353398321,0.1008316894225309,0.776605084863032,0.9006563398035349,0.5770017782515994,0.1334165915156704,-0.6563235073835447,0.8013142053351706,0.8574915378918664,0.8952692070833876,0.9360070213072
65,0.0,0.0081698389828235,0.759975318956835,1.0953536303947867e-05,0.000134985248244,0.0080464331867672,0.081643786763213,2.9543201452611183,0.1850614079868299,-0.8077780576868364,0.0639386607145935,1.0,0.1,0.1,1.0,0.25,0.25,0.4683,0.4421,1.0592626102691698,0.9,0.9,0.8181818181818182,0.9090909090909092,0.1051579295115499,0.1012138272969974,0.7579450626766269,0.9002483765342455,0.5562383943000636,0.1341453297036641,-0.6550548352517569,0.8168859619115484,0.871715466336702,0.9025777841106432,0.9446294780699166
66,0.0,0.0092772260187805,0.7575424716768474,6.273581597341561e-08,0.0001866491485848,0.0096697134084815,0.0798503921056449,2.7200437678279195,0.1731769906084128,-0.8442039618417136,0.2288507296879389,1.0,0.1,0.1,1.0,0.25,0.25,0.4689,0.4340999999999999,1.0801658604008295,0.9,0.9,0.8181818181818182,0.9090909090909092,0.1048294046261729,0.0992343409278062,0.7567750124098882,0.9010210466040308,0.5624478448400507,0.1335555382177395,-0.6535859115247601,0.8024992913126081,0.8574817282352287,0.8950711025810847,0.946489578096836
67,0.0,0.0065169632301682,0.7490477511682619,4.054023670324052e-05,0.0001509777398406,0.0082609873223248,0.0706447449921803,3.5173200338793587,0.1717581859170222,-0.8092861957389873,0.0643034731018032,1.0,0.1,0.1,1.0,0.25,0.2501,0.4806,0.4418,1.0878225441376188,0.9,0.9,0.8181818181818182,0.9090909090909092,0.1040281695859635,0.0977955304181031,0.7655613688339343,0.899661426581657,0.5480059081480342,0.1364149659431598,-0.6557590942057996,0.8329504627853063,0.8758509840716338,0.9099109682613776,0.9474465530458552
68,0.0,0.0085961521941138,0.7611498811690773,1.819940502748594e-05,0.0001423548916477,0.0095458636508076,0.0786441158524338,3.13393070790999,0.1792474958633476,-0.815788905461983,0.1010948173418633,1.0,0.1,0.1,1.0,0.25,0.25,0.4774,0.4333999999999999,1.101522842639594,0.9,0.9,0.8181818181818182,0.9090909090909092,0.1040436365350535,0.1007179188608375,0.7515578335206456,0.8985174838241516,0.551547552861116,0.1362336248788971,-0.6529450661753464,0.8107551502700846,0.8707156433217523,0.9018647518463762,0.9425379577681922
69,0.0,0.0058921461683234,0.7440480565019658,2.136899249147638e-05,0.0001200361260766,0.0064335090946464,0.07135279303676,2.4195589288666013,0.1749566070835657,-0.8288469898099935,0.1836813013111404,1.0,0.1,0.1,1.0,0.25,0.25,0.4831,0.4461,1.082941044608832,0.9,0.9,0.8181818181818182,0.9090909090909092,0.1044431790187632,0.0981691802672117,0.751946425028884,0.8999691844747352,0.5567339670712876,0.1340949108264376,-0.6594537392403477,0.8158792821204571,0.8642860149903818,0.9004226724004627,0.9482540020786128
70,0.0,0.0072101810670482,0.754260332056514,1.0057830779599656e-05,0.0001694847176865,0.0109874696378143,0.0709335570740407,2.911543396343095,0.1783788518214637,-0.8157155897475641,0.0997149479297476,1.0,0.1,0.1,1.0,0.25,0.25,0.4777999999999999,0.4324,1.104995374653099,0.9,0.9,0.8181818181818182,0.9090909090909092,0.105692613535091,0.0997539761300016,0.7512268838293157,0.8981817034205845,0.5488384377673129,0.1372415427047607,-0.6544764107410195,0.8376253263295793,0.8832891703395339,0.9091900751608496,0.946548551793434
71,0.0,0.0090428002147207,0.7435441821756447,2.3290667501403864e-05,0.0001992939967387,0.0089588759033143,0.0782752851264095,2.8347646706066145,0.1763160667873423,-0.8057977568336406,0.0892703652817328,1.0,0.1,0.1,1.0,0.25,0.25,0.4695999999999999,0.4364,1.076076993583868,0.9,0.9,0.8181818181818182,0.9090909090909092,0.1045520688706781,0.100665892034884,0.7663980367112608,0.9009361537666604,0.5709625070351343,0.1331877132953617,-0.6469395520546037,0.8110030141244211,0.8570681672833057,0.8980465137102661,0.9451194553167724
72,0.0,0.0061681050261733,0.7335187160024355,3.472976360380966e-05,0.0001617386209235,0.0062259837921856,0.0709821295094355,2.842144489055742,0.1676929925161999,-0.8492346998018353,0.1879491749842903,1.0,0.1,0.1,1.0,0.25,0.25,0.4768,0.4418,1.07922136713445,0.9,0.9,0.8181818181818182,0.9090909090909092,0.1051671640233877,0.0985319593619192,0.7454099680157947,0.8992973380072369,0.5418359912527426,0.1350842374124806,-0.6532924107389959,0.8278301947134069,0.8728399907939766,0.9058768107518744,0.9492104655700884
73,0.0,0.0116505019738124,0.7690911185907275,3.630076745306897e-05,0.0001541886816228,0.0109721681953151,0.0763155010454097,4.703171451105544,0.1776001237189568,-0.8390333352757708,0.1742722923756976,1.0,0.1,0.1,1.0,0.25,0.25,0.4701000000000001,0.4374,1.0747599451303156,0.9,0.9,0.8181818181818182,0.9090909090909092,0.1055378059795175,0.102062903760006,0.7634031050869463,0.9002760671537189,0.5640881781561657,0.1340645440332264,-0.6573316131167323,0.818190742210892,0.8742253742576138,0.9100580973882008,0.9505359995696188
74,0.0,0.0079037852479254,0.7246343455597704,1.183994546669636e-05,0.0002006887251268,0.0093068222044437,0.0708255773316878,3.1523415323944266,0.1835624872270823,-0.8426029261937246,0.1186634922107257,1.0,0.1,0.1,1.0,0.25,0.25,0.4766,0.4399,1.0834280518299613,0.9,0.9,0.8181818181818182,0.9090909090909092,0.1050274844503011,0.0987607958345847,0.7512865277761239,0.8983961715194242,0.555090075730167,0.1356146741027379,-0.6518415667048328,0.8130075899739065,0.8646645125279016,0.9071560830851376,0.949462120121268
75,0.0,0.0086820770823174,0.7533781030165304,4.813561946390218e-05,0.0001561258602678,0.0107191695291168,0.0798348913252448,2.836880348768613,0.174249189250693,-0.8175306410765928,0.0591502560983885,1.0,0.1,0.1,1.0,0.25,0.25,0.4684999999999999,0.4381,1.069390550102716,0.9,0.9,0.8181818181818182,0.9090909090909092,0.1042467036973043,0.1002471213912277,0.7471863769233014,0.9000762927652667,0.5463094611636232,0.1349204544094053,-0.6502178982801503,0.8219325103756121,0.8655220640782818,0.8976343800932957,0.9432526323780246
76,0.0,0.00776933598353,0.7515431267760183,4.124570425705762e-05,0.0001351520259611,0.0070756311766339,0.0652388898371396,3.50300459280909,0.1588821154912731,-0.8636647294645473,0.2241975562851181,1.0,0.1,0.1,1.0,0.25,0.25,0.4738,0.4456,1.0632854578096949,0.9,0.9,0.8181818181818182,0.9090909090909092,0.1033285920361784,0.1000142558277621,0.7494634046311427,0.8993110092912766,0.5507330777118964,0.1352731377692294,-0.6587921243675767,0.8327942199866372,0.8728668062310109,0.9142625966439184,0.9515822991200285
77,0.0,0.0064589214432084,0.7344208420394862,3.654595057288874e-05,0.0001525503213437,0.0073350689643401,0.0765161088836157,3.758148619468213,0.1701703845989477,-0.833605621092879,0.1132418823812586,1.0,0.1,0.1,1.0,0.25,0.25,0.4770999999999999,0.4311,1.1067037810252842,0.9,0.9,0.8181818181818182,0.9090909090909092,0.1037538059604608,0.1000273473338069,0.7618237686926922,0.8995263924583103,0.5609165156849677,0.1340760088574814,-0.6525242930849516,0.8285441745264047,0.8590358472892449,0.8970856345945648,0.9455115078447758
78,0.0,0.0074889364336335,0.7590932995732745,3.196429664239198e-05,0.0001256119953805,0.0091919348462496,0.0645103858851151,2.552568243063044,0.1717354496523758,-0.804539964477753,0.0866314764546234,1.0,0.1,0.1,1.0,0.25,0.25,0.4782999999999999,0.4453999999999999,1.0738661876964526,0.9,0.9,0.8181818181818182,0.9090909090909092,0.105720851188323,0.0991465975486975,0.74826248154543,0.8993223231221664,0.547294233035778,0.1353817125644725,-0.6544939099167429,0.8273153066699018,0.8836024473089326,0.9088200510165704,0.9505317746209484
79,0.0,0.0082757560847074,0.7364041673937051,1.6271337109324255e-05,0.0001420451385684,0.0094122526575995,0.0789075483813194,2.595326644358172,0.1801994467778666,-0.8161537755709583,0.094325320533863,1.0,0.1,0.1,1.0,0.25,0.25,0.4782,0.4338999999999999,1.1020972574325882,0.9,0.9,0.8181818181818182,0.9090909090909092,0.1056406072304117,0.1009961875922829,0.758579738551526,0.9008291017644122,0.5565351155471795,0.1338033190947024,-0.6513246303702347,0.7989196110648297,0.8647147256926082,0.903064261904095,0.9453943018187602
80,0.0,0.0062590602335169,0.7549857288764635,8.156182284875672e-06,0.0001640839879951,0.0080144051731416,0.0719141340963305,3.194457995878636,0.1845331455440001,-0.8531394210782601,0.1908328929827538,1.0,0.1,0.1,1.0,0.25,0.25,0.4871,0.4445999999999999,1.0955915429599643,0.9,0.9,0.8181818181818182,0.9090909090909092,0.1048436014064193,0.0988709942066801,0.7566343517780384,0.9020800995147136,0.5616915014514114,0.1324898117143541,-0.6512622240913477,0.8286391964451588,0.8744774274223235,0.902249795444164,0.9482151732787976
81,0.0,0.0058472841689575,0.7303673467679551,2.9714655048589334e-06,0.0001476523476911,0.0073478611024685,0.0733200624671966,2.9839581461780527,0.1854436578480238,-0.8523979676084229,0.2316546813490405,1.0,0.1,0.1,1.0,0.25,0.25,0.4829,0.4357,1.108331420702318,0.9,0.9,0.8181818181818182,0.9090909090909092,0.1054685965882791,0.0982137615362548,0.7501489477585632,0.8987325819574278,0.5571055497575892,0.1348382875454152,-0.666610972522279,0.8151251860536046,0.8641157889996847,0.8960427178822971,0.9471419517719248
82,0.0,0.0083551669712423,0.732191326220244,1.5878295830280234e-05,0.000193148836745,0.0090140364460025,0.0703357556392408,2.8052479278470748,0.1725953200321431,-0.8290509457997564,0.1448874806352593,1.0,0.1,0.1,1.0,0.25,0.25,0.4654,0.4346,1.0708697653014263,0.9,0.9,0.8181818181818182,0.9090909090909092,0.105354809317561,0.1005284490236712,0.760439399738753,0.9014721550225816,0.5654913917105938,0.1324925714128467,-0.6540762564327375,0.8068512590534618,0.8706823852096276,0.9054214580913762,0.9487826033441862
83,0.0,0.0052231352766287,0.7350926612046035,2.702529249018401e-05,0.0001529649217729,0.0051921031791731,0.0684697215194717,3.062940216563842,0.1675402632511635,-0.8163475976887893,0.0694267135688111,1.0,0.1,0.1,1.0,0.25,0.25,0.4833,0.4418999999999999,1.093686354378819,0.9,0.9,0.8181818181818182,0.9090909090909092,0.1058108498148969,0.0997200606614482,0.7518231059176009,0.8994346496603987,0.5564042685388166,0.1351348942990178,-0.651080539949856,0.8352022227512496,0.8857540469695198,0.9136502117013496,0.9496377439557794
84,0.0,0.013050836673309,0.769044749856182,1.8031167322399457e-05,0.0002053488049232,0.0116794423651782,0.0797944144755724,2.6427931754634097,0.1906957841315659,-0.8486456068481754,0.1780224298841672,1.0,0.1,0.1,1.0,0.25,0.25,0.4652999999999999,0.4352999999999999,1.068917987594762,0.9,0.9,0.8181818181818182,0.9090909090909092,0.1038935975492515,0.1016963282923912,0.7504001607385924,0.8981935411252226,0.5602246876608402,0.1354587929884649,-0.6587938032837333,0.7988445352779879,0.8595414915413611,0.8989801065157662,0.9463243227669078
85,0.0,0.0082315525079442,0.7578812421427557,4.903092589298472e-05,0.0001412679734185,0.0102742693978895,0.077655519250488,2.6420560096855787,0.1848515157812073,-0.8194451729122659,0.1057269624774268,1.0,0.1,0.1,1.0,0.25,0.25,0.4827,0.4402999999999999,1.09629797865092,0.9,0.9,0.8181818181818182,0.9090909090909092,0.104829021884753,0.1006310680045514,0.7672477740963285,0.901359180015354,0.5693839822265786,0.1327880189465641,-0.6517032862391986,0.8174444160745503,0.8551117826812267,0.8965608818828525,0.9451194530280546
86,0.0,0.0101431561358775,0.7593052394471498,1.5526004181966642e-05,0.000146922390898,0.0108759587501644,0.0757080690958896,2.432474159223469,0.1747064681238385,-0.8179297109609773,0.1124851902058887,1.0,0.1,0.1,1.0,0.25,0.25,0.4785,0.438,1.0924657534246576,0.9,0.9,0.8181818181818182,0.9090909090909092,0.1046597961305516,0.1007199964173014,0.7680897346894114,0.9012565415427548,0.5707392210798361,0.1324218336255154,-0.6506872834827282,0.8182957338667606,0.8660336897446597,0.8994029328276721,0.9464025964461178
87,0.0,0.0127467347155939,0.7496672037691708,3.225831169255499e-05,0.0001653737572725,0.0140754263616235,0.0796223844535117,3.005356082076478,0.1850736853109924,-0.8289818700245786,0.1428302002378059,1.0,0.1,0.1,1.0,0.25,0.25,0.4683,0.4318000000000001,1.0845298749421026,0.9,0.9,0.8181818181818182,0.9090909090909092,0.1058114869841905,0.1034657209690613,0.7630286757441116,0.9010353965251048,0.556042984835984,0.134463114648254,-0.6459948532910671,0.8285025832986018,0.8706875788187913,0.9067482030393218,0.9446953083674446
88,0.0,0.0100730168867335,0.7357206182926467,1.045119910930661e-05,0.0001905194117736,0.011225083384229,0.0772866462858187,3.397050148961914,0.176110362441885,-0.8090869906616951,0.0121266495094225,1.0,0.1,0.1,1.0,0.25,0.25,0.4704,0.4357,1.0796419554739498,0.9,0.9,0.8181818181818182,0.9090909090909092,0.1054187492740539,0.1003719778849216,0.7554375529711863,0.8991333308134813,0.5602875933633507,0.134700167988963,-0.650763375289034,0.8331599495180579,0.867294017674462,0.9010003839947264,0.9442719145414183
89,0.0,0.010396903105651,0.7483522216160775,2.550754612768608e-05,0.0001751131145752,0.0129068460159075,0.0677248840722331,2.862023687946472,0.1771454299297336,-0.8093317161662099,0.0677505511287979,1.0,0.1,0.1,1.0,0.25,0.2501,0.4692,0.4431999999999999,1.058664259927798,0.9,0.9,0.8181818181818182,0.9090909090909092,0.1046799253513919,0.1012963331363254,0.7466368811618396,0.9006069139004683,0.5586232665275466,0.1326964882042767,-0.6532042675895693,0.8396608964225089,0.879250556897053,0.9059419126871844,0.9499258230174874
90,0.0,0.0061384903267899,0.7515865593145232,3.698684182232132e-05,0.0001503553121252,0.0072905276836988,0.0767367908746424,3.006991100442432,0.186106886863969,-0.8173386635432676,0.0880091471774529,1.0,0.1,0.1,1.0,0.25,0.25,0.4798,0.441,1.087981859410431,0.9,0.9,0.8181818181818182,0.9090909090909092,0.1058763313685829,0.0989869713401964,0.755913689765082,0.9000075194822847,0.5577062816049864,0.1356268003403504,-0.6521466371432053,0.8280447814984937,0.878141648256548,0.9056243102394584,0.9451222526215094
91,0.0,0.0078594813071506,0.7429432251207437,3.0107962681025663e-05,0.0001567584145293,0.0081121002537204,0.0750483690073202,3.06205008716505,0.1667191851560301,-0.8206463231673544,0.1198221862935793,1.0,0.1,0.1,1.0,0.25,0.25,0.4764,0.4383999999999999,1.0866788321167886,0.9,0.9,0.8181818181818182,0.9090909090909092,0.105857926942068,0.0996450969159293,0.7506385597377678,0.8997933625935118,0.5498579232757589,0.1356778116643935,-0.6551532371664205,0.8285169064151879,0.8789045930144859,0.9120023179685184,0.9456786796430654
92,0.0,0.0059056184819639,0.7532278987657216,3.8184446018245854e-05,0.0001297204487598,0.0076470107496258,0.0779474706647836,3.0323924790401584,0.1844635131766154,-0.8372796273051691,0.1087923984258294,1.0,0.1,0.1,1.0,0.25,0.25,0.4819,0.4342,1.109857208659604,0.9,0.9,0.8181818181818182,0.9090909090909092,0.1053426411050174,0.0988844840633519,0.7660199415594476,0.901740930586066,0.5585621589816963,0.1337202327850307,-0.6563638139492517,0.8170220585789044,0.8720132819609171,0.9034240907586945,0.9420814287865208
93,0.0,0.0067881698081332,0.7428200778827352,1.4627303374975986e-06,0.000149530154772,0.0078775649356187,0.0802403917218264,3.637956430586816,0.1767903652140559,-0.8306220095032846,0.1132987639964464,2.0,0.1,0.1,1.0,0.25,0.25,0.4763,0.4411,1.0798004987531171,0.9,0.9,0.8181818181818182,0.9090909090909092,0.1061991660064522,0.0989708465504473,0.7559722800328446,0.9012526511565896,0.5619218066075327,0.1335515317665708,-0.6582467871299282,0.8255240889402002,0.8645480572762165,0.8972364850662282,0.9434492932993204
94,0.0,0.0067229375279316,0.7551624967963247,3.957889353523851e-05,0.0001352798455816,0.0108163320699091,0.0737849561359539,3.017601660868923,0.1845303855781492,-0.8092032462079773,0.0642955054762546,1.0,0.1,0.1,1.0,0.25,0.25,0.4833999999999999,0.4418999999999999,1.0939126499207965,0.9,0.9,0.8181818181818182,0.9090909090909092,0.1042505186060249,0.1000372034091611,0.7598183068982847,0.9017089559694108,0.5632395915525213,0.1327157469641062,-0.6450672829138819,0.8146560736520261,0.865351436403693,0.9023280496931382,0.9467372263344784
95,0.0,0.0073595511064717,0.7442117704687322,3.133959311135038e-05,0.0001621950762517,0.0076790067393798,0.0776953284223044,2.570108552358984,0.1714138826794911,-0.8433982456547107,0.1638279360764762,1.0,0.1,0.1,1.0,0.25,0.25,0.4777,0.4397999999999999,1.0861755343337882,0.9,0.9,0.8181818181818182,0.9090909090909092,0.1046679075287062,0.09934159174209,0.7539370651024779,0.899098019575638,0.5531132755944784,0.135549591073459,-0.6417966534055106,0.8204600753567934,0.8609475360043566,0.8968412736203404,0.9425483746203916
96,0.0,0.0066173330169572,0.7432722442108605,8.325628421722062e-06,0.0001537638469781,0.0068292069946666,0.0728971550232684,2.6621903898434485,0.1753957136538508,-0.8535732928954182,0.2008660671791671,1.0,0.1,0.1,1.0,0.25,0.25,0.4838999999999999,0.4447,1.088149314144367,0.9,0.9,0.8181818181818182,0.9090909090909092,0.1057045462036102,0.0986190479692354,0.7685386317950431,0.9007542269851672,0.5705751074970227,0.1340777195222955,-0.6579608898267801,0.8130968663994077,0.8625410720820724,0.8955241244172759,0.9452235184384572
97,0.0,0.0061047044836274,0.749362058421031,4.450097429556359e-06,0.000145432732046,0.0058108098170679,0.0695291588953491,2.782146873112216,0.1761102376089527,-0.8113952670469459,0.0564691864558546,1.0,0.1,0.1,1.0,0.25,0.25,0.4826,0.4577,1.0544024470176974,0.9,0.9,0.8181818181818182,0.9090909090909092,0.105369435556298,0.1001481193439572,0.7641362805740602,0.9008554081907516,0.5537701260980533,0.1349666347323419,-0.6549684009099287,0.8161163453575014,0.8624849399050006,0.8972639710830493,0.9474238029606616
98,0.0,0.0073174368838891,0.7339072202338018,8.903116159985757e-07,0.0001855532303713,0.0095856518339302,0.076768857220539,2.484162557402223,0.1953869473350409,-0.825836915242252,0.1105027766473081,1.0,0.1,0.1,1.0,0.25,0.25,0.4797,0.4383,1.0944558521560577,0.9,0.9,0.8181818181818182,0.9090909090909092,0.1059885078880341,0.1010076872803094,0.7617091857859184,0.9015037355128362,0.5588875377733922,0.1335538380549787,-0.6632202056828795,0.8170535845664424,0.8651487112479479,0.8979514677441679,0.942948694092386
99,0.0,0.0088483687524192,0.7655175308955946,5.193178322977935e-06,0.0001782260545323,0.0099709759847406,0.0778041035898975,3.209786630573909,0.1850590146184269,-0.8660771078713486,0.2762185316313301,1.0,0.1,0.1,1.0,0.25,0.25,0.4716999999999999,0.4402,1.0715583825533843,0.9,0.9,0.8181818181818182,0.9090909090909092,0.1049599174377548,0.1004416749922841,0.7546974800304587,0.8993526656027491,0.5560462758954693,0.1346063515561186,-0.6491259079503546,0.8270298803270636,0.8753663504410024,0.9072480146895372,0.9464971643478244
