seed,Unnamed: 0,ela_meta.lin_simple.adj_r2,ela_meta.lin_simple.intercept,ela_meta.lin_simple.coef.min,ela_meta.lin_simple.coef.max,ela_meta.lin_simple.coef.max_by_min,ela_meta.quad_simple.cond,ela_distr.skewness,ela_distr.kurtosis,ela_distr.number_of_peaks,ela_level.mmce_lda_10,ela_level.mmce_qda_10,ela_level.mmce_lda_25,ela_level.lda_qda_25,ela_level.mmce_qda_50,ela_level.lda_qda_50,pca.expl_var.cov_x,pca.expl_var.cor_x,pca.expl_var.cov_init,pca.expl_var.cor_init,pca.expl_var_PC1.cov_x,pca.expl_var_PC1.cov_init,nbc.nn_nb.sd_ratio,nbc.nn_nb.cor,nbc.dist_ratio.coeff_var,disp.ratio_mean_02,disp.ratio_mean_05,disp.ratio_mean_25,ic.h_max,ic.eps_s,ic.eps_max,ic.eps_ratio,ic.m0,ela_conv.conv_prob,ela_conv.lin_prob,ela_conv.lin_dev_orig,ela_conv.additional_function_eval
0,0.0,0.7622373497388355,1.393094353326013,0.0064644325017031,0.0925656829925357,14.319228017022043,3737.370290917308,-0.6086798559839877,-0.2524835633532674,1.0,0.024,0.009,0.0175,0.813953488372093,0.077,1.051948051948052,0.5,1.0,0.3333333333333333,0.6666666666666666,0.9996395051133518,0.9996222355912392,0.0943952985937164,0.1204360810497597,0.3859460440755299,0.1016051850210904,0.1673541363037322,0.4569833100373672,0.7381182254463019,-0.4354354354354353,0.0554298551568466,-0.9959959959959958,0.4539539539539539,0.0,0.0,20.728282543538363,1000.0
1,0.0,0.0594441091689712,0.8461000262043805,0.0016472023014613,0.0663768013007818,40.296690480516105,1106.5872629511036,-0.1992620700578604,-1.0063623924148928,2.0,0.1,0.061,0.25,1.9011406844106464,0.108,3.282407407407407,0.5,1.0,0.3333333333333333,1.0,0.9996394803694584,0.9995729996370998,0.2962368954445143,0.2816925761344028,0.3828443107500732,0.1737579966518655,0.2772855986847847,0.6395006796279574,0.7654411448544162,-0.135135135135135,0.1213623798344241,-0.6756756756756755,0.4739739739739739,0.0,0.0,20.206343969449264,1000.0
2,0.0,0.1789680906640861,0.6706402386015227,0.0031504570454111,0.0687701263071673,21.82861893239789,1247.3741646841004,-0.0724136681050351,-0.9704925903202012,2.0,0.101,0.05,0.2489999999999999,1.837638376383764,0.087,4.6321839080459775,0.5,1.0,0.3333333333333333,1.0,0.9996393181168868,0.9995837618038969,0.2130585179645729,0.2296864451161379,0.3775101203562479,0.233722340493388,0.3633436523864545,0.6612113844925592,0.7532755782379588,-0.035035035035035,0.1158948303439811,-0.7157157157157155,0.4624624624624625,0.0,0.0,19.07942274168788,1000.0
3,0.0,0.0801444335337139,0.1612773023205216,0.001588752800632,0.088054785044614,55.42384253206716,1472.154613693409,0.019549797188204,-0.8175608967266572,2.0,0.1,0.0799999999999999,0.25,1.672240802675585,0.091,4.884615384615384,0.5,1.0,0.3333333333333333,1.0,0.9996404122019924,0.9995737740660392,0.2707819188448707,0.2423547026932561,0.3772921870931662,0.1811645592360605,0.3034714467107953,0.6547308234822712,0.7243033755041351,-0.115115115115115,0.1106736018095974,-0.6756756756756755,0.46996996996997,0.001,0.0,18.249680345279646,1000.0
4,0.0,0.9188837177493444,-0.917445701404598,0.0052968526036508,0.4373987455137099,82.5771034693766,5253.761659713306,-0.0541075262465053,-1.343380493874661,3.0,0.06,0.0215,0.0235,0.9038461538461536,0.0344999999999999,1.0434782608695656,0.5,1.0,0.3333333333333333,0.6666666666666666,0.9996391409468166,0.9995616275040718,0.2221617232529872,0.2244481438870031,0.3652589318734248,0.2247379183945403,0.3739755956288091,0.8032254405263752,0.6996136683146935,-0.0750750750750751,0.1056875971184805,-0.7357357357357355,0.4159159159159159,0.0,0.0,25.21363335767479,1000.0
5,0.0,0.3063876078755357,-0.2000696637198704,0.0037058912989152,0.1555756053113488,41.98061755262159,2035.335913121656,0.3107889147019574,-0.7414450237620462,2.0,0.1,0.059,0.25,1.7006802721088432,0.092,3.581521739130435,0.5,1.0,0.3333333333333333,1.0,0.999639119264198,0.999579815827646,0.3044337553706725,0.2527983535423128,0.3641977250927913,0.1353993410515697,0.268407856493123,0.6448569718685621,0.7183523123834495,-0.1551551551551551,0.1009262190987048,-0.7157157157157155,0.4529529529529529,0.0,0.0,22.045445044172848,1000.0
6,0.0,0.81816367263046,1.7319956263108998,0.007580802746071,0.2259967229485007,29.81171394620838,572.8723875136269,-0.1787056052869663,-1.2410794713439914,2.0,0.1305,0.03,0.0565,1.13,0.0515,1.1650485436893203,0.5,1.0,0.3333333333333333,0.6666666666666666,0.9996393270093806,0.9996044338440684,0.1889361159546568,0.2359870556283556,0.3788962485771561,0.1342819243590216,0.2492644367061458,0.4984237097410628,0.7360540750675101,-0.2352352352352352,0.0878909065341995,-0.8158158158158155,0.4349349349349349,0.001,0.0,21.639967507903396,1000.0
7,0.0,0.8396716185506186,1.603483764042395,0.0075321045631449,0.1664133189254378,22.09386732888824,2649.0588735030324,-0.3059275716979678,-1.0659839274748637,2.0,0.118,0.0145,0.016,0.8648648648648651,0.035,1.128571428571428,0.5,1.0,0.3333333333333333,0.6666666666666666,0.9996402198019,0.9996170674819356,0.1634670140780852,0.225917395763802,0.3862651672986545,0.1676230693485011,0.2330028703600916,0.478464527564,0.7323788007585872,-0.3153153153153152,0.0666536326812491,-0.9159159159159156,0.4529529529529529,0.0,0.0,21.809765899859823,1000.0
8,0.0,0.7709003656394156,-0.8160255105030099,0.0064496130909315,0.3242930783987291,50.28101280287625,31748.888358911,0.3404856091139902,-1.2963751760333149,2.0,0.1,0.055,0.2835,2.8349999999999995,0.03,1.6833333333333331,0.5,1.0,0.3333333333333333,0.6666666666666666,0.9996394210492052,0.9995786043351844,0.2813345875277208,0.2211762068334178,0.3639452746606675,0.1682791878325581,0.2503959416950448,0.6226147472290208,0.7213743516216621,-0.135135135135135,0.080150069615654,-0.7157157157157155,0.4664664664664664,0.003,0.0,28.49278126699001,1000.0
9,0.0,0.0303727245733433,0.3102017914218808,0.0012437482531939,0.0359638002705896,28.9156589191067,1252.7849221059282,-0.105861086779443,-0.7505578175763254,2.0,0.1,0.0505,0.25,1.6891891891891897,0.114,4.232456140350876,0.5,1.0,0.3333333333333333,1.0,0.9996391872740724,0.9995771456337702,0.2782435011746909,0.2622338456231186,0.3771995960189175,0.1634984943648975,0.2656597227171967,0.6480137240840732,0.7411603242349475,-0.135135135135135,0.1270878709202059,-0.6556556556556554,0.4584584584584584,0.0,0.0,26.28952013804509,1000.0
10,0.0,0.281039943564476,0.7722562009615525,0.003923023193395,0.0586664186984083,14.95438997077065,1198.2537595099388,-0.0351169248545658,-0.7879425691125745,2.0,0.105,0.0525,0.2294999999999999,1.772200772200772,0.0945,3.82010582010582,0.5,1.0,0.3333333333333333,1.0,0.9996392987617112,0.999595213124402,0.1817679682571712,0.2118411014238174,0.3790617788694421,0.2629719877678628,0.3823637857571872,0.6455363055575045,0.7533985109567659,-0.035035035035035,0.1106736018095974,-0.6956956956956956,0.4609609609609609,0.001,0.0,26.297765861693343,1000.0
11,0.0,0.0431691522554724,0.7972835734431117,0.001432630651226,0.0552657190759068,38.57639024308853,1146.8771726342911,-0.2182668685826602,-0.9756247873405988,2.0,0.1,0.0534999999999999,0.25,1.748251748251748,0.1109999999999999,3.4504504504504507,0.5,1.0,0.3333333333333333,1.0,0.9996391283625932,0.9995695302358234,0.2871195715244964,0.2435192529419682,0.3814656559941491,0.199599457222838,0.2562036826480456,0.6302887579742348,0.763537827428221,-0.0950950950950951,0.1158948303439811,-0.6156156156156154,0.4674674674674675,0.0,0.0,18.94355250144912,1000.0
12,0.0,0.8433131945957507,1.7030840447033673,0.0077566504157926,0.1980471321026753,25.5325587059394,158.15697594632428,-0.3373076432249927,-1.071347971798026,2.0,0.1319999999999999,0.016,0.0225,0.9782608695652174,0.046,1.0760869565217392,0.5,1.0,0.3333333333333333,0.6666666666666666,0.999639127397259,0.9996112229799518,0.1893701007905134,0.2149278625261213,0.3876704857477452,0.1413281431316569,0.2113053681715989,0.4555139931891955,0.7237243980032492,-0.2752752752752752,0.0697981390783066,-0.9559559559559556,0.4529529529529529,0.004,0.0,24.554885086745884,1000.0
13,0.0,0.9228827585606793,-0.8435008045774546,0.0045835851224906,0.4419736813621038,96.42532418421445,8815.030182405491,-0.1410675053814792,-1.2373225449589118,3.0,0.0545,0.01,0.0215,0.9148936170212764,0.0414999999999999,1.036144578313253,0.5,1.0,0.3333333333333333,0.6666666666666666,0.9996392218928796,0.999561051849158,0.2134038291931755,0.2332950394761427,0.3837793272442613,0.2626846962679373,0.4628523418447788,0.8583763930915849,0.7250327642271421,-0.0750750750750751,0.1330834724654075,-0.6756756756756755,0.4634634634634634,0.0,0.0,27.85128370435213,1000.0
14,0.0,0.0738474577081618,0.6124361354568,0.0021078005698054,0.0540849424081797,25.65942109654699,1231.6490010607386,-0.0702509394874336,-1.116176676591346,2.0,0.1,0.0764999999999999,0.25,1.7605633802816902,0.099,4.292929292929292,0.5,1.0,0.3333333333333333,1.0,0.9996391432411628,0.9995703796820398,0.2666689404097142,0.2776138750047066,0.3689299803385851,0.2445326175494137,0.3865363279487014,0.7117622621683551,0.7499934622493101,-0.055055055055055,0.1106736018095974,-0.6156156156156154,0.4524524524524524,0.0,0.0,24.195415244100133,1000.0
15,0.0,0.8709788895571187,-0.9256202320427424,0.0058273197516266,0.4064041840354697,69.74118485981906,2914.1537263581345,0.1992494597532369,-1.4093541298638976,3.0,0.112,0.0455,0.0555,1.099009900990099,0.028,1.5714285714285714,0.5,1.0,0.3333333333333333,0.6666666666666666,0.9996391270782088,0.9995657342263936,0.2915473299550942,0.2579188704043678,0.3759337053976924,0.2175780517315274,0.3067744184214687,0.7120236895647495,0.6926156247434574,-0.0750750750750751,0.080150069615654,-0.7557557557557556,0.4564564564564564,0.001,0.0,24.321355042700816,1000.0
16,0.0,0.8160154326889105,-0.8462174683087266,0.006888908499452,0.3277837214069239,47.581372496527685,1292.342260814652,0.170707918548518,-1.4065881772570594,2.0,0.1005,0.0405,0.108,1.3584905660377358,0.0295,1.8644067796610164,0.5,1.0,0.3333333333333333,0.6666666666666666,0.9996392328186716,0.9995814312124488,0.2978921149460194,0.2592894468566376,0.3771462949573279,0.1721828817250552,0.241184516618119,0.51793133197486,0.7290059318512737,-0.1551551551551551,0.1158948303439811,-0.7557557557557556,0.4534534534534534,0.005,0.0,20.004370427649626,1000.0
17,0.0,0.5192994962387909,1.3666267518649018,0.0055663298867162,0.161229540544633,28.965142890542637,1013.2836634529622,0.0846834180271396,-1.112825579567058,2.0,0.1,0.0619999999999999,0.36,4.999999999999999,0.105,1.2095238095238094,0.5,1.0,0.3333333333333333,0.6666666666666666,0.9996391618898548,0.9995923068655388,0.2445804791228753,0.293134888551114,0.3799150993581108,0.2376496772635611,0.3425896191941915,0.5999275101559801,0.7542155004802782,-0.135135135135135,0.1158948303439811,-0.7157157157157155,0.477977977977978,0.004,0.0,20.8661859112422,1000.0
18,0.0,0.6710378999526776,-0.2471251552789884,0.0003940982427452,0.3732134755798155,947.00619058864,20.99160694512011,-0.0690911003016138,-0.8852249081471455,2.0,0.065,0.0225,0.135,1.5882352941176474,0.1504999999999999,1.1827242524916943,0.5,1.0,0.3333333333333333,0.6666666666666666,0.9996392960630148,0.9995643481470388,0.1615869303490983,0.1575673807998166,0.3781652534399081,0.2882330076217869,0.3543720982771255,0.6959627624039568,0.7173956796954546,0.0250250250250249,0.1009262190987048,-0.8358358358358355,0.4734734734734734,0.002,0.0,29.278261547865306,1000.0
19,0.0,0.0648435844321489,0.693612431638714,0.0021573290230459,0.0206311486267333,9.563283303723544,1232.1425625707338,-0.1526159437073643,-1.0794646371068195,2.0,0.1,0.0794999999999999,0.25,1.7482517482517483,0.1035,4.043478260869565,0.5,1.0,0.3333333333333333,1.0,0.9996392246470598,0.9995712194045516,0.2548278449268953,0.2371783973359121,0.3816747125187527,0.1882338529431944,0.319188911985768,0.7066004541260661,0.7464348438854201,-0.055055055055055,0.1270878709202059,-0.6156156156156154,0.4434434434434434,0.0,0.0,19.206146403814664,1000.0
20,0.0,0.0451742878581344,0.3543713932610701,0.001670215429619,0.0053287657200854,3.19046610729786,1406.1703260307374,-0.1638085075794468,-0.7509245550954526,2.0,0.105,0.0495,0.25,1.984126984126984,0.1105,4.62443438914027,0.5,1.0,0.3333333333333333,1.0,0.9996395082497452,0.9995814211353906,0.3047066687059507,0.3008539351577496,0.3739860562329196,0.1239943018656946,0.2274609800270679,0.5809357165932051,0.7510724995746618,-0.1751751751751751,0.1106736018095974,-0.6956956956956956,0.4624624624624625,0.0,0.0,21.564731465969817,1000.0
21,0.0,0.914756110703008,-0.8588790825165411,0.0045609628680498,0.4461213341441021,97.8129721838435,15539.276818637782,-0.040421097958489,-1.2728941614398726,3.0,0.0659999999999999,0.024,0.0345,1.1311475409836065,0.045,1.0333333333333334,0.5,1.0,0.3333333333333333,0.6666666666666666,0.9996396449390056,0.9995596172976716,0.2236761883354282,0.2729079483929338,0.37994422821254,0.2069611188403667,0.3837656580433207,0.865653212366376,0.7109506351981725,-0.055055055055055,0.1009262190987048,-0.6956956956956956,0.4334334334334334,0.0,0.0,18.808944630180225,1000.0
22,0.0,0.506701387030805,1.348552071233584,0.0058418156634138,0.1429679397138781,24.47320284500893,1214.893060097975,0.0685657261637704,-1.1002622091982497,3.0,0.1,0.0685,0.354,4.265060240963856,0.1165,1.1502145922746778,0.5,1.0,0.3333333333333333,0.6666666666666666,0.9996392436811756,0.9995921414658184,0.230713737060455,0.2371520692654066,0.3880080078997541,0.2226260680316428,0.3110234026817555,0.6128690629426966,0.7473105565154401,-0.115115115115115,0.1158948303439811,-0.7157157157157155,0.4519519519519519,0.001,0.0,30.13941165118317,1000.0
23,0.0,0.3870196543969628,-0.1950776367839996,0.0013796405851,0.276437980328121,200.3695624161964,983.740094197004,0.2365144669246355,-0.8080941343365731,2.0,0.103,0.054,0.21,2.048780487804878,0.134,2.208955223880597,0.5,1.0,0.3333333333333333,1.0,0.9996391392724224,0.9995650712766954,0.255429596944101,0.2497239275010864,0.3841150971731846,0.2473763719328812,0.3732240755295825,0.679770550266167,0.7269050607699543,-0.0150150150150149,0.0878909065341995,-0.7557557557557556,0.4759759759759759,0.0,0.0,15.952139216814306,1000.0
24,0.0,0.4595816245520747,-0.3953291668344482,0.0039111014196399,0.241122575051107,61.65081116032656,1668.011758834891,0.5006255892025836,-0.7484333829395835,2.0,0.1,0.0839999999999999,0.2525,1.7595818815331008,0.0715,3.3426573426573416,0.5,1.0,0.3333333333333333,1.0,0.999639180193008,0.9995752741883988,0.3156309285451717,0.2747110414295829,0.3692300220459514,0.1996114433053655,0.3399522170470011,0.6944798140860833,0.7213425038331762,-0.0950950950950951,0.1056875971184805,-0.6756756756756755,0.4624624624624625,0.0,0.0,27.01580138951384,1000.0
25,0.0,0.8775516378684011,-0.9028794685557266,0.005357450900848,0.4211631502468341,78.61260103758826,150285.75077980003,0.1609590927708533,-1.376500871292584,3.0,0.1135,0.041,0.0535,1.0490196078431373,0.0349999999999999,1.085714285714286,0.5,1.0,0.3333333333333333,0.6666666666666666,0.999639380684024,0.999562874679278,0.2793681829098428,0.2951863631672721,0.3740141410883221,0.1775195641880826,0.2963905503225627,0.8049544722595353,0.7062371192917717,-0.0750750750750751,0.0839312949816636,-0.7357357357357355,0.4519519519519519,0.002,0.0,33.5537574538199,1000.0
26,0.0,0.7240294452784445,1.5041635080989395,0.0071882733680614,0.1505417645016598,20.94268773507414,1272.9619767726128,0.0709457840123576,-1.195758145623163,2.0,0.1,0.0515,0.2254999999999999,4.3786407766990285,0.0525,1.0666666666666669,0.5,1.0,0.3333333333333333,0.6666666666666666,0.9996391264858668,0.9996082696071152,0.2473597376002024,0.2570877319921258,0.3835963122875186,0.2645467889524594,0.3531860258957125,0.5398431167833969,0.7548401515773686,-0.1751751751751751,0.0878909065341995,-0.7757757757757756,0.4594594594594595,0.0,0.0,31.0353613622728,1000.0
27,0.0,0.9149371260978504,-0.9002106458426513,0.0049612627265525,0.4456717424300561,89.83030470142886,10115.781168153297,-0.0178641323823583,-1.3485658583781637,3.0,0.0654999999999999,0.026,0.0325,0.9701492537313432,0.0405,1.0123456790123455,0.5,1.0,0.3333333333333333,0.6666666666666666,0.9996391327407472,0.9995585766234985,0.238774229743604,0.2615432985739087,0.3808771914944083,0.2248473588929153,0.382048845334842,0.8660916660537171,0.7224008262324184,-0.0750750750750751,0.1158948303439811,-0.7157157157157155,0.4384384384384384,0.0,0.0,32.6212397806564,1000.0
28,0.0,0.6810547954732786,1.432251987630736,0.0069562632446293,0.1273974993119786,18.314071051054103,1337.8785325580986,0.1381947312366498,-1.1115315598128652,2.0,0.1,0.0485,0.3075,4.58955223880597,0.0745,1.0738255033557047,0.5,1.0,0.3333333333333333,0.6666666666666666,0.9996400467264244,0.9996096687150524,0.1839372866053131,0.1644374446955303,0.3840610361630798,0.1852533270600717,0.319886129427219,0.5410499071152879,0.7398275467077089,-0.135135135135135,0.080150069615654,-0.7957957957957956,0.456956956956957,0.0,0.0,19.380138583553045,1000.0
29,0.0,0.77898678953818,1.5413124053501364,0.0075410585555108,0.1491923496304664,19.78400625485649,1494.8038988609533,0.0197605451032954,-1.2039471818135976,2.0,0.1,0.0349999999999999,0.144,2.3225806451612905,0.058,1.0172413793103448,0.5,1.0,0.3333333333333333,0.6666666666666666,0.9996391636669552,0.9996129076154324,0.2054220572619388,0.2317088990801658,0.3785113976719231,0.1800635614338732,0.27113155161897,0.4978571352641615,0.739354792382259,-0.1951951951951951,0.080150069615654,-0.8358358358358355,0.461961961961962,0.0,0.0,17.87017095451281,1000.0
30,0.0,0.8542372739696341,-0.6993146388290148,0.0033464785787083,0.4265832315783728,127.47227318067144,3812.734396988678,0.0923870518966172,-1.197156837965731,3.0,0.0815,0.022,0.086,1.1543624161073824,0.051,1.0098039215686274,0.5,1.0,0.3333333333333333,0.6666666666666666,0.9996391565976208,0.9995603839108524,0.2436345337752805,0.2380843577845293,0.3702582296144949,0.3044127628291955,0.4403767708274853,0.8414118794662093,0.6876630845346314,-0.035035035035035,0.0636507908129557,-0.7757757757757756,0.4209209209209209,0.0,0.0,21.738328341276496,1000.0
31,0.0,0.6939282753335472,-0.7272091405368997,0.0051553008718482,0.334902251855527,64.9626976544363,1574.4464460906122,0.5123466245292047,-1.0529463142199604,2.0,0.1,0.0645,0.3255,2.932432432432432,0.093,1.1451612903225807,0.5,1.0,0.3333333333333333,0.6666666666666666,0.999639151345494,0.9995693518993334,0.2910973731853884,0.2371737943364298,0.3675807610589569,0.2136427094364853,0.3102556722026156,0.7381083401921003,0.6860292626953143,-0.0950950950950951,0.0765391938823014,-0.7357357357357355,0.4534534534534534,0.0,0.0,16.505469474905883,1000.0
32,0.0,0.0537977206874681,0.2904637702904043,0.0017599832663227,0.0262212639161933,14.898587059284296,1307.413316483247,-0.0777163293034533,-0.6955155460233109,1.0,0.104,0.0505,0.258,1.8832116788321167,0.1135,4.343612334801762,0.5,1.0,0.3333333333333333,1.0,0.9996393053001036,0.9995806817352964,0.2898436848629187,0.3136986076841689,0.3736857527396989,0.1311652446899184,0.2353708019403642,0.6033761966342555,0.7171308373802744,-0.1551551551551551,0.1213623798344241,-0.6756756756756755,0.4589589589589589,0.0,0.0,29.414622099574498,1000.0
33,0.0,0.8353253035674625,1.7020768410783895,0.0076316860106337,0.2055087181538736,26.928350808395887,202.01460453824345,-0.2413657508929553,-1.196645926631384,2.0,0.137,0.024,0.031,0.8732394366197186,0.0435,1.057471264367816,0.5,1.0,0.3333333333333333,0.6666666666666666,0.9996392649610129,0.9996093623640824,0.1948346609833113,0.1954565341733794,0.3819497604708289,0.1593136717782525,0.2438897493649733,0.4885022972366475,0.730854101617396,-0.2752752752752752,0.0636507908129557,-0.8958958958958957,0.4524524524524524,0.0,0.0,17.19681996314472,1000.0
34,0.0,0.5943565373726605,1.1800660100339828,0.0060916955316182,0.0448706502766904,7.365872119477179,1378.063053652004,0.2251466459260392,-0.7552922559631856,2.0,0.1035,0.0385,0.2724999999999999,2.8534031413612566,0.1225,1.2897959183673469,0.5,1.0,0.3333333333333333,0.6666666666666666,0.9996396565295445,0.9996134609105516,0.2408394801572121,0.2394689203040673,0.3871340869195033,0.2044071988185354,0.3032409392780568,0.5852907348043948,0.7477490287930045,-0.115115115115115,0.0963793479961578,-0.7957957957957956,0.4634634634634634,0.0,0.0,17.973067601919222,1000.0
35,0.0,0.0921524002574925,0.303414485423043,0.0005038734631371,0.1324955223458947,262.9539597520609,1144.472169111454,-0.0213957521820267,-1.0318130153687577,2.0,0.1,0.0885,0.25,1.4124293785310735,0.0935,4.288770053475935,0.5,1.0,0.3333333333333333,1.0,0.9996391787710454,0.999568971351492,0.2319014333778876,0.2203654363207625,0.3774415111669273,0.2205499782717599,0.433706363938713,0.7444333365387467,0.7553018991936119,-0.035035035035035,0.1270878709202059,-0.6156156156156154,0.4639639639639639,0.001,0.0,28.65969057806018,1000.0
36,0.0,0.900081664951289,-0.8373792050658513,0.0058691679053759,0.3863346598675432,65.82443475738262,1242.9865097161237,-0.1296363254102383,-1.313051284698971,3.0,0.0699999999999999,0.024,0.0265,0.7464788732394366,0.036,1.2222222222222223,0.5,1.0,0.3333333333333333,0.6666666666666666,0.9996391772841648,0.9995754610220692,0.2225490403144626,0.2624132454878427,0.3806964863626809,0.1292742846602811,0.1970535743269705,0.6611930289156078,0.7287917022553154,-0.1551551551551551,0.1009262190987048,-0.7557557557557556,0.4329329329329329,0.002,0.0,19.04668764877486,1000.0
37,0.0,0.423457279992607,0.9272434265445674,0.0048429112711083,0.0227229242849996,4.6919968202926,1229.0449694575898,0.1072987968055511,-0.6649381969652413,2.0,0.107,0.0465,0.2315,1.9291666666666671,0.0705,4.354609929078013,0.5,1.0,0.3333333333333333,1.0,0.9996391354159576,0.9996068849434876,0.2013691805308963,0.1832291242732446,0.3778251081607955,0.236843070749978,0.3314761170827139,0.6104026819769278,0.7490373883357277,-0.0750750750750751,0.1056875971184805,-0.7757757757757756,0.4744744744744745,0.003,0.0,28.43279953745449,1000.0
38,0.0,0.5871060926395029,1.3624891936647738,0.006356978530421,0.1273446084773176,20.03225398165428,1280.4583180777015,0.1569091790781873,-1.060011892060955,3.0,0.1,0.0495,0.3455,3.755434782608696,0.1145,1.052401746724891,0.5,1.0,0.3333333333333333,0.6666666666666666,0.9996394174913596,0.9996017420692976,0.2084669082981747,0.1663864353245563,0.3852896839614522,0.2513189143096378,0.3253034582453636,0.60828657233497,0.7533913373574622,-0.115115115115115,0.1158948303439811,-0.7557557557557556,0.4664664664664664,0.001,0.0,16.54407882069939,1000.0
39,0.0,0.5492681046538989,1.3606304114363772,0.0060708907298097,0.1395189353932845,22.98162520175302,1100.3373592338737,0.0959835891138285,-1.1410686255496614,2.0,0.1,0.075,0.3644999999999999,4.005494505494505,0.104,1.1249999999999998,0.5,1.0,0.3333333333333333,0.6666666666666666,0.999639416284596,0.999595735794432,0.252462167152891,0.2420426963357475,0.3785194591753598,0.2452798918712705,0.3657253741378535,0.5794278623576089,0.7394592056699412,-0.135135135135135,0.1106736018095974,-0.7357357357357355,0.4574574574574575,0.001,0.0,18.055892899595914,1000.0
40,0.0,0.1421939078887021,0.1351742253219494,0.0027314973919904,0.0513735792014655,18.8078448663755,1741.6847024993665,0.0299376970215753,-0.504684923421395,2.0,0.105,0.0495,0.253,1.8201438848920863,0.1125,3.7511111111111113,0.5,1.0,0.3333333333333333,1.0,0.99963912392138,0.9995878116968732,0.3193421257146784,0.3097520325678868,0.3728300839760009,0.1520806031561957,0.2508102362515483,0.6280670582415243,0.7277114618893856,-0.1951951951951951,0.080150069615654,-0.7157157157157155,0.4634634634634634,0.0,0.0,23.37671008160056,1000.0
41,0.0,0.3628547956143054,1.0677238136616334,0.0050052143349534,0.0479817082601368,9.586344369922626,1298.5402800607606,0.0604771902723436,-0.9486597019527574,2.0,0.1,0.055,0.292,2.433333333333333,0.0785,2.955414012738853,0.5,1.0,0.3333333333333333,1.0,0.999639276374026,0.9995928413086702,0.1999569083426739,0.1469737141563272,0.379668897728959,0.2344572496046926,0.3830982817775293,0.640698584038251,0.7411178764223654,-0.0750750750750751,0.1158948303439811,-0.7157157157157155,0.4689689689689689,0.002,0.0,28.927156936388297,1000.0
42,0.0,0.7460860419122832,1.343146914134158,0.0062121130429984,0.072246680741471,11.629968778964669,4823.344981817327,-0.5424878903643612,-0.1487584468529834,1.0,0.028,0.011,0.0174999999999999,0.9210526315789476,0.092,1.1195652173913044,0.5,1.0,0.3333333333333333,0.6666666666666666,0.9996393704370332,0.9996239135136824,0.0854014740837689,0.1758228262662968,0.38762754738075,0.1060754722987648,0.1665621766237822,0.4359781004601131,0.7120984117501876,-0.4554554554554553,0.0440193518520887,-0.9959959959959958,0.4344344344344344,0.002,0.0,18.44278737422378,1000.0
43,0.0,0.8420062645329127,1.711728868238766,0.0077025833349143,0.2056873026665463,26.70367767839713,351.1445104830133,-0.3029184425216301,-1.0983666997356647,2.0,0.1225,0.019,0.027,1.148936170212766,0.0445,1.0337078651685394,0.5,1.0,0.3333333333333333,0.6666666666666666,0.9996393362462028,0.9996104016685112,0.2475335199978439,0.3247956487414819,0.3824493599628291,0.1616597475378665,0.2731825228213378,0.4905189557621716,0.7350811905325589,-0.2752752752752752,0.0666536326812491,-0.8958958958958957,0.4419419419419419,0.0,0.0,17.273762534397044,1000.0
44,0.0,0.5633348378861311,1.4060132227675266,0.0061003975404845,0.158352037744486,25.957658774465216,1094.2551399992174,0.101914780857297,-1.1191495322460214,3.0,0.1,0.0685,0.3655,4.6265822784810124,0.098,1.173469387755102,0.5,1.0,0.3333333333333333,0.6666666666666666,0.9996391218081916,0.9995943954377758,0.2520579246990234,0.236178665009892,0.385836337260011,0.2100583659133142,0.3340455505220631,0.6006662402471716,0.7565442538436218,-0.135135135135135,0.1158948303439811,-0.7157157157157155,0.4629629629629629,0.001,0.0,30.11685134923805,1000.0
45,0.0,0.6790818305756198,-0.6121704722153366,0.0065260763776164,0.2300762503459917,35.25491229847083,17470.78831659796,0.3222262687818553,-1.0464983249063198,2.0,0.0955,0.0379999999999999,0.2165,2.8866666666666667,0.037,1.7702702702702704,0.5,1.0,0.3333333333333333,0.6666666666666666,0.9996392645281444,0.9995916094636552,0.3278708164637556,0.2822636184426284,0.3725852615572788,0.1437874918484945,0.2174807757687022,0.5368391703496759,0.7304203120265405,-0.1951951951951951,0.0920373199661822,-0.6956956956956956,0.4459459459459459,0.0,0.0,26.891809498134965,1000.0
46,0.0,0.8243861205068894,1.5634808681023118,0.0073329912975047,0.1419806805252168,19.36190495323908,18431.967119365163,-0.4984137083752454,-0.6993655287286336,2.0,0.039,0.0095,0.0195,1.1818181818181817,0.039,1.0,0.5,1.0,0.3333333333333333,0.6666666666666666,0.9996391325505952,0.99961891774507,0.1262129502058883,0.171696162183249,0.3890284117790015,0.1886276582547391,0.2083331958750467,0.4495140305008686,0.7211442326623232,-0.3753753753753753,0.0636507908129557,-0.9559559559559556,0.4494494494494494,0.001,0.0,27.25279127230925,1000.0
47,0.0,0.7307365365943187,-0.7408602403031266,0.0056427333689959,0.3270717759111038,57.96335827388194,3355.4631655379862,0.4090580970621526,-1.2284447792659676,2.0,0.1,0.058,0.3359999999999999,2.835443037974683,0.0325,1.4,0.5,1.0,0.3333333333333333,0.6666666666666666,0.9996391650891304,0.9995744169918078,0.2970635756856522,0.2309533390050851,0.3684862225971643,0.1655498977984271,0.289733797284834,0.6654465206681491,0.6992091399019603,-0.0950950950950951,0.1158948303439811,-0.7157157157157155,0.4534534534534534,0.0,0.0,20.25240603317547,1000.0
48,0.0,0.7852472689588454,1.6843849158545026,0.0072982857296294,0.2192855235126442,30.04616859852361,637.417109633883,-0.1114276960736963,-1.279377050170845,2.0,0.1114999999999999,0.045,0.1089999999999999,1.579710144927536,0.047,1.180851063829787,0.5,1.0,0.3333333333333333,0.6666666666666666,0.9996391714305858,0.999602403847037,0.173059157534077,0.1825941535775369,0.385697640017185,0.1887302578430723,0.2879724379657223,0.5086586510382597,0.7450524170086119,-0.2352352352352352,0.0920373199661822,-0.7957957957957956,0.4409409409409409,0.0,0.0,30.631641452004217,1000.0
49,0.0,0.8447856571603012,1.6870068406147198,0.0079743277968775,0.1878851211075816,23.561248784022837,41.58369486336707,-0.238851222930355,-1.2013416134104171,2.0,0.1355,0.023,0.027,1.148936170212766,0.0365,1.013698630136986,0.5,1.0,0.3333333333333333,0.6666666666666666,0.9996392121507168,0.9996123562257634,0.1695850930454643,0.1811533502503273,0.3888825448000732,0.1866218815577716,0.2921623595372425,0.4697678335787351,0.7167338278322877,-0.2552552552552551,0.0636507908129557,-0.8758758758758757,0.4469469469469469,0.0,0.0,28.189577602056243,1000.0
50,0.0,0.7587766634512334,1.6562735527064216,0.0069695896118645,0.219035132341504,31.42726394802844,886.0948974986396,-0.0658386270107591,-1.2619861878107763,2.0,0.1075,0.048,0.1365,1.7960526315789476,0.0419999999999999,1.5357142857142858,0.5,1.0,0.3333333333333333,0.6666666666666666,0.9996391127843172,0.9996008630913784,0.2403563336137652,0.2678894907179578,0.3806135306959193,0.2040980669460734,0.2888288656762386,0.5290416174726696,0.7534870538797052,-0.2152152152152152,0.1009262190987048,-0.8358358358358355,0.4609609609609609,0.001,0.0,24.373165431438427,1000.0
51,0.0,0.3688235785529588,-0.1733672796942595,0.0043843658641232,0.120847938947081,27.563379218866064,2191.211346753173,0.2765123743448328,-0.6279745491327078,2.0,0.105,0.05,0.2515,2.00398406374502,0.0854999999999999,3.520467836257311,0.5,1.0,0.3333333333333333,1.0,0.9996396065051766,0.999591341562678,0.3182285556075058,0.2513118154942984,0.3729816208198512,0.1463024749685504,0.2299432232387056,0.5779105685983446,0.7389991952440679,-0.2152152152152152,0.1158948303439811,-0.7357357357357355,0.4459459459459459,0.0,0.0,18.15579895247897,1000.0
52,0.0,0.7582700308198123,-0.7932152829783992,0.0051951148976284,0.3665578731485894,70.5581840578579,1210.275422049319,0.4441069506330353,-1.1573068812502971,2.0,0.1,0.0584999999999999,0.205,2.5786163522012577,0.062,1.0564516129032255,0.5,1.0,0.3333333333333333,0.6666666666666666,0.9996394504571304,0.9995677083744572,0.2387717989485756,0.2031717554313589,0.3700549635369119,0.2264820636605379,0.3358965748517423,0.7254680422587919,0.6827195788816433,-0.0750750750750751,0.0839312949816636,-0.7357357357357355,0.4689689689689689,0.0,0.0,17.286755897515853,1000.0
53,0.0,0.472382077551333,-0.3227631726105319,0.001971908606427,0.3049728260662154,154.65870227058727,877.6879847292977,0.3433349510554995,-0.7447402510755752,2.0,0.1,0.0569999999999999,0.2074999999999999,2.4127906976744184,0.1694999999999999,1.5221238938053097,0.5,1.0,0.3333333333333333,1.0,0.999640010917066,0.999566078210992,0.2585809699678464,0.2208790897981734,0.3732976674241426,0.2624331165142939,0.3892462315852315,0.6855333869847182,0.7443325836057467,-0.0150150150150149,0.080150069615654,-0.6756756756756755,0.4554554554554554,0.0,0.0,29.62005389879857,1000.0
54,0.0,0.4775985152420553,1.0310458575489014,0.0053020846986558,0.008511082681136,1.6052332553823248,1247.5612492432372,0.1540089534809783,-0.6825006639132409,1.0,0.1085,0.0475,0.259,2.0393700787401574,0.09,2.7055555555555557,0.5,1.0,0.3333333333333333,1.0,0.999639133404446,0.9996084255369996,0.211484256417822,0.2369110462276693,0.3767521696697847,0.2433251079951825,0.3209882236743351,0.6164186874766717,0.7414616980228175,-0.0750750750750751,0.0963793479961578,-0.7557557557557556,0.456956956956957,0.0,0.0,19.341020895440572,1000.0
55,0.0,0.3180692789020717,0.8323040293850383,0.0043347154071958,0.0418100755626037,9.645402670080108,1177.6419902406385,0.0291505199584872,-0.7639962147667254,2.0,0.1055,0.046,0.235,1.843137254901961,0.074,4.668918918918919,0.5,1.0,0.3333333333333333,1.0,0.999639503924374,0.999596933875976,0.2284891307691943,0.2319285032398234,0.3827808413824518,0.257269916529139,0.3715803213836959,0.6422778940112748,0.7681548582062919,-0.055055055055055,0.0963793479961578,-0.7757757757757756,0.492992992992993,0.001,0.0,21.36812775687962,1000.0
56,0.0,0.7484114728070607,-0.6161892636581168,0.0033270410914165,0.386618393271266,116.20487473650594,41.99666259507764,0.2780350969007462,-1.085593436453088,2.0,0.092,0.0424999999999999,0.15,1.875,0.086,1.0348837209302326,0.5,1.0,0.3333333333333333,0.6666666666666666,0.9996391225597684,0.999563384326996,0.2513032714132296,0.240339916147157,0.3750654851448453,0.2417610443218883,0.3896468698915827,0.7128890396159824,0.7026832762128876,-0.0150150150150149,0.0636507908129557,-0.8358358358358355,0.4809809809809809,0.0,0.0,21.53913577909442,1000.0
57,0.0,0.8905666809190147,-0.8954168408528649,0.0063319482480462,0.3834896926683978,60.56424936617679,880.3521355311319,-0.059734427012485,-1.325206418065837,3.0,0.1015,0.027,0.018,0.6428571428571427,0.0344999999999999,1.4637681159420293,0.5,1.0,0.3333333333333333,0.6666666666666666,0.9996391781818678,0.999574871099458,0.2353295801530576,0.246922202119767,0.3751534572601337,0.1381425303320599,0.2075029703460013,0.6385813882868322,0.733137383495434,-0.1551551551551551,0.1106736018095974,-0.7157157157157155,0.461961961961962,0.001,0.0,19.373664443993867,1000.0
58,0.0,0.8441657206663414,-0.9201224263602992,0.0059925101152474,0.3934344175578199,65.6543601915265,3882.3882901876873,0.2569895820485958,-1.3740454983335035,2.0,0.1095,0.046,0.1065,1.283132530120482,0.042,1.238095238095238,0.5,1.0,0.3333333333333333,0.6666666666666666,0.9996395610089488,0.999567463865168,0.299111961752887,0.2494760723779429,0.3774966915240854,0.197648203300665,0.2945643144468715,0.6877762165619873,0.6938491679241137,-0.0950950950950951,0.152821403602587,-0.7357357357357355,0.4584584584584584,0.001,0.0,22.21733682215296,1000.0
59,0.0,0.7752737603642095,-0.7003791919399942,0.0038848351674251,0.3961381721202947,101.9703938643172,96.20065173270773,0.2968010294906875,-1.1760233541376004,2.0,0.106,0.0435,0.1629999999999999,2.202702702702702,0.079,1.0,0.5,1.0,0.3333333333333333,0.6666666666666666,0.9996391456522808,0.9995616894602593,0.2559385962153281,0.225774094653449,0.3694890035873468,0.2370739319229973,0.3245814074176767,0.6875958857619455,0.6971788102309985,-0.055055055055055,0.0765391938823014,-0.7557557557557556,0.4524524524524524,0.0,0.0,21.63976786197751,1000.0
60,0.0,0.8001887883944659,1.588948444132814,0.00763746934095,0.1670431168318587,21.871526990781955,1144.8990457435282,-0.046428903399296,-1.193906449495482,2.0,0.1075,0.0349999999999999,0.0905,1.4958677685950412,0.0555,1.0540540540540542,0.5,1.0,0.3333333333333333,0.6666666666666666,0.9996395759871114,0.9996129210113452,0.1925266811029933,0.1973378332568606,0.3842152295577456,0.1896705838432123,0.2660196868353394,0.494440095664463,0.7365300124883319,-0.2152152152152152,0.0697981390783066,-0.8758758758758757,0.4624624624624625,0.0,0.0,32.33711507272888,1000.0
61,0.0,0.2375630464571092,0.5067788152376946,0.0027568570748492,0.147758816538169,53.5968360079924,1206.7957012066531,-0.1943662222934934,-0.8010945167726353,2.0,0.1085,0.0419999999999999,0.2184999999999999,1.828451882845188,0.0839999999999999,4.5773809523809526,0.5,1.0,0.3333333333333333,1.0,0.9996396555625446,0.999584218795507,0.2398615789878826,0.2570992431677222,0.3712211714786543,0.2329922245367847,0.367089225180688,0.6431576660519703,0.7495224280874606,0.0050050050050049,0.0878909065341995,-0.6956956956956956,0.4534534534534534,0.002,0.0,30.66040947799435,1000.0
62,0.0,0.8465369165543736,1.7095907600562077,0.0076979867461582,0.203389630236204,26.42114580642872,182.36191922009505,-0.3025224420344396,-1.159122062206113,2.0,0.137,0.0195,0.022,1.3333333333333337,0.0455,1.021978021978022,0.5,1.0,0.3333333333333333,0.6666666666666666,0.9996393348746754,0.9996107611642592,0.1615031756267551,0.1950914150164262,0.3747046905009462,0.1791936916585121,0.2667845501198009,0.4691740235170132,0.7119392992465223,-0.2752752752752752,0.0529326605836056,-0.9359359359359356,0.4314314314314314,0.001,0.0,29.751408884706574,1000.0
63,0.0,0.8968931241732806,-0.5612252283526051,0.0023307527664186,0.42646238100752,182.9719510159829,11190.711459917096,-0.1797010027682607,-1.1145926914133075,3.0,0.071,0.0315,0.045,1.525423728813559,0.0405,0.9876543209876542,0.5,1.0,0.3333333333333333,0.6666666666666666,0.9996395435018368,0.9995657157035838,0.1051233427883509,0.1171042152276443,0.3798803815585719,0.4743748276015483,0.7062985558283549,0.9523596359813244,0.7141310384519725,-0.055055055055055,0.1459365799155757,-0.7157157157157155,0.4219219219219219,0.0,0.0,24.756074526004063,1000.0
64,0.0,0.9142520823945685,-0.8396384293803852,0.0052711620597779,0.4126057233718721,78.27604590651796,2788.899668488481,-0.1337301996798198,-1.296681353822011,2.0,0.045,0.013,0.028,0.7466666666666668,0.036,1.0833333333333333,0.5,1.0,0.3333333333333333,0.6666666666666666,0.9996391441295868,0.9995693345716956,0.2184657038666247,0.250988684941871,0.3739084727022896,0.2039364490868685,0.2768001597945167,0.7791743645732377,0.7495348066178475,-0.135135135135135,0.1270878709202059,-0.7157157157157155,0.4454454454454454,0.002,0.0,18.9526367156416,1000.0
65,0.0,0.4640951535005519,-0.3187675879938932,0.0052038279388641,0.1475944271026446,28.362664722319977,2968.918195559589,0.3578010862056667,-0.6982018160406014,2.0,0.1035,0.046,0.2425,2.012448132780083,0.063,3.753968253968254,0.5,1.0,0.3333333333333333,1.0,0.999639167788021,0.9995914404230288,0.3045520585220762,0.2901920480720065,0.3779863236823346,0.1562261226486582,0.2455089945154708,0.5953715110707916,0.7461702889668089,-0.1951951951951951,0.1393619274224143,-0.6956956956956956,0.466966966966967,0.001,0.0,21.43595058277525,1000.0
66,0.0,0.3863120480722368,1.197685766305225,0.004911305876279,0.1118297566408823,22.76986191819261,1171.839595425911,0.0407384980171754,-1.0533224359570583,2.0,0.1,0.0685,0.2995,2.9362745098039214,0.0975,1.8871794871794871,0.5,1.0,0.3333333333333333,1.0,0.999639165294887,0.9995889740916594,0.2596080873736235,0.2413228465516399,0.3766788791508352,0.1929696448670851,0.3362919258173269,0.6482381247506422,0.7456643607417658,-0.115115115115115,0.1106736018095974,-0.6956956956956956,0.4634634634634634,0.002,0.0,27.576739183213025,1000.0
67,0.0,0.7565810855711391,1.5970939138973226,0.0074571039252599,0.1800261856994506,24.141568563854214,1167.1741904309304,-0.025157834676178,-1.26300105157298,2.0,0.103,0.0414999999999999,0.158,2.89908256880734,0.047,1.1063829787234043,0.5,1.0,0.3333333333333333,0.6666666666666666,0.9996391589062582,0.999605801412116,0.2069664728630605,0.2415759099524527,0.3921825581627192,0.1839321191440102,0.3335259653789936,0.5115105068358804,0.7557400984491179,-0.1951951951951951,0.080150069615654,-0.8358358358358355,0.4839839839839839,0.0,0.0,20.902371132896096,1000.0
68,0.0,0.6370173125307793,1.300371655722982,0.0064955297009349,0.0891854474003558,13.730280901882166,1466.025163032058,0.1917865710938361,-0.9647855737679968,1.0,0.1,0.0395,0.2995,3.422857142857143,0.1085,1.0276497695852536,0.5,1.0,0.3333333333333333,0.6666666666666666,0.9996391373307316,0.9996107058396172,0.1868455415102852,0.1926525392096413,0.3863414187323939,0.2307529543933546,0.2981848693065643,0.5911161741005949,0.7475807112551893,-0.115115115115115,0.0730909932860291,-0.7757757757757756,0.4624624624624625,0.001,0.0,25.89497140346088,1000.0
69,0.0,0.9239412889360912,-0.8425549903429629,0.0049571728357538,0.4291254204177837,86.56656417599447,4422.698628693858,-0.1886342137450111,-1.2240156792678896,3.0,0.0389999999999999,0.013,0.031,1.0,0.034,1.0588235294117647,0.5,1.0,0.3333333333333333,0.6666666666666666,0.999639544793866,0.9995659494813176,0.2106622492804832,0.2504452033814887,0.3773428176628032,0.2737113200219609,0.3862132931352742,0.836553048419574,0.7167667122108089,-0.0950950950950951,0.0963793479961578,-0.6756756756756755,0.4379379379379379,0.002,0.0,18.61490612886276,1000.0
70,0.0,0.2808944212424381,0.7380634622910482,0.0038216160498339,0.0769854561017733,20.14473853413857,1231.5714615649886,-0.133242210228539,-0.7213199755703448,1.0,0.109,0.0404999999999999,0.2304999999999999,1.8293650793650795,0.0735,4.9387755102040805,0.5,1.0,0.3333333333333333,1.0,0.999639322633596,0.999595207228036,0.2185713168255312,0.187355066487038,0.3785285688948717,0.2650103469002639,0.3474359538329741,0.6390701456067108,0.7571892171368692,-0.055055055055055,0.0839312949816636,-0.7357357357357355,0.4549549549549549,0.001,0.0,17.13670751264956,1000.0
71,0.0,0.7210278168206207,1.6235976149110405,0.0069184611479005,0.2122932550944894,30.68503971564712,928.5698313480754,-0.0277652177138098,-1.2511383814249974,2.0,0.102,0.0515,0.2015,3.0763358778625958,0.0575,1.182608695652174,0.5,1.0,0.3333333333333333,0.6666666666666666,0.9996392772886072,0.9995987113832028,0.2316930193300526,0.2492412113916672,0.3802634323487819,0.2235868027658936,0.3033531727671238,0.5558764857424566,0.742668438442667,-0.1951951951951951,0.0920373199661822,-0.7757757757757756,0.4634634634634634,0.0,0.0,21.81043495646178,1000.0
72,0.0,0.065006388974509,0.6956454204635936,0.0021370064158027,0.0170169473406202,7.962983739676025,1348.9258897255718,-0.0991119711869507,-1.1392938048472885,2.0,0.1,0.096,0.25,1.7543859649122806,0.109,3.811926605504587,0.5,1.0,0.3333333333333333,1.0,0.9996394769600252,0.9995738676214972,0.2578619785062258,0.2650064822882826,0.3723951497859025,0.2431021564663374,0.3655239312722423,0.7039350584522827,0.7381226987194414,-0.0750750750750751,0.1330834724654075,-0.5955955955955954,0.4664664664664664,0.0,0.0,25.08524626116753,1000.0
73,0.0,0.9235033110366454,-0.7769728743466701,0.0042475119255696,0.4332161656416748,101.99292508956958,7104.773566684752,-0.2159205051208093,-1.2006054445607206,2.0,0.0445,0.009,0.0325,1.120689655172414,0.0345,1.043478260869565,0.5,1.0,0.3333333333333333,0.6666666666666666,0.9996393672239108,0.9995644791056396,0.1887914147228809,0.2091163926515668,0.3859547957646743,0.3376416204223705,0.4976083903122159,0.9032557045531024,0.7226010645448824,-0.0950950950950951,0.1158948303439811,-0.6356356356356354,0.4344344344344344,0.0,0.0,32.63310640380867,1000.0
74,0.0,0.3665158387713341,0.4574757612898882,0.0029337499862595,0.1830457588758253,62.39310088900967,954.4533884445444,-0.2671503287327303,-0.6454842154577496,1.0,0.101,0.035,0.1795,2.162650602409639,0.148,2.141891891891892,0.5,1.0,0.3333333333333333,1.0,0.999639173946898,0.9995917970949674,0.210450734988967,0.2306112993213404,0.3790462288885954,0.2230876660001784,0.3197187992856302,0.602476449091584,0.7340281351259706,-0.0150150150150149,0.080150069615654,-0.7757757757757756,0.4554554554554554,0.001,0.0,31.73829373581381,1000.0
75,0.0,0.7626662036137969,-0.7882288303235089,0.0060751708582898,0.3295401471663765,54.243766118396834,8822.527516502443,0.3789928575180121,-1.279298063642768,2.0,0.1,0.074,0.2895,2.4638297872340424,0.04,1.4250000000000005,0.5,1.0,0.3333333333333333,0.6666666666666666,0.9996392197665336,0.999576773479005,0.2721385588418034,0.2443793097467834,0.3725565637784262,0.1892716426474832,0.3104129247561979,0.6457938950660688,0.7011309999596744,-0.115115115115115,0.1106736018095974,-0.7357357357357355,0.4554554554554554,0.0,0.0,22.558650124179675,1000.0
76,0.0,0.0813851168672834,0.3802982376020442,0.0010035024141996,0.1190233021200209,118.60788816831418,1236.0998997344063,-0.0157220238831386,-1.0309890583974677,3.0,0.1,0.0695,0.25,1.639344262295082,0.093,4.505376344086021,0.5,1.0,0.3333333333333333,1.0,0.999639134896404,0.9995657521308589,0.2527537305629953,0.2276306073737874,0.3729071387665508,0.2357673177022478,0.3658302578354833,0.7276879399459497,0.7386631350212084,-0.0150150150150149,0.1393619274224143,-0.6156156156156154,0.4539539539539539,0.0,0.0,19.390379588874485,1000.0
77,0.0,0.8851085328357586,-0.737191863130816,0.003469160117763,0.4406862709678258,127.02967173852598,9850.590173633209,-0.0232281768536699,-1.196689570894512,3.0,0.0769999999999999,0.036,0.0595,1.3522727272727275,0.0455,1.0,0.5,1.0,0.3333333333333333,0.6666666666666666,0.9996391531558216,0.9995585323402572,0.2068159254749967,0.2230884536186418,0.3828016848891595,0.2240384962328563,0.460781437523218,0.8887118121816889,0.7158855205596074,-0.035035035035035,0.1213623798344241,-0.6956956956956956,0.4164164164164164,0.002,0.0,31.24059184701966,1000.0
78,0.0,0.8589944052852553,-0.9068304448291964,0.006376297666537,0.3768947710663207,59.10871649613737,245.4291708078007,0.1587322666374598,-1.4482273628630258,2.0,0.1139999999999999,0.044,0.0735,1.0729927007299271,0.037,1.567567567567568,0.5,1.0,0.3333333333333333,0.6666666666666666,0.9996391694788443,0.9995727600935008,0.2871277380560592,0.2681946701757945,0.3584425343258898,0.1471996473976387,0.2664718176780519,0.5902043293329392,0.7166420932747984,-0.115115115115115,0.080150069615654,-0.7357357357357355,0.4494494494494494,0.003,0.0,23.768015175006678,1000.0
79,0.0,0.8601061780493193,-0.8441147718095532,0.006777926479337,0.3409828014877597,50.30783419195652,213.026249264248,0.0414490023254458,-1.3920973997563193,2.0,0.1164999999999999,0.03,0.037,0.7956989247311829,0.037,1.4864864864864864,0.5,1.0,0.3333333333333333,0.6666666666666666,0.9996392530989856,0.9995833488245484,0.254443642451329,0.272329295200003,0.3758618860092775,0.1694964502235688,0.207621878368524,0.5356623081888574,0.7166435816093104,-0.1751751751751751,0.0963793479961578,-0.7157157157157155,0.4444444444444444,0.001,0.0,23.97002325823265,1000.0
80,0.0,0.6166397615878246,-0.6047315648444114,0.0049734602624748,0.2888741129859973,58.08312477443065,2342.3652540060298,0.5149968808122339,-0.9645376838752648,2.0,0.1,0.0814999999999999,0.31,2.160278745644599,0.091,1.4945054945054947,0.5,1.0,0.3333333333333333,0.6666666666666666,0.9996391610806,0.999575310229914,0.2723742805771086,0.2229663781359617,0.3784996794133171,0.1912377214598851,0.2862703398438261,0.708241369588916,0.7013572948031035,-0.115115115115115,0.1213623798344241,-0.6956956956956956,0.4654654654654654,0.0,0.0,21.05958612074697,1000.0
81,0.0,0.815685774552014,-0.8120011053689966,0.0067979699180678,0.3171947907686089,46.66022277114822,1633.696941200042,0.1849020714437621,-1.4339823789985653,2.0,0.1,0.0385,0.141,1.9720279720279723,0.0325,1.538461538461538,0.5,1.0,0.3333333333333333,0.6666666666666666,0.9996395297562078,0.9995840595673836,0.2803506045219441,0.2422464650426104,0.3681381739866379,0.1582631265742435,0.2421157561026024,0.5135100836377166,0.748087270476467,-0.1751751751751751,0.1158948303439811,-0.7757757757757756,0.4689689689689689,0.0,0.0,17.477549218387036,1000.0
82,0.0,0.924873153678627,-0.743119573951721,0.0039223062199279,0.4367395831564106,111.34765076155423,7709.443567401425,-0.2412389585888289,-1.166018779181653,2.0,0.0545,0.005,0.035,1.4583333333333337,0.0395,1.0126582278481011,0.5,1.0,0.3333333333333333,0.6666666666666666,0.999639155576768,0.9995634985753592,0.1736460810405412,0.2278546230472019,0.3796453809598126,0.355937660616662,0.5493183454395193,0.905586890512092,0.7166232429693533,-0.0950950950950951,0.1009262190987048,-0.6956956956956956,0.4284284284284284,0.0,0.0,28.249042927699406,1000.0
83,0.0,0.8894459802437517,-0.9088632855734614,0.0063453327035524,0.386004623146799,60.83284221341072,780.8504333896025,0.0216675108705762,-1.3497309107853928,2.0,0.097,0.0335,0.018,0.5714285714285713,0.04,1.35,0.5,1.0,0.3333333333333333,0.6666666666666666,0.99963926527072,0.9995741042065244,0.2703751149000931,0.24116190592096,0.3747044917036895,0.2008310115688237,0.253017521750486,0.6249666625701513,0.7214114721244498,-0.1551551551551551,0.1056875971184805,-0.6756756756756755,0.4524524524524524,0.0,0.0,29.790702586662967,1000.0
84,0.0,0.1310268200055173,0.6530809656263094,0.0027104995358806,0.0608384103052606,22.44546051379218,1176.4657876906424,-0.0880773447732814,-1.017521120567502,2.0,0.1,0.0665,0.25,1.7361111111111112,0.093,4.295698924731182,0.5,1.0,0.3333333333333333,1.0,0.9996391217215486,0.9995805999742314,0.2715983569220908,0.2925049515938798,0.3835416944987344,0.2328934334851161,0.3760434319034058,0.7128003105574047,0.7396897115544157,-0.055055055055055,0.1330834724654075,-0.6356356356356354,0.4509509509509509,0.0,0.0,24.21400385357206,1000.0
85,0.0,0.113980874149734,0.1621691771134889,0.0004584059459847,0.1447174972947685,315.6972516660836,1365.6001514869552,0.0847639507022079,-0.8826768227428783,2.0,0.1,0.0875,0.25,1.4970059880239523,0.102,4.063725490196078,0.5,1.0,0.3333333333333333,1.0,0.9996391608979246,0.9995717260356332,0.2332487634515484,0.2302566351219084,0.37863651108669,0.2525639319969548,0.4118335031643259,0.7435318550676201,0.7363207845125588,-0.055055055055055,0.1330834724654075,-0.6356356356356354,0.4609609609609609,0.003,0.0,26.59900115484592,1000.0
86,0.0,0.8900296126013492,-0.4955310652161676,0.0018719757657845,0.4206904227913925,224.7306992326748,8059.5259445868605,-0.2192662805377437,-1.0557848302637989,2.0,0.0654999999999999,0.0255,0.049,1.1264367816091956,0.0399999999999999,1.0375,0.5,1.0,0.3333333333333333,0.6666666666666666,0.9996391428156924,0.9995669807486408,0.1300876331857098,0.1580105529846973,0.3777579294471327,0.3085709376026355,0.5058534952526669,0.92309454424325,0.7225207815789596,-0.055055055055055,0.1330834724654075,-0.6956956956956956,0.4349349349349349,0.0,0.0,29.811883124110537,1000.0
87,0.0,0.7963828836619808,1.687843252419611,0.0072987118224403,0.2261099703600732,30.97943525662781,603.9847280439013,-0.0671305474578641,-1.3211356402344163,2.0,0.1045,0.0404999999999999,0.1169999999999999,1.636363636363636,0.05,1.2399999999999995,0.5,1.0,0.3333333333333333,0.6666666666666666,0.9996398974661246,0.9996024785035512,0.184712434081494,0.1921243808389165,0.3854546688041702,0.2321569009598956,0.2841197935388393,0.5196096485218298,0.7371721037505472,-0.2152152152152152,0.0963793479961578,-0.7957957957957956,0.4359359359359359,0.0,0.0,20.951901018199653,1000.0
88,0.0,0.0632005093457678,0.7210408002533195,0.0021446046239685,0.0055312434430425,2.5791436711569435,1191.177584020249,-0.0982161996923398,-1.139390836530383,2.0,0.1,0.096,0.25,1.6835016835016836,0.104,3.923076923076923,0.5,1.0,0.3333333333333333,1.0,0.9996392226325272,0.999572099110811,0.2453474305730393,0.2314507951567345,0.3739288479746268,0.2236419061663102,0.3548212038321495,0.6866158400665783,0.7489576940757212,-0.055055055055055,0.152821403602587,-0.6156156156156154,0.4714714714714714,0.003,0.0,20.92145551095613,1000.0
89,0.0,0.9173882694396488,-0.6896435520515577,0.0032121002337466,0.4412991884541037,137.38649367717883,23464.35637039569,-0.1765888295722437,-1.0786127376458463,2.0,0.064,0.0165,0.034,1.3333333333333333,0.045,1.011111111111111,0.5,1.0,0.3333333333333333,0.6666666666666666,0.9996393317910088,0.99956199892538,0.1447207248611864,0.2142036752841778,0.3764934911481352,0.4397101697890477,0.7173551490913164,0.9441029068088796,0.7135175669647424,-0.055055055055055,0.1600310313738701,-0.6756756756756755,0.4339339339339339,0.0,0.0,23.35304635899632,1000.0
90,0.0,0.8328857213340604,1.6496676647006372,0.0076400695127812,0.1753628761279389,22.9530471986635,1882.870049038062,-0.4005094848214535,-0.9691558865947844,2.0,0.0979999999999999,0.012,0.0215,0.8599999999999999,0.0424999999999999,1.0588235294117647,0.5,1.0,0.3333333333333333,0.6666666666666666,0.9996391284770052,0.999614207311348,0.1839168150595188,0.2288877177971589,0.3869939544168247,0.152525045898123,0.2606484597665559,0.4707072558725889,0.7338353810822953,-0.3153153153153152,0.0554298551568466,-0.9959959959959958,0.4634634634634634,0.0,0.0,24.88776450308382,1000.0
91,0.0,0.5352069145996603,1.3943579298189916,0.0055909072064015,0.1689878343266194,30.22547649031461,819.6896719440124,0.0637106871129857,-1.109869430215703,2.0,0.1,0.0595,0.3675,4.106145251396648,0.113,1.075221238938053,0.5,1.0,0.3333333333333333,0.6666666666666666,0.9996391611837866,0.9995926799321924,0.2469522038348286,0.2687288119004588,0.3799889038417688,0.1673832006106326,0.2820293367635754,0.6096286905936876,0.7503521089092804,-0.1551551551551551,0.0878909065341995,-0.6956956956956956,0.4504504504504504,0.0,0.0,17.57774733500625,1000.0
92,0.0,0.0147658026687942,0.7016733752438945,0.0005071916710672,0.0477224410519598,94.09153141561087,1139.602326569688,-0.2061127924012032,-0.9891726003525472,2.0,0.1,0.0569999999999999,0.25,1.8726591760299625,0.118,3.2288135593220346,0.5,1.0,0.3333333333333333,1.0,0.9996391333563388,0.9995706549923846,0.3040703928959359,0.2868284401709172,0.3776000531875966,0.1727251348406569,0.2569301351398309,0.6087943555650231,0.7400869220591696,-0.115115115115115,0.1056875971184805,-0.6556556556556554,0.461961961961962,0.004,0.0,24.619356246401395,1000.0
93,0.0,0.7906688709460603,1.6664694699808582,0.0073664584555176,0.2089281364872065,28.36208712080814,710.7149837028832,-0.1232184835565114,-1.268099684271308,2.0,0.1184999999999999,0.0445,0.0995,1.3537414965986398,0.0485,1.2061855670103097,0.5,1.0,0.3333333333333333,0.6666666666666666,0.999639507669516,0.9996047982196272,0.1899809503029929,0.2875911809970898,0.3895688165940015,0.2208358763014347,0.2746511201094612,0.5134404639388963,0.7273203481506465,-0.2352352352352352,0.0878909065341995,-0.8358358358358355,0.4524524524524524,0.003,0.0,17.7618791716003,1000.0
94,0.0,0.8304985157532153,-0.8187587999074867,0.0068645577426263,0.3225139183396085,46.98247584646492,497.97982846266433,0.0620589373287,-1.3714328664096966,2.0,0.111,0.0315,0.0695,1.037313432835821,0.0315,1.793650793650793,0.5,1.0,0.3333333333333333,0.6666666666666666,0.9996392121462412,0.999584731195854,0.2838717276374436,0.2730826993077538,0.3777022226233775,0.1457516010509554,0.2259016260355058,0.5222124270007116,0.7168049286851955,-0.1551551551551551,0.1158948303439811,-0.6956956956956956,0.4464464464464464,0.003,0.0,27.15130555874863,1000.0
95,0.0,0.9049261351361716,-0.8775001809497301,0.0047449580609357,0.4429652705230899,93.3549390393838,66883.17727752992,0.0539859806864763,-1.3542849083447044,3.0,0.1125,0.02,0.0545,1.2386363636363638,0.0344999999999999,1.0,0.5,1.0,0.3333333333333333,0.6666666666666666,0.999639155193422,0.9995585443207649,0.250395559628296,0.3012879795881568,0.3791395213517222,0.2067109301743628,0.3563515015689558,0.8291517020482606,0.7202776501678366,-0.0750750750750751,0.1056875971184805,-0.7757757757757756,0.466966966966967,0.0,0.0,19.523810104583905,1000.0
96,0.0,0.0559949923337245,0.6965934800192068,0.0020849024618156,0.0085040686307023,4.078880804474833,1141.3744467253257,-0.141439071501854,-1.1268890011372006,2.0,0.1,0.0794999999999999,0.25,1.968503937007874,0.106,3.6556603773584895,0.5,1.0,0.3333333333333333,1.0,0.9996393824675136,0.9995672803322224,0.2677354041558694,0.2290891309300238,0.3769575798141902,0.1999374672262817,0.3016455614489349,0.676546405409015,0.7440080356475943,-0.0750750750750751,0.1459365799155757,-0.6556556556556554,0.4614614614614614,0.0,0.0,24.759848427557028,1000.0
97,0.0,0.7835605858475082,1.6477502379693998,0.007468547358369,0.2014962294836032,26.97930665965608,859.8646378701635,-0.0706938305467573,-1.2613169622608325,2.0,0.1075,0.046,0.116,1.6111111111111116,0.044,1.3181818181818186,0.5,1.0,0.3333333333333333,0.6666666666666666,0.999639173381502,0.9996049248363276,0.191348567732432,0.226391147394543,0.3823369853662779,0.2301756700238462,0.3529991125416324,0.5117393549998334,0.7310985008152412,-0.13109068664624215,0.10167504964460136,-0.7430157430157426,0.4546364546364546,0.001,0.0,28.509895138320125,1000.0
98,0.0,0.917965683915018,-0.7684709245937169,0.0038860331025671,0.4449178636537816,114.49152694038187,9105.927545905475,-0.2084594552392704,-1.1711383581389485,3.0,0.0545,0.0095,0.039,1.2580645161290325,0.0355,1.0,0.5,1.0,0.3333333333333333,0.6666666666666666,0.9996391548898674,0.9995600115675974,0.1758034176854783,0.1913987653818976,0.3807673383118168,0.4238280193295817,0.6014027995992375,0.9013700798756156,0.7264366501201894,-0.0950950950950951,0.1213623798344241,-0.6556556556556554,0.4334334334334334,0.0,0.0,29.1250062448121,1000.0
99,0.0,0.4558676184817301,-0.3392615470835248,0.005094064593351,0.1615337558487152,31.710189945285396,3023.455017280993,0.3678227970045111,-0.7772746688678533,2.0,0.1045,0.0485,0.249,2.1373390557939915,0.0629999999999999,3.8968253968253976,0.5,1.0,0.3333333333333333,1.0,0.9996391515442372,0.999587949917004,0.2835917440125283,0.2403642745995284,0.372915639960387,0.1824957039427682,0.2670444744851013,0.6003720038335433,0.7346243227326968,-0.1751751751751751,0.1213623798344241,-0.6556556556556554,0.4574574574574575,0.0,0.0,15.499418125057444,1000.0
