problem_type,problem_name,fid,iid,dim,PC1,PC2
BBOB,BBOB_F17,17,1,2,-12.29967878449969,-6.763681139520319
BBOB,BBOB_F1,1,2,2,-12.276671001706182,27.0242338515055
BBOB,BBOB_F3,3,5,10,-12.311277059870184,-5.373414448649413
BBOB,BBOB_F23,23,3,2,-12.183143881352112,-4.370469712025258
BBOB,BBOB_F10,10,3,2,-12.293875802636858,-3.7340998097046576
BBOB,BBOB_F4,4,4,2,-12.292809262844871,-3.8192410659124114
BBOB,BBOB_F20,20,7,2,-12.279630472702173,-3.6423792122364396
BBOB,BBOB_F14,14,9,2,-12.266476297661562,-3.468929718988464
BBOB,BBOB_F4,4,5,10,-12.319496884813997,-3.8308742917623992
BBOB,BBOB_F15,15,8,2,-12.270426413000603,-3.7333095722776735
BBOB,BBOB_F15,15,0,10,-12.328072687552709,7.07937150615574
BBOB,BBOB_F3,3,7,10,-12.345416719898191,10.050273240613365
BBOB,BBOB_F14,14,2,10,-12.335045455375667,3.5475195040297773
BBOB,BBOB_F1,1,4,2,-12.289677701896691,-3.7707041790032347
BBOB,BBOB_F2,2,6,10,-12.318455513443414,-3.793609794509013
BBOB,BBOB_F13,13,1,2,-12.27283084833735,-3.7258399513295046
BBOB,BBOB_F19,19,9,2,-12.302121690159883,-3.9768435704890313
BBOB,BBOB_F13,13,3,2,-12.28176240063156,1.4012499870831225
BBOB,BBOB_F20,20,2,2,-12.27964408659864,-3.6450116043876104
BBOB,BBOB_F9,9,1,2,-12.307061454412299,-3.7791953091781982
BBOB,BBOB_F14,14,2,2,-12.292554982785116,-3.6956449949649937
BBOB,BBOB_F6,6,3,2,-12.249921915242403,-3.3900318254318687
BBOB,BBOB_F17,17,9,10,-12.367122135128165,17.550690988282266
BBOB,BBOB_F1,1,9,10,-12.339522159475717,16.299236018171612
BBOB,BBOB_F14,14,3,10,-12.320185797582518,-4.520629328748416
BBOB,BBOB_F8,8,6,10,-12.336452272188607,8.240482649619354
BBOB,BBOB_F10,10,0,10,-12.327978977911858,-3.886407419026431
BBOB,BBOB_F1,1,0,10,-12.33549254577487,8.14405813562923
BBOB,BBOB_F18,18,6,10,-12.335110700489574,0.5544026151303947
BBOB,BBOB_F20,20,3,10,-12.308963293272374,-9.867183899092904
BBOB,BBOB_F7,7,5,10,-12.310503190575634,-7.0380266139205965
BBOB,BBOB_F3,3,1,2,-12.274834368832424,-6.223442201092047
BBOB,BBOB_F21,21,3,10,-12.323957149503084,-4.040460780163448
BBOB,BBOB_F10,10,2,2,-12.320347416066268,-3.794995914990991
BBOB,BBOB_F14,14,3,2,-12.314615071802269,-3.730484738146814
BBOB,BBOB_F19,19,5,10,-12.32439632442018,-3.9590186843556445
BBOB,BBOB_F23,23,4,10,-12.320294824676619,-4.172047730927187
BBOB,BBOB_F2,2,3,10,-12.334750012580303,5.128386486453187
BBOB,BBOB_F5,5,5,10,-12.395511256346422,41.774938474871306
BBOB,BBOB_F3,3,2,2,-12.309538178616997,-3.8634480902226893
BBOB,BBOB_F3,3,6,10,-12.332302616632669,10.723824123807812
BBOB,BBOB_F2,2,4,10,-12.32235098003159,-3.8425101569554796
BBOB,BBOB_F1,1,9,2,-12.222445143280842,-12.240209529791342
BBOB,BBOB_F17,17,3,10,-12.333753577435965,1.6873586909048137
BBOB,BBOB_F19,19,5,2,-12.289246141558577,-3.9584758070237474
BBOB,BBOB_F8,8,3,10,-12.339230799457152,9.330476860204204
BBOB,BBOB_F24,24,2,2,-12.201957198703193,-4.047056642765801
BBOB,BBOB_F1,1,1,10,-12.318790150462583,-1.2244259919710407
BBOB,BBOB_F9,9,7,10,-12.322535335670192,-3.956113210127706
BBOB,BBOB_F2,2,9,10,-12.308410715644161,-10.315248615700703
BBOB,BBOB_F1,1,1,2,-12.289291582003004,-3.7598709176450598
BBOB,BBOB_F18,18,4,2,-12.300361401201187,-3.972140969248034
BBOB,BBOB_F2,2,1,2,-12.302936495225515,-3.779978046585331
BBOB,BBOB_F2,2,8,2,-12.306686103395368,-3.737850958598357
BBOB,BBOB_F2,2,5,10,-12.331819305802979,3.022263195065722
BBOB,BBOB_F2,2,2,2,-12.311128107891552,-3.497621766402841
BBOB,BBOB_F23,23,2,10,-12.319585805516736,-4.164851104899743
BBOB,BBOB_F22,22,6,2,-12.267756473166443,-3.943587753801826
BBOB,BBOB_F17,17,7,2,-12.302185044747121,-3.990321957511032
BBOB,BBOB_F6,6,5,2,-12.2535055098157,-3.468600655291939
BBOB,BBOB_F3,3,4,2,-12.30205641158442,-10.316234186244316
BBOB,BBOB_F2,2,0,10,-12.321070783654223,-1.9798075233195973
BBOB,BBOB_F5,5,2,10,-12.405899847580102,46.816871629083955
BBOB,BBOB_F18,18,1,10,-12.368300227016983,17.436984251479544
BBOB,BBOB_F1,1,0,2,-12.273568985058262,-4.211730983421678
BBOB,BBOB_F21,21,7,10,-12.324110926631732,-4.0372774612602615
BBOB,BBOB_F11,11,3,10,-12.32507330933625,-3.965556832762534
BBOB,BBOB_F16,16,2,2,-12.286970709163977,-4.162681457119814
BBOB,BBOB_F2,2,6,2,-12.307560475714869,-3.668312114629458
BBOB,BBOB_F22,22,0,2,-12.202478879802745,-6.88857810110604
BBOB,BBOB_F11,11,4,2,-12.260009942704688,-3.6197662378915334
BBOB,BBOB_F5,5,3,2,-12.332950179381996,23.388530059214986
BBOB,BBOB_F3,3,0,10,-12.363527922009979,19.80439412347694
BBOB,BBOB_F16,16,1,2,-12.267492726532335,-4.0767991929921745
BBOB,BBOB_F10,10,3,10,-12.323700939002652,-5.2574956804945305
BBOB,BBOB_F4,4,0,10,-12.316959646251929,-6.478553243487112
BBOB,BBOB_F5,5,5,2,-12.333986081582916,23.769916614585615
BBOB,BBOB_F21,21,5,2,-12.288486848650011,-4.020727781802037
BBOB,BBOB_F11,11,2,10,-12.331036468631728,-3.879932416505908
BBOB,BBOB_F9,9,5,10,-12.321226284130134,-3.9548016460536863
BBOB,BBOB_F3,3,8,2,-12.310900803412139,-3.8371685400019464
BBOB,BBOB_F2,2,5,2,-12.309869683819846,-3.2559615724792734
BBOB,BBOB_F7,7,8,10,-12.31765844349204,-5.791420208111884
BBOB,BBOB_F19,19,2,2,-12.289643076592832,-3.9657677546130685
BBOB,BBOB_F3,3,4,10,-12.322978290075731,-0.6416953356895466
BBOB,BBOB_F6,6,0,2,-12.34776459520263,27.91582035728153
BBOB,BBOB_F15,15,8,10,-12.32781482815526,-1.26243448173047
BBOB,BBOB_F11,11,8,10,-12.285946453746812,-22.992675032736443
BBOB,BBOB_F17,17,2,10,-12.319653057285787,-6.421033151569554
BBOB,BBOB_F4,4,3,10,-12.319032333277505,-2.5704542561250654
BBOB,BBOB_F19,19,9,10,-12.322834339079003,-3.9562205709135667
BBOB,BBOB_F1,1,8,2,-12.181374107870692,-22.567189338126767
BBOB,BBOB_F4,4,6,10,-12.317835554018572,-4.108475927782841
BBOB,BBOB_F4,4,2,10,-12.331990599662406,3.198202942891783
BBOB,BBOB_F5,5,1,2,-12.333915315665218,23.77845478027399
BBOB,BBOB_F1,1,5,2,-12.274236509424297,-6.300191281346428
BBOB,BBOB_F1,1,6,2,-12.234294450462416,-9.451236938364257
BBOB,BBOB_F8,8,0,10,-12.33505073731744,5.239556998589373
BBOB,BBOB_F12,12,5,10,-12.350948615245585,7.908200405316296
BBOB,BBOB_F12,12,7,10,-12.342938394466946,4.042183729000125
BBOB,BBOB_F8,8,7,2,-12.296688525273645,-3.7314515250001175
BBOB,BBOB_F7,7,8,2,-12.31684701845744,-2.836292119257799
BBOB,BBOB_F6,6,7,10,-12.351539918797846,15.019859194740928
BBOB,BBOB_F20,20,1,10,-12.30586299905496,-11.482483640022313
BBOB,BBOB_F3,3,7,2,-12.318068876824745,-3.814748535811643
BBOB,BBOB_F19,19,6,10,-12.321972024004102,-3.959032014904265
BBOB,BBOB_F13,13,8,10,-12.362400307706254,20.33077422285024
BBOB,BBOB_F17,17,6,2,-12.299033009050536,-3.695258574161528
BBOB,BBOB_F20,20,8,2,-12.277757152415708,-3.6392460168294156
BBOB,BBOB_F16,16,3,10,-12.32233493468074,-4.158886116670104
BBOB,BBOB_F21,21,5,10,-12.32399558400099,-4.050969134714769
BBOB,BBOB_F6,6,4,2,-12.269876507649803,-3.5302364795136287
BBOB,BBOB_F20,20,6,10,-12.305749917714563,-11.357335860188753
BBOB,BBOB_F2,2,4,2,-12.311561720651307,-3.555756219890895
BBOB,BBOB_F1,1,7,2,-12.30129012621549,-3.857424063422324
BBOB,BBOB_F12,12,2,10,-12.351496064104941,7.937969262568262
BBOB,BBOB_F11,11,0,2,-12.24060422657323,-3.737789594153265
BBOB,BBOB_F9,9,7,2,-12.312001032475731,-3.77631146712132
BBOB,BBOB_F9,9,0,10,-12.322230468387744,-3.95559089964047
BBOB,BBOB_F23,23,1,2,-12.170037298643978,-4.384060194737943
BBOB,BBOB_F18,18,4,10,-12.33051361460494,-1.464539512804261
BBOB,BBOB_F13,13,4,2,-12.253303405612064,-3.741723518929313
BBOB,BBOB_F14,14,0,2,-12.259983782241619,-5.165683575674341
BBOB,BBOB_F2,2,3,2,-12.310362610644411,-3.189504394941955
BBOB,BBOB_F1,1,2,10,-12.357284158280578,20.39536286240902
BBOB,BBOB_F2,2,9,2,-12.30439749285453,-3.795336565130419
BBOB,BBOB_F7,7,6,2,-12.243618500397604,-9.325598972966342
BBOB,BBOB_F8,8,4,2,-12.299005741041501,-3.728971590389876
BBOB,BBOB_F13,13,9,10,-12.33352739112199,9.388847021255614
BBOB,BBOB_F13,13,6,2,-12.295563101683365,-3.837068238199159
BBOB,BBOB_F15,15,9,10,-12.339003960090562,5.785287948857642
BBOB,BBOB_F7,7,1,10,-12.314698191956467,-6.717801631849688
BBOB,BBOB_F24,24,6,2,-12.202785229352738,-4.05614830896187
BBOB,BBOB_F2,2,1,10,-12.316548625549414,-4.354461369440452
BBOB,BBOB_F18,18,7,2,-12.31032681963179,-3.987418854818138
BBOB,BBOB_F16,16,7,2,-12.268328470528193,-4.1112091681635645
BBOB,BBOB_F17,17,5,2,-12.29640532271851,-3.9270290386493607
BBOB,BBOB_F4,4,8,2,-12.287261837423276,-3.886241824344507
BBOB,BBOB_F23,23,5,10,-12.320359608994265,-4.172932298328753
BBOB,BBOB_F13,13,0,10,-12.313011649110493,-5.8358518261666035
BBOB,BBOB_F4,4,4,10,-12.315815677720348,-5.662001908468106
BBOB,BBOB_F1,1,8,10,-12.35412672347425,16.10529224790646
BBOB,BBOB_F24,24,0,2,-12.205543341742661,-4.035812563564058
BBOB,BBOB_F1,1,4,10,-12.339641642599956,9.875060570626719
BBOB,BBOB_F10,10,6,10,-12.330982271696431,-0.3849948753847144
BBOB,BBOB_F7,7,1,2,-12.306280105723019,-3.863554787092631
BBOB,BBOB_F18,18,2,2,-12.282060681004998,-3.9291099648093297
BBOB,BBOB_F20,20,4,10,-12.307379356665423,-10.571049917276166
BBOB,BBOB_F21,21,9,10,-12.32483598011045,-4.036791308883614
BBOB,BBOB_F6,6,0,10,-12.342946738880931,11.676720211507881
BBOB,BBOB_F3,3,3,2,-12.310053630505454,-3.8343425344503745
BBOB,BBOB_F5,5,8,2,-12.335475161150285,25.22038158764634
BBOB,BBOB_F24,24,1,2,-12.198856663908135,-4.05165477365291
BBOB,BBOB_F24,24,2,10,-12.303787196112472,-3.845577378140065
BBOB,BBOB_F21,21,1,2,-12.299107393390994,-4.018327109180854
BBOB,BBOB_F3,3,0,2,-12.295330546131622,-3.9514408089621895
BBOB,BBOB_F9,9,8,2,-12.309212029531736,-3.7722575618702
BBOB,BBOB_F24,24,0,10,-12.30564468398081,-3.9858005302711375
BBOB,BBOB_F11,11,5,10,-12.330311514475833,-3.88696229105605
BBOB,BBOB_F21,21,2,2,-12.275234061919933,-3.9418495312931263
BBOB,BBOB_F11,11,4,10,-12.326873451823,-5.4785964075618985
BBOB,BBOB_F16,16,4,10,-12.325103133748458,-4.151947017211274
BBOB,BBOB_F19,19,2,10,-12.322845312750493,-3.9617345931516526
BBOB,BBOB_F17,17,3,2,-12.275977967091269,18.908529644613413
BBOB,BBOB_F2,2,2,10,-12.318426401216406,-3.8830291456266304
BBOB,BBOB_F4,4,3,2,-12.274494915918313,-3.874283572208128
BBOB,BBOB_F24,24,4,2,-12.195346045862465,-4.058949451606353
BBOB,BBOB_F16,16,2,10,-12.32306524316136,-4.1615290095266735
BBOB,BBOB_F22,22,0,10,-12.327194404988067,-3.4729035440020355
BBOB,BBOB_F8,8,1,10,-12.321117818159717,-0.07863341072028193
BBOB,BBOB_F4,4,7,2,-12.27475537188117,-5.0084717974362825
BBOB,BBOB_F8,8,9,10,-12.327667227007812,1.4076414064253235
BBOB,BBOB_F4,4,1,10,-12.319891345761581,-4.059846619808365
BBOB,BBOB_F19,19,7,2,-12.280283147466468,-3.9720559005489324
BBOB,BBOB_F5,5,0,2,-12.335980028513392,25.230819008537665
BBOB,BBOB_F5,5,1,10,-12.397811174969567,43.27766945501489
BBOB,BBOB_F24,24,7,10,-12.306284299361986,-4.265454364406803
BBOB,BBOB_F3,3,3,10,-12.363124009198502,19.799602863018638
BBOB,BBOB_F5,5,9,2,-12.332917044922022,23.39384414766013
BBOB,BBOB_F15,15,0,2,-12.280066626530177,-3.9174137566465537
BBOB,BBOB_F2,2,7,2,-12.308918444084634,-3.653876388740106
BBOB,BBOB_F6,6,8,10,-12.346410493234988,12.227716188571543
BBOB,BBOB_F4,4,7,10,-12.32618851096141,-0.21614371533022128
BBOB,BBOB_F1,1,3,10,-12.359124989945373,18.840967666766346
BBOB,BBOB_F8,8,4,10,-12.326297230890644,2.1946824410602335
BBOB,BBOB_F18,18,3,10,-12.334662597012677,3.883345026832995
BBOB,BBOB_F22,22,2,2,-12.286690876825539,-3.979969797024379
BBOB,BBOB_F8,8,2,2,-12.281885780595228,-13.846068857813219
BBOB,BBOB_F13,13,2,2,-12.305870012529054,-0.16010598064604797
BBOB,BBOB_F5,5,9,10,-12.40292252685784,45.7491390507251
BBOB,BBOB_F23,23,8,2,-12.167282886234128,-4.383110354781613
BBOB,BBOB_F19,19,3,2,-12.280582379191419,-3.969925749201491
BBOB,BBOB_F10,10,1,2,-12.280866668818186,-3.6552503244410812
BBOB,BBOB_F8,8,0,2,-12.291074989952284,-10.527714461529973
BBOB,BBOB_F1,1,3,2,-12.297567371080754,-3.4849522773835395
BBOB,BBOB_F7,7,4,10,-12.328183198884405,0.6925608452039003
BBOB,BBOB_F5,5,7,10,-12.399125017060074,43.80517272542853
BBOB,BBOB_F14,14,4,2,-12.268154881342788,-10.887736426523508
BBOB,BBOB_F21,21,6,10,-12.32364288917864,-4.054556666372871
BBOB,BBOB_F13,13,1,10,-12.347981773488577,14.388170091868488
BBOB,BBOB_F1,1,5,10,-12.34275460939992,10.459750244286067
BBOB,BBOB_F11,11,9,10,-12.327268364870456,-3.853881972392216
BBOB,BBOB_F8,8,1,2,-12.29708074390005,-3.7323033661895617
BBOB,BBOB_F13,13,0,2,-12.29367737250112,-3.804442844092985
BBOB,BBOB_F1,1,7,10,-12.349515352748414,13.77474288602995
BBOB,BBOB_F19,19,0,2,-12.300793345490575,-3.9748789121150874
BBOB,BBOB_F8,8,9,2,-12.292595756290472,-4.9975954695351765
BBOB,BBOB_F5,5,0,10,-12.383282349467432,41.53089165979204
BBOB,BBOB_F11,11,2,2,-12.253051934798092,-3.2859742086283297
BBOB,BBOB_F20,20,8,10,-12.307172457601428,-10.573912187817013
BBOB,BBOB_F19,19,8,10,-12.321638266059804,-3.9750270564919976
BBOB,BBOB_F2,2,7,10,-12.32364549218073,-3.943588011641731
BBOB,BBOB_F15,15,2,10,-12.340606964683284,4.051212033784759
BBOB,BBOB_F18,18,2,10,-12.321399511062957,-5.726180180294498
BBOB,BBOB_F22,22,1,2,-12.296451877204264,-3.940799736926368
BBOB,BBOB_F7,7,3,10,-12.314688840922056,-7.369186237951482
BBOB,BBOB_F2,2,0,2,-12.307220413237253,-3.719342393255804
BBOB,BBOB_F22,22,9,10,-12.325296575517203,-3.974900744189506
BBOB,BBOB_F10,10,4,10,-12.321680594784288,-3.7982425587840396
BBOB,BBOB_F18,18,3,2,-12.271767792401072,22.184971591091234
BBOB,BBOB_F2,2,8,10,-12.336965486648538,6.868686898925125
BBOB,BBOB_F6,6,9,2,-12.365301800186748,35.24453195476574
BBOB,BBOB_F12,12,1,2,-12.326058534370157,-3.261515336777286
BBOB,BBOB_F17,17,5,10,-12.327124655971286,-4.195916974515076
BBOB,BBOB_F15,15,6,2,-12.266510977147696,-3.8804587660001286
BBOB,BBOB_F5,5,3,10,-12.402425028785123,45.08204851662527
BBOB,BBOB_F20,20,4,2,-12.277621541965082,-3.63949327102804
BBOB,BBOB_F19,19,7,10,-12.321962554934853,-3.9552943863480565
BBOB,BBOB_F14,14,1,2,-12.295977680887756,-3.698996857465444
BBOB,BBOB_F9,9,6,2,-12.319927223481917,-3.7622082695411905
BBOB,BBOB_F13,13,4,10,-12.322810254197497,-0.16156711077903252
BBOB,BBOB_F7,7,7,10,-12.307719266694095,-9.584720050732194
BBOB,BBOB_F3,3,1,10,-12.31416629395946,-5.373349735223799
BBOB,BBOB_F6,6,7,2,-12.231225447419519,-8.38666319444079
BBOB,BBOB_F23,23,9,2,-12.178479735773807,-4.3508619338499965
BBOB,BBOB_F14,14,1,10,-12.351179428351571,11.086074464262325
BBOB,BBOB_F22,22,1,10,-12.324657109724031,-4.0159389993621
BBOB,BBOB_F18,18,8,10,-12.348887112706631,8.714857643546312
BBOB,BBOB_F10,10,8,2,-12.273859686364718,-3.3299707311958024
BBOB,BBOB_F23,23,3,10,-12.321073010467165,-4.173082576489982
BBOB,BBOB_F20,20,5,2,-12.280021468799589,-3.6392658449600375
BBOB,BBOB_F19,19,1,10,-12.321509081793268,-3.9560825695692245
BBOB,BBOB_F9,9,2,2,-12.304197477922662,-3.7832548955961935
BBOB,BBOB_F23,23,5,2,-12.17499084077988,-4.380976030460066
BBOB,BBOB_F20,20,1,2,-12.278155578966537,-3.641326689640936
BBOB,BBOB_F11,11,3,2,-12.28977320250937,-3.699240467442396
BBOB,BBOB_F16,16,7,10,-12.32370745360244,-4.159746429440756
BBOB,BBOB_F17,17,0,10,-12.333910893710636,0.2344674901676711
BBOB,BBOB_F12,12,9,10,-12.364349647855457,16.628115467240615
BBOB,BBOB_F10,10,0,2,-12.289138879092965,-3.4195275316613323
BBOB,BBOB_F21,21,0,2,-12.297264517771367,-4.032244303203364
BBOB,BBOB_F3,3,2,10,-12.322772659229804,0.23909431088213948
BBOB,BBOB_F16,16,0,2,-12.283936721368068,-4.2009806157050456
BBOB,BBOB_F18,18,5,10,-12.326095535464402,-3.9946892890881385
BBOB,BBOB_F7,7,9,10,-12.315426197304527,-7.778553940603934
BBOB,BBOB_F23,23,0,10,-12.320770556652576,-4.171367844991164
BBOB,BBOB_F20,20,2,10,-12.30763855448585,-10.435268588355862
BBOB,BBOB_F10,10,8,10,-12.313478610323612,-9.849803621691766
BBOB,BBOB_F10,10,5,10,-12.322167130152758,-6.710561264514492
BBOB,BBOB_F9,9,3,2,-12.312816811137017,-3.7865913614493754
BBOB,BBOB_F24,24,8,10,-12.306927199049913,-3.200955717425974
BBOB,BBOB_F12,12,5,2,-12.317973058577213,-3.735556095600442
BBOB,BBOB_F12,12,0,10,-12.36709590097466,17.27215629906345
BBOB,BBOB_F20,20,6,2,-12.277367842334744,-3.6501942865970323
BBOB,BBOB_F15,15,5,10,-12.323071143179842,-5.507199408761898
BBOB,BBOB_F6,6,6,2,-12.313103463023191,-3.5202845733620003
BBOB,BBOB_F4,4,6,2,-12.279972756397031,-3.6411969776482085
BBOB,BBOB_F14,14,5,10,-12.350984130620379,12.154598317517513
BBOB,BBOB_F14,14,0,10,-12.322403856172192,-5.008694526404002
BBOB,BBOB_F16,16,5,10,-12.322357863631108,-4.1608890253066715
BBOB,BBOB_F13,13,5,10,-12.310358095717088,-6.713367665570012
BBOB,BBOB_F18,18,0,10,-12.325942071422297,-2.8924166838355454
BBOB,BBOB_F17,17,8,10,-12.345225046162206,7.060799176618743
BBOB,BBOB_F8,8,8,2,-12.299549909686176,-5.949423469556666
BBOB,BBOB_F4,4,5,2,-12.289803179521039,-3.871089099483856
BBOB,BBOB_F22,22,9,2,-12.28327109339967,-4.65833857153989
BBOB,BBOB_F20,20,0,10,-12.31194942489765,-7.902282936348903
BBOB,BBOB_F21,21,1,10,-12.323778239143959,-4.0529095475383965
BBOB,BBOB_F3,3,6,2,-12.297143765421227,-13.005057305060985
BBOB,BBOB_F10,10,7,2,-12.273366627944771,-3.683804946736576
BBOB,BBOB_F1,1,6,10,-12.3460899390097,11.315422468980124
BBOB,BBOB_F13,13,9,2,-12.289420848092448,7.634943207184788
BBOB,BBOB_F4,4,1,2,-12.261679247875179,-3.801630414730876
BBOB,BBOB_F19,19,4,10,-12.321248528714461,-3.9638741910841335
BBOB,BBOB_F14,14,8,10,-12.319735117474412,-4.816822956700914
BBOB,BBOB_F17,17,1,10,-12.365766888027874,17.213106020751628
BBOB,BBOB_F6,6,3,10,-12.349288707564094,17.62075369963293
BBOB,BBOB_F7,7,0,2,-12.242902891483897,-3.884790325794828
BBOB,BBOB_F7,7,2,2,-12.32080472879478,0.8248465915801423
BBOB,BBOB_F3,3,9,2,-12.290287926756674,-7.422565347217468
BBOB,BBOB_F24,24,8,2,-12.194822790335591,-4.025343795856273
BBOB,BBOB_F17,17,4,2,-12.292736694571518,-8.5129000106241
BBOB,BBOB_F16,16,6,10,-12.322457172116875,-4.160551421238491
BBOB,BBOB_F9,9,4,2,-12.290747626787079,-3.73736384982119
BBOB,BBOB_F22,22,5,10,-12.32556400821417,-3.982411769161817
BBOB,BBOB_F6,6,1,10,-12.345395349159446,17.994022332380176
BBOB,BBOB_F22,22,3,2,-12.27587669661488,-3.960072187364218
BBOB,BBOB_F10,10,4,2,-12.22031888425794,-5.244195824645382
BBOB,BBOB_F10,10,5,2,-12.293881005832912,-3.351657252584327
BBOB,BBOB_F21,21,6,2,-12.270950545099994,-3.9532053999983012
BBOB,BBOB_F24,24,3,2,-12.195544914593457,-4.040558905835626
BBOB,BBOB_F4,4,0,2,-12.28737753494572,-3.9690470200296155
BBOB,BBOB_F24,24,9,10,-12.303888225547446,-3.7773354806753097
BBOB,BBOB_F18,18,6,2,-12.30185128036934,-3.822013384551826
BBOB,BBOB_F18,18,1,2,-12.286508568500594,-14.770658518541332
BBOB,BBOB_F7,7,3,2,-12.285791791280516,-2.24734705564424
BBOB,BBOB_F22,22,8,10,-12.32464420053988,-3.9675976874910104
BBOB,BBOB_F7,7,4,2,-12.219584019666913,-12.237056957710907
BBOB,BBOB_F23,23,9,10,-12.3200946304932,-4.177736670584476
BBOB,BBOB_F5,5,2,2,-12.334169386980957,24.489509374663708
BBOB,BBOB_F3,3,5,2,-12.258093924576537,-5.970530338980161
BBOB,BBOB_F14,14,4,10,-12.33148790779338,-1.2523252528159303
BBOB,BBOB_F10,10,6,2,-12.287558070213136,-3.6085631706984698
BBOB,BBOB_F12,12,0,2,-12.312188543780756,-3.7504800481447087
BBOB,BBOB_F5,5,4,2,-12.331988892706159,23.38641617607984
BBOB,BBOB_F11,11,8,2,-12.2740687356841,-3.6920696345870136
BBOB,BBOB_F20,20,7,10,-12.311734145418457,-8.6730303607932
BBOB,BBOB_F9,9,9,10,-12.323219170835703,-3.9702241665871743
BBOB,BBOB_F6,6,2,2,-12.259059237402717,-7.157863785896889
BBOB,BBOB_F6,6,5,10,-12.345601917833818,12.097322504787659
BBOB,BBOB_F6,6,8,2,-12.291032723649137,-3.689881371614542
BBOB,BBOB_F12,12,8,2,-12.313261812373478,-3.7432635881768386
BBOB,BBOB_F21,21,0,10,-12.32448558836506,-4.038773189734479
BBOB,BBOB_F22,22,2,10,-12.326530269358653,-3.931785577910984
BBOB,BBOB_F15,15,3,2,-12.268057034178792,-3.799887042202205
BBOB,BBOB_F10,10,1,10,-12.312546380628177,-9.003342194605779
BBOB,BBOB_F15,15,4,10,-12.326828042367035,-2.0975614691403734
BBOB,BBOB_F4,4,2,2,-12.275710066064699,-3.8861325786624485
BBOB,BBOB_F22,22,7,10,-12.324018347648522,-3.9771672060293617
BBOB,BBOB_F15,15,9,2,-12.31142922741919,-3.9314421435315468
BBOB,BBOB_F17,17,7,10,-12.330047969847822,-1.027087184603417
BBOB,BBOB_F20,20,0,2,-12.27965488426261,-3.644850404330971
BBOB,BBOB_F6,6,6,10,-12.3580952135527,16.057315121763015
BBOB,BBOB_F20,20,5,10,-12.308879364444273,-9.597441921593749
BBOB,BBOB_F18,18,9,10,-12.367826967980273,17.680018474547374
BBOB,BBOB_F21,21,7,2,-12.299698934165434,-4.050604475635188
BBOB,BBOB_F19,19,4,2,-12.274998257463343,-3.9700844755773397
BBOB,BBOB_F11,11,1,2,-12.255670296394422,-3.2666479521984737
BBOB,BBOB_F7,7,9,2,-12.296331018452491,-3.7160706122008356
BBOB,BBOB_F11,11,7,2,-12.242219624829223,-3.4627551227315085
BBOB,BBOB_F12,12,2,2,-12.384787877571744,42.35722861521038
BBOB,BBOB_F23,23,4,2,-12.163561958754288,-4.385168780497773
BBOB,BBOB_F17,17,8,2,-12.25177894219515,-3.9814204500408614
BBOB,BBOB_F16,16,9,10,-12.325303562871204,-4.153367764563715
BBOB,BBOB_F23,23,2,2,-12.17074794015034,-4.3745473291282035
BBOB,BBOB_F4,4,9,10,-12.32032605007173,-2.162877494463486
BBOB,BBOB_F13,13,3,10,-12.319169236464145,-0.871754714297151
BBOB,BBOB_F16,16,6,2,-12.272457704791906,-4.173041699850195
BBOB,BBOB_F22,22,4,2,-12.296123641966247,-4.005860113457182
BBOB,BBOB_F12,12,3,2,-12.255690354319611,-27.02693248116211
BBOB,BBOB_F18,18,8,2,-12.256660253316275,-4.005992094664183
BBOB,BBOB_F5,5,6,2,-12.333396621643827,23.770796297952106
BBOB,BBOB_F22,22,6,10,-12.325549754624673,-3.8790393056281385
BBOB,BBOB_F4,4,9,2,-12.243972121441146,-8.808045410706155
BBOB,BBOB_F13,13,7,2,-12.275763342188974,-3.598853191361155
BBOB,BBOB_F3,3,9,10,-12.341115183390873,7.957399746532179
BBOB,BBOB_F6,6,2,10,-12.348627733941342,11.92951586334472
BBOB,BBOB_F9,9,8,10,-12.323697094925569,-3.9632982127963783
BBOB,BBOB_F16,16,3,2,-12.288543564334624,-4.146489538307535
BBOB,BBOB_F23,23,0,2,-12.1678885243177,-4.38908734276029
BBOB,BBOB_F19,19,6,2,-12.292428365487098,-3.9592011254930544
BBOB,BBOB_F15,15,7,2,-12.300279312198217,5.575933948647081
BBOB,BBOB_F9,9,6,10,-12.32385515946869,-3.957817765592215
BBOB,BBOB_F12,12,4,2,-12.29623123430376,-3.779385950823255
BBOB,BBOB_F24,24,5,2,-12.19515193603772,-4.0400713611932995
BBOB,BBOB_F6,6,1,2,-12.276427460064912,4.604056253658654
BBOB,BBOB_F23,23,8,10,-12.320720294508387,-4.170354581318283
BBOB,BBOB_F15,15,3,10,-12.350398861744713,8.765687511559173
BBOB,BBOB_F22,22,8,2,-12.300426540661263,-3.9928064010549713
BBOB,BBOB_F7,7,2,10,-12.302625346894713,-12.77850623891867
BBOB,BBOB_F9,9,5,2,-12.308000523033089,-3.768669072523474
BBOB,BBOB_F18,18,5,2,-12.294223381754923,-3.8558707768927123
BBOB,BBOB_F11,11,6,10,-12.39279392285935,36.42637295550795
BBOB,BBOB_F7,7,6,10,-12.31468901457153,-3.191445559254905
BBOB,BBOB_F17,17,9,2,-12.304275503513137,1.9523317908664277
BBOB,BBOB_F20,20,3,2,-12.279633341596984,-3.642504191718962
BBOB,BBOB_F7,7,0,10,-12.321719183018113,-1.3609256959512552
BBOB,BBOB_F23,23,1,10,-12.320122469352974,-4.176104166704371
BBOB,BBOB_F8,8,6,2,-12.284738206634497,-10.84868563829881
BBOB,BBOB_F4,4,8,10,-12.314979283154917,-4.762336257410391
BBOB,BBOB_F15,15,1,2,-12.29103769511723,-1.55168210161979
BBOB,BBOB_F17,17,2,2,-12.290237073250262,-3.91860681873492
BBOB,BBOB_F9,9,2,10,-12.322320307274307,-3.9543937031524004
BBOB,BBOB_F19,19,8,2,-12.295465229773681,-3.9599848819128924
BBOB,BBOB_F18,18,9,2,-12.284645096573826,1.4736020987485583
BBOB,BBOB_F16,16,9,2,-12.286737152127326,-4.147917657888542
BBOB,BBOB_F7,7,7,2,-12.30519218750362,-3.6094741253271643
BBOB,BBOB_F8,8,2,10,-12.333233374786342,4.883714209403302
BBOB,BBOB_F12,12,3,10,-12.367462881498168,16.194352890662042
BBOB,BBOB_F23,23,7,2,-12.17249138030006,-4.359343819733161
BBOB,BBOB_F5,5,4,10,-12.404116708681517,46.58945942780867
BBOB,BBOB_F15,15,1,10,-12.32928796705903,0.08227190306959978
BBOB,BBOB_F8,8,5,10,-12.33517240023813,5.9446958421275795
BBOB,BBOB_F6,6,4,10,-12.361253663614937,20.25459719965597
BBOB,BBOB_F9,9,9,2,-12.31617922299574,-3.770968242409336
BBOB,BBOB_F24,24,3,10,-12.303984516854413,-4.126138464126226
BBOB,BBOB_F20,20,9,2,-12.280540871525577,-3.631654561551007
BBOB,BBOB_F9,9,0,2,-12.295462341215952,-3.7379351486580905
BBOB,BBOB_F23,23,6,10,-12.319444804243174,-4.169286771862776
BBOB,BBOB_F22,22,5,2,-12.294752793694263,-4.004297369335494
BBOB,BBOB_F8,8,7,10,-12.324171725981202,1.1918254192997821
BBOB,BBOB_F13,13,8,2,-12.19822713200871,-10.789688336050528
BBOB,BBOB_F12,12,4,10,-12.35032292905811,6.883095203055805
BBOB,BBOB_F10,10,2,10,-12.290102542605046,-17.16402835661294
BBOB,BBOB_F15,15,4,2,-12.180396707134332,-19.1547274574463
BBOB,BBOB_F16,16,0,10,-12.323060261956526,-4.150557991750035
BBOB,BBOB_F24,24,7,2,-12.204288883030227,-4.04767144258159
BBOB,BBOB_F13,13,6,10,-12.312225581857641,-5.835382249905704
BBOB,BBOB_F14,14,8,2,-12.268421151844173,-14.003575867089662
BBOB,BBOB_F11,11,5,2,-12.208370311595141,-10.78009688349838
BBOB,BBOB_F3,3,8,10,-12.365514563005423,20.93069755689458
BBOB,BBOB_F14,14,7,2,-12.297419780055332,-3.699255512362418
BBOB,BBOB_F12,12,8,10,-12.354190621697564,9.075223857078036
BBOB,BBOB_F23,23,6,2,-12.166891112540416,-4.38906457661674
BBOB,BBOB_F6,6,9,10,-12.34036667800673,7.118499290590873
BBOB,BBOB_F10,10,7,10,-12.32678863411694,-4.5310634309205895
BBOB,BBOB_F21,21,9,2,-12.28467845950192,-3.991670745060261
BBOB,BBOB_F10,10,9,2,-12.25923859106443,-3.667896394138578
BBOB,BBOB_F7,7,5,2,-12.241868317539721,-0.3344834182621938
BBOB,BBOB_F14,14,6,2,-12.231655550682937,-17.668713210689333
BBOB,BBOB_F8,8,5,2,-12.300614079109847,-3.7454047491558344
BBOB,BBOB_F19,19,3,10,-12.323083455063186,-3.9668217638153855
BBOB,BBOB_F17,17,0,2,-12.26588301592489,-15.846637001965027
BBOB,BBOB_F9,9,3,10,-12.32133199384603,-3.9605670085961764
BBOB,BBOB_F24,24,1,10,-12.306018112098421,-3.4920910415667583
BBOB,BBOB_F22,22,4,10,-12.325202452616269,-4.071882351433739
BBOB,BBOB_F13,13,2,10,-12.345538167621331,13.199552757361863
BBOB,BBOB_F11,11,1,10,-12.32758686359644,-3.8650147216074724
BBOB,BBOB_F16,16,5,2,-12.291370463648821,-4.160272802625619
BBOB,BBOB_F22,22,3,10,-12.324759813673994,-3.979070359019428
BBOB,BBOB_F12,12,7,2,-12.31651712090998,-3.9009023225149844
BBOB,BBOB_F16,16,8,10,-12.322052773500827,-4.162548743235976
BBOB,BBOB_F21,21,4,2,-12.26639359305871,-3.9382136909588574
BBOB,BBOB_F5,5,7,2,-12.332918877705383,23.39327069600421
BBOB,BBOB_F11,11,9,2,-12.294506438248442,-3.744883154886772
BBOB,BBOB_F14,14,9,10,-12.31697203905475,-7.628054015714243
BBOB,BBOB_F21,21,4,10,-12.324660697560848,-4.028372260757402
BBOB,BBOB_F12,12,1,10,-12.336540658135513,-0.11402845813207403
BBOB,BBOB_F24,24,4,10,-12.304815625518307,-3.7062323937339547
BBOB,BBOB_F9,9,1,10,-12.3206167248149,-3.9576209781535474
BBOB,BBOB_F13,13,5,2,-12.266517136052943,-3.6044477711531937
BBOB,BBOB_F15,15,2,2,-12.270295900285477,-3.6758701966873444
BBOB,BBOB_F5,5,6,10,-12.401528929345902,45.07253045225219
BBOB,BBOB_F11,11,6,2,-12.284356925331528,-3.372654135535254
BBOB,BBOB_F9,9,4,10,-12.32115871393809,-3.960195344958768
BBOB,BBOB_F12,12,6,2,-12.268460972070748,-24.298227554844953
BBOB,BBOB_F11,11,0,10,-12.32955639667891,-3.8550026543338243
BBOB,BBOB_F8,8,3,2,-12.301422064845926,-3.699384607226656
BBOB,BBOB_F8,8,8,10,-12.332816564896062,5.097999460794184
BBOB,BBOB_F14,14,7,10,-12.317210109705282,-6.934659599773754
BBOB,BBOB_F16,16,1,10,-12.32231124728498,-4.171628121499803
BBOB,BBOB_F21,21,8,2,-12.305185036914134,-3.9894477682924845
BBOB,BBOB_F22,22,7,2,-12.267249696689431,-3.943105694085816
BBOB,BBOB_F14,14,6,10,-12.315343607469286,-9.331303936909132
BBOB,BBOB_F10,10,9,10,-12.31575682174959,-9.048193900554022
BBOB,BBOB_F19,19,0,10,-12.32255875196506,-3.959185242692293
BBOB,BBOB_F16,16,8,2,-12.290029203679465,-4.175158839477053
BBOB,BBOB_F24,24,5,10,-12.305265870960323,-3.6380227683101407
BBOB,BBOB_F12,12,6,10,-12.37645831025406,20.50167103108918
BBOB,BBOB_F21,21,2,10,-12.325399625794695,-4.056730597484394
BBOB,BBOB_F16,16,4,2,-12.290556639583613,-4.169294610947093
BBOB,BBOB_F18,18,7,10,-12.327393823906075,-4.172159158799352
BBOB,BBOB_F11,11,7,10,-12.32285462356646,-3.840687578792561
BBOB,BBOB_F23,23,7,10,-12.321174378054808,-4.164911132436714
BBOB,BBOB_F21,21,8,10,-12.321395465416249,-4.025776640160714
BBOB,BBOB_F15,15,6,10,-12.329729690122207,0.4450061650113687
BBOB,BBOB_F21,21,3,2,-12.283754807220042,-3.999067404378765
BBOB,BBOB_F18,18,0,2,-12.254645635721987,-22.349243529659372
BBOB,BBOB_F12,12,9,2,-12.324663114973003,-3.7613291647513543
BBOB,BBOB_F24,24,9,2,-12.202170823328219,-4.04023375543271
BBOB,BBOB_F20,20,9,10,-12.308225128401222,-10.154450105717485
BBOB,BBOB_F5,5,8,10,-12.403718806987087,45.98069895215009
BBOB,BBOB_F14,14,5,2,-12.24783685833601,-18.468399629973824
BBOB,BBOB_F17,17,4,10,-12.327618625800833,1.9003886831625203
BBOB,BBOB_F24,24,6,10,-12.304637678138215,-4.127264004185879
BBOB,BBOB_F15,15,5,2,-12.298500487378371,-3.9078030940644535
BBOB,BBOB_F13,13,7,10,-12.324000104872939,1.231593865472202
BBOB,BBOB_F17,17,6,10,-12.341134762679468,3.8593728873033557
BBOB,BBOB_F19,19,1,2,-12.305078818459002,-3.970657255008514
BBOB,BBOB_F15,15,7,10,-12.361632313170134,17.819750036914307
MABBOB,MABBOB_101,-100,101,5,2.06590599869572,-4.5935215059734995
MABBOB,MABBOB_451,-100,451,5,16.10510362282124,29.902190843673885
MABBOB,MABBOB_350,-100,350,5,-3.6479980448915423,22.528951545996133
MABBOB,MABBOB_166,-100,166,5,-13.177679564001743,-4.600316596781874
MABBOB,MABBOB_346,-100,346,5,12.878060673229097,15.77706443848737
MABBOB,MABBOB_221,-100,221,5,13.60461821483647,-2.622805377482151
MABBOB,MABBOB_879,-100,879,5,-11.404350589993465,-4.7259399978375685
MABBOB,MABBOB_307,-100,307,5,30.493411553450088,21.803658957604238
MABBOB,MABBOB_523,-100,523,5,7.968938616802462,8.936797143037236
MABBOB,MABBOB_317,-100,317,5,-11.224194636649969,-4.195795255305148
MABBOB,MABBOB_713,-100,713,5,-11.506105017721621,-2.02633998018857
MABBOB,MABBOB_61,-100,61,5,-3.9715424128690606,25.800496270075918
MABBOB,MABBOB_954,-100,954,5,28.960388476815105,0.12698272022915058
MABBOB,MABBOB_419,-100,419,5,1.7932656316364808,-4.379902790773644
MABBOB,MABBOB_865,-100,865,5,30.183266175735373,7.171717416588152
MABBOB,MABBOB_556,-100,556,5,5.029770727660752,16.422330185103945
MABBOB,MABBOB_699,-100,699,5,-1.0902254670248683,-7.661907429296937
MABBOB,MABBOB_617,-100,617,5,-3.6998152686180816,-7.888124387336642
MABBOB,MABBOB_176,-100,176,5,-7.937539488072354,-7.863806047589658
MABBOB,MABBOB_449,-100,449,5,-11.450545325826706,0.4007847058608172
MABBOB,MABBOB_421,-100,421,5,-15.47623414228487,-4.048967156226871
MABBOB,MABBOB_44,-100,44,5,25.86916358979094,14.165786435994782
MABBOB,MABBOB_404,-100,404,5,4.6362486685473705,-27.08810702733265
MABBOB,MABBOB_161,-100,161,5,-6.823484725621394,-10.331768639876744
MABBOB,MABBOB_919,-100,919,5,-3.413576705522619,-7.169924000007559
MABBOB,MABBOB_33,-100,33,5,-8.205447603380154,-6.977928541483808
MABBOB,MABBOB_82,-100,82,5,-8.789813664626498,-2.819434039529695
MABBOB,MABBOB_37,-100,37,5,-11.793404878027657,-6.484416065270766
MABBOB,MABBOB_456,-100,456,5,-9.273244375950929,-6.629629363432
MABBOB,MABBOB_761,-100,761,5,-10.899463726026859,-4.269225946053054
MABBOB,MABBOB_739,-100,739,5,3.4539065356211442,-1.6473512192955682
MABBOB,MABBOB_116,-100,116,5,-1.078327227858865,18.041305288804974
MABBOB,MABBOB_950,-100,950,5,-8.814746076610348,-3.923664764928219
MABBOB,MABBOB_898,-100,898,5,30.347141462342396,13.815712500212008
MABBOB,MABBOB_430,-100,430,5,-5.885803796722617,-4.026970983569911
MABBOB,MABBOB_689,-100,689,5,-4.502491883869189,14.211588191379807
MABBOB,MABBOB_848,-100,848,5,-12.768512456927263,-4.041346629025648
MABBOB,MABBOB_144,-100,144,5,14.20007656724793,10.89065230689908
MABBOB,MABBOB_810,-100,810,5,-5.6248265809809865,-7.286210992820217
MABBOB,MABBOB_266,-100,266,5,-12.351702162199892,-3.978978142029665
MABBOB,MABBOB_411,-100,411,5,33.740589489763565,17.192280694946714
MABBOB,MABBOB_922,-100,922,5,-12.741603890701617,-4.377135877156954
MABBOB,MABBOB_606,-100,606,5,4.408333201960968,6.618997206758733
MABBOB,MABBOB_162,-100,162,5,-4.010969914182816,-22.66604473064984
MABBOB,MABBOB_520,-100,520,5,-0.6648249795507161,-7.0676697540551885
MABBOB,MABBOB_464,-100,464,5,-9.352903098653599,8.507451628300952
MABBOB,MABBOB_407,-100,407,5,-12.931888373971299,-3.830611667639187
MABBOB,MABBOB_62,-100,62,5,-12.229899564771543,-6.060135951681171
MABBOB,MABBOB_876,-100,876,5,-13.404533875970843,-3.8287663131992558
MABBOB,MABBOB_680,-100,680,5,-12.242897413260115,-3.915940845649684
MABBOB,MABBOB_8,-100,8,5,-5.627765098459289,-7.332942744500631
MABBOB,MABBOB_207,-100,207,5,-10.18578142343783,-3.785559439707404
MABBOB,MABBOB_51,-100,51,5,11.609825166451817,-7.633307540690814
MABBOB,MABBOB_34,-100,34,5,3.0428198152971273,-13.995087977277167
MABBOB,MABBOB_246,-100,246,5,24.32259422773328,11.75002363778406
MABBOB,MABBOB_220,-100,220,5,-12.014507340788676,-4.441056827084329
MABBOB,MABBOB_426,-100,426,5,22.221430541074707,6.3051266618414825
MABBOB,MABBOB_208,-100,208,5,27.977524621772186,15.338390808622368
MABBOB,MABBOB_688,-100,688,5,31.533531794089733,-3.659669293013789
MABBOB,MABBOB_766,-100,766,5,-6.201900485309928,4.6382433143068775
MABBOB,MABBOB_997,-100,997,5,1.3589653504816916,20.7033339107197
MABBOB,MABBOB_555,-100,555,5,-7.333662095343572,-13.609009751831366
MABBOB,MABBOB_530,-100,530,5,36.08568373948378,3.300167576073155
MABBOB,MABBOB_415,-100,415,5,-12.398160536708707,-5.24746480111591
MABBOB,MABBOB_855,-100,855,5,-7.642596291020037,6.138042698110795
MABBOB,MABBOB_418,-100,418,5,-1.0299837023781404,21.05136473014195
MABBOB,MABBOB_26,-100,26,5,19.335625888155537,-8.750876243956625
MABBOB,MABBOB_387,-100,387,5,2.506562814652983,15.240507592205585
MABBOB,MABBOB_577,-100,577,5,-10.6894503027613,-4.148652929265256
MABBOB,MABBOB_424,-100,424,5,8.984260376966354,1.3304810108007983
MABBOB,MABBOB_528,-100,528,5,16.441744962519625,-4.251728440926146
MABBOB,MABBOB_756,-100,756,5,-11.485016921988127,-2.6181242657720385
MABBOB,MABBOB_390,-100,390,5,26.034673024605894,-2.794928432666969
MABBOB,MABBOB_461,-100,461,5,-7.311118666547987,-4.001863515075071
MABBOB,MABBOB_567,-100,567,5,-11.301237826092398,10.094769205580542
MABBOB,MABBOB_529,-100,529,5,-8.219050237215251,-2.1700646413183007
MABBOB,MABBOB_423,-100,423,5,15.448337539255986,15.888137878508271
MABBOB,MABBOB_188,-100,188,5,-10.992700701436437,-5.556274604542031
MABBOB,MABBOB_773,-100,773,5,-11.156421511649931,-4.729213927704665
MABBOB,MABBOB_542,-100,542,5,-4.878247879885637,-1.5371122354500535
MABBOB,MABBOB_492,-100,492,5,1.0111757344364194,-13.444598938337002
MABBOB,MABBOB_259,-100,259,5,11.118763721969042,35.7060491101682
MABBOB,MABBOB_257,-100,257,5,-1.7043302281271022,-10.14403270862575
MABBOB,MABBOB_405,-100,405,5,-9.869171941347547,-7.374942957138216
MABBOB,MABBOB_565,-100,565,5,-12.243539857389006,-4.0240728466775675
MABBOB,MABBOB_113,-100,113,5,11.554433020578182,28.95279723676164
MABBOB,MABBOB_99,-100,99,5,0.7796262693924872,-7.976427528797825
MABBOB,MABBOB_862,-100,862,5,-13.521753716870226,-3.8528637737235445
MABBOB,MABBOB_248,-100,248,5,41.32957223626997,16.62777071112088
MABBOB,MABBOB_911,-100,911,5,0.5487420179744888,-7.265968901096514
MABBOB,MABBOB_964,-100,964,5,-9.04312787500317,3.236527655770406
MABBOB,MABBOB_103,-100,103,5,0.23252205558537706,-8.958109609106014
MABBOB,MABBOB_1,-100,1,5,-10.157874579894793,5.834618535899247
MABBOB,MABBOB_275,-100,275,5,-4.2092734263676395,-3.7926617422855915
MABBOB,MABBOB_147,-100,147,5,-2.142911444238735,-8.175264188967036
MABBOB,MABBOB_943,-100,943,5,-12.502788151594757,-5.588847250143475
MABBOB,MABBOB_491,-100,491,5,-7.456626091522024,-8.32613543696777
MABBOB,MABBOB_88,-100,88,5,-0.2671839759591694,26.977121681178684
MABBOB,MABBOB_569,-100,569,5,-16.188216905986884,-4.191667574266217
MABBOB,MABBOB_687,-100,687,5,-4.099582712243017,-3.143648738401902
MABBOB,MABBOB_709,-100,709,5,-8.73310887469204,-4.29790596593653
MABBOB,MABBOB_662,-100,662,5,13.892186087034894,6.679376756380269
MABBOB,MABBOB_864,-100,864,5,17.795919301703822,13.906519224395005
MABBOB,MABBOB_787,-100,787,5,21.5025922933763,10.627563181324136
MABBOB,MABBOB_788,-100,788,5,-10.239912937387306,-2.64875157729042
MABBOB,MABBOB_519,-100,519,5,-10.051841041258351,-4.2632825493669815
MABBOB,MABBOB_367,-100,367,5,4.022241659331876,-2.6884106257298654
MABBOB,MABBOB_114,-100,114,5,-10.90322346712448,-4.1177682819196955
MABBOB,MABBOB_361,-100,361,5,-11.785706943411668,-4.857338222436993
MABBOB,MABBOB_536,-100,536,5,-4.848521122350185,-3.63163660881983
MABBOB,MABBOB_608,-100,608,5,-14.353602765564109,-4.393314277912428
MABBOB,MABBOB_67,-100,67,5,-5.716489876903459,-4.3125663828083995
MABBOB,MABBOB_891,-100,891,5,-12.461716529545708,-3.755745661671499
MABBOB,MABBOB_413,-100,413,5,10.18355357547666,-2.435677598500183
MABBOB,MABBOB_333,-100,333,5,-6.486427482316927,8.840390478318636
MABBOB,MABBOB_508,-100,508,5,20.6439963598066,2.8381603046783703
MABBOB,MABBOB_795,-100,795,5,-0.7552580503624038,3.848123350773561
MABBOB,MABBOB_878,-100,878,5,-11.77233789298575,-3.211340399463346
MABBOB,MABBOB_982,-100,982,5,-8.860187444820765,14.609763562506016
MABBOB,MABBOB_738,-100,738,5,-4.995189114298252,-4.048531848449076
MABBOB,MABBOB_657,-100,657,5,-12.536025618407558,-4.027939918910362
MABBOB,MABBOB_763,-100,763,5,-9.294829560899222,-4.556585107507867
MABBOB,MABBOB_373,-100,373,5,-13.770442195392658,-7.34729861171232
MABBOB,MABBOB_887,-100,887,5,-11.150034587421466,-7.094084940777752
MABBOB,MABBOB_440,-100,440,5,-17.912177728492203,-4.06236053240647
MABBOB,MABBOB_918,-100,918,5,-13.835723880299513,-4.08145280671759
MABBOB,MABBOB_15,-100,15,5,61.89508385572367,4.801000648992711
MABBOB,MABBOB_410,-100,410,5,-6.156026819486439,13.179139093287308
MABBOB,MABBOB_482,-100,482,5,-11.239555059849579,-2.992176815859182
MABBOB,MABBOB_123,-100,123,5,-8.915295025884527,-10.935358681640274
MABBOB,MABBOB_782,-100,782,5,-0.26389050308116463,5.039634478442673
MABBOB,MABBOB_989,-100,989,5,-1.0139991911522916,11.7200795897877
MABBOB,MABBOB_558,-100,558,5,-10.300038416742543,-4.632169018232178
MABBOB,MABBOB_400,-100,400,5,-12.500333889341801,-4.095517649164463
MABBOB,MABBOB_502,-100,502,5,-9.910096525258707,18.865998086664078
MABBOB,MABBOB_965,-100,965,5,-10.335818296269577,-4.264175205758787
MABBOB,MABBOB_646,-100,646,5,-0.2817077603491012,-7.783575540956462
MABBOB,MABBOB_74,-100,74,5,-10.02943258587006,-6.069072409030771
MABBOB,MABBOB_566,-100,566,5,-2.231034512873807,18.796618453032238
MABBOB,MABBOB_759,-100,759,5,-9.457648577269653,-4.305069808634883
MABBOB,MABBOB_906,-100,906,5,-6.5174090833149725,5.7794096397241175
MABBOB,MABBOB_844,-100,844,5,-11.824572961919566,-4.018917139392794
MABBOB,MABBOB_783,-100,783,5,14.21382316489591,-3.6545462929420616
MABBOB,MABBOB_368,-100,368,5,18.130740548598013,11.259044245123231
MABBOB,MABBOB_961,-100,961,5,-11.873699692184656,-3.96743447661331
MABBOB,MABBOB_747,-100,747,5,18.836336456247988,-12.815073148769919
MABBOB,MABBOB_575,-100,575,5,-14.63280215859239,-4.050404955516588
MABBOB,MABBOB_118,-100,118,5,21.857476777182328,19.428968342849725
MABBOB,MABBOB_870,-100,870,5,13.416337230861545,-3.4565531938998673
MABBOB,MABBOB_727,-100,727,5,19.954826859041525,24.144869598837683
MABBOB,MABBOB_349,-100,349,5,-6.434811847710537,-4.497820951171747
MABBOB,MABBOB_980,-100,980,5,-10.819050399747987,-7.758597542896508
MABBOB,MABBOB_73,-100,73,5,-1.9215653738497414,8.239005163764864
MABBOB,MABBOB_597,-100,597,5,-8.647012872866146,-3.889324718911896
MABBOB,MABBOB_836,-100,836,5,-8.229217650147902,-7.2377442086392305
MABBOB,MABBOB_706,-100,706,5,-2.4647221899460443,7.0241605658613855
MABBOB,MABBOB_486,-100,486,5,-7.5345832219947635,-0.9841477529301229
MABBOB,MABBOB_779,-100,779,5,-16.53636493970206,-4.158323804001266
MABBOB,MABBOB_203,-100,203,5,-11.599782236945462,-3.8638249430912657
MABBOB,MABBOB_177,-100,177,5,-10.476734969425987,9.959102187417637
MABBOB,MABBOB_170,-100,170,5,-1.6257177298636605,-3.9474942586049533
MABBOB,MABBOB_639,-100,639,5,0.03655647878760249,-4.331607107994538
MABBOB,MABBOB_335,-100,335,5,23.949537673425898,20.39282141283581
MABBOB,MABBOB_360,-100,360,5,-10.045109771693923,-5.893857776493585
MABBOB,MABBOB_772,-100,772,5,-9.460608491410373,-4.152690661493126
MABBOB,MABBOB_901,-100,901,5,-5.956712917078261,-4.684433956881198
MABBOB,MABBOB_217,-100,217,5,-12.044681371994491,-3.8591698755240396
MABBOB,MABBOB_586,-100,586,5,12.893416880792012,16.61226142757145
MABBOB,MABBOB_181,-100,181,5,-5.513308674591816,-4.067490531703607
MABBOB,MABBOB_852,-100,852,5,5.374397660489136,13.503408289942097
MABBOB,MABBOB_642,-100,642,5,47.30230628354232,12.594007377722852
MABBOB,MABBOB_260,-100,260,5,-9.800052323375006,-3.5884918641429295
MABBOB,MABBOB_671,-100,671,5,-4.988619889831103,18.47717853834703
MABBOB,MABBOB_538,-100,538,5,-10.838921412958877,7.673428933898701
MABBOB,MABBOB_741,-100,741,5,-8.442214487159895,-3.9802598189231015
MABBOB,MABBOB_991,-100,991,5,1.5954055540373737,5.080041136071941
MABBOB,MABBOB_212,-100,212,5,12.999472839900282,14.10430449678028
MABBOB,MABBOB_604,-100,604,5,-3.0892013900631254,-4.479691341428004
MABBOB,MABBOB_707,-100,707,5,-2.669333380599349,6.306010804037581
MABBOB,MABBOB_40,-100,40,5,0.3170020417538254,2.1476366076982547
MABBOB,MABBOB_24,-100,24,5,-7.83737428287823,-7.004466927823081
MABBOB,MABBOB_494,-100,494,5,77.07042015861111,4.553302365824497
MABBOB,MABBOB_330,-100,330,5,-9.440543711932946,-9.2002370192467
MABBOB,MABBOB_525,-100,525,5,-9.58425606643789,-3.986654730923682
MABBOB,MABBOB_163,-100,163,5,19.45046309707569,0.8092271310782482
MABBOB,MABBOB_6,-100,6,5,-4.091604724506063,-15.178280277348502
MABBOB,MABBOB_97,-100,97,5,-8.586777425764502,9.2466491675069
MABBOB,MABBOB_2,-100,2,5,-3.435190798729051,-4.348916149331742
MABBOB,MABBOB_629,-100,629,5,-13.9854881768437,-3.88934409972332
MABBOB,MABBOB_105,-100,105,5,-11.079228909272077,-4.295886933223452
MABBOB,MABBOB_677,-100,677,5,-5.235949276011359,21.015216936666157
MABBOB,MABBOB_466,-100,466,5,-12.89012557991277,-3.827532146508303
MABBOB,MABBOB_618,-100,618,5,-10.051026882440274,-4.985571697570407
MABBOB,MABBOB_115,-100,115,5,-5.305623866079773,-6.1663480419668
MABBOB,MABBOB_592,-100,592,5,-12.304482283713776,-4.692407510630372
MABBOB,MABBOB_695,-100,695,5,-9.346978962919408,-4.0210895345710025
MABBOB,MABBOB_798,-100,798,5,-7.387913157715557,-0.5360237000102608
MABBOB,MABBOB_955,-100,955,5,-6.990856754482023,8.405527580399733
MABBOB,MABBOB_830,-100,830,5,-13.655385542094132,-5.3392746551487145
MABBOB,MABBOB_215,-100,215,5,15.812152299464797,4.426735244124587
MABBOB,MABBOB_949,-100,949,5,-7.431563022958146,5.20635708993981
MABBOB,MABBOB_204,-100,204,5,-11.276724352801718,-4.069721310924351
MABBOB,MABBOB_445,-100,445,5,-7.624077787462677,-8.625674309276917
MABBOB,MABBOB_609,-100,609,5,12.250469005220237,-3.6843387635110916
MABBOB,MABBOB_764,-100,764,5,-19.10621459131932,-4.18237931343211
MABBOB,MABBOB_192,-100,192,5,-10.474392191501787,4.116087908570987
MABBOB,MABBOB_190,-100,190,5,-11.703513919655638,3.593022554832712
MABBOB,MABBOB_827,-100,827,5,-10.812775572861595,-3.8527339764165807
MABBOB,MABBOB_769,-100,769,5,14.340073874693628,10.277460860712436
MABBOB,MABBOB_329,-100,329,5,15.730907753065532,26.78367474077423
MABBOB,MABBOB_359,-100,359,5,-13.048154592676399,-4.191905333355687
MABBOB,MABBOB_264,-100,264,5,-9.002960179953202,-4.098323177294339
MABBOB,MABBOB_107,-100,107,5,9.136357186891118,18.697097887220988
MABBOB,MABBOB_396,-100,396,5,-5.138370690703578,32.01699409959169
MABBOB,MABBOB_284,-100,284,5,-6.889560382676277,-4.860077924731045
MABBOB,MABBOB_811,-100,811,5,-5.70469762907099,28.260360594142004
MABBOB,MABBOB_877,-100,877,5,-11.748052054760686,-4.685936185224436
MABBOB,MABBOB_531,-100,531,5,-6.843835924700606,-6.572912654036322
MABBOB,MABBOB_348,-100,348,5,-8.23181101939702,4.456484278777681
MABBOB,MABBOB_344,-100,344,5,1.158367399209225,23.930907026151214
MABBOB,MABBOB_746,-100,746,5,11.730157816096417,-5.707416174383913
MABBOB,MABBOB_700,-100,700,5,15.514108910606458,32.65176676912602
MABBOB,MABBOB_740,-100,740,5,-8.912257252349328,-0.680162834822538
MABBOB,MABBOB_243,-100,243,5,-9.603513850182432,-9.820911640126429
MABBOB,MABBOB_270,-100,270,5,-7.04694182872113,-5.906198512019611
MABBOB,MABBOB_371,-100,371,5,-0.8489382972234072,-4.30921769334957
MABBOB,MABBOB_975,-100,975,5,-13.283084458736841,-4.016723460824921
MABBOB,MABBOB_305,-100,305,5,-5.357851244596085,-0.6357496002793714
MABBOB,MABBOB_993,-100,993,5,-12.51142329154602,-3.1300207966305402
MABBOB,MABBOB_812,-100,812,5,-6.110591279763389,-0.030086243752084005
MABBOB,MABBOB_149,-100,149,5,-12.818326261579664,-4.308104656550629
MABBOB,MABBOB_324,-100,324,5,-13.533370953261704,-4.183317626092628
MABBOB,MABBOB_327,-100,327,5,-14.447303143022731,-3.9810477565748768
MABBOB,MABBOB_714,-100,714,5,-9.929248561109306,-4.0626926504400975
MABBOB,MABBOB_388,-100,388,5,-11.750076570344662,-4.017258808942946
MABBOB,MABBOB_182,-100,182,5,-7.488800541280973,14.903350812118273
MABBOB,MABBOB_691,-100,691,5,6.472213860708488,10.057195402961081
MABBOB,MABBOB_731,-100,731,5,7.1082063036864,-12.054875129684564
MABBOB,MABBOB_268,-100,268,5,-9.714647366195988,-5.169517039528108
MABBOB,MABBOB_476,-100,476,5,-12.233944982385736,-3.9908335272828506
LLM,LLM_0001,-200,1,5,-12.430704727960421,-3.8627008482901815
LLM,LLM_0002,-200,2,5,-12.93014366848028,-4.116884430986262
LLM,LLM_0003,-200,3,5,-12.780312204483536,-4.3810743869548325
LLM,LLM_0004,-200,4,5,-12.261703953601076,-2.9381275684776793
LLM,LLM_0005,-200,5,5,-12.7708364890835,-3.9420048246525874
LLM,LLM_0006,-200,6,5,-13.938140647716455,-4.38869483249812
LLM,LLM_0007,-200,7,5,-11.311788156779482,12.773221646603117
LLM,LLM_0008,-200,8,5,3.2694506771689875,-8.822187165261528
LLM,LLM_0009,-200,9,5,-12.1977021845829,-3.0295918831287927
LLM,LLM_0010,-200,10,5,-12.230243745482,-4.044337366426895
LLM,LLM_0011,-200,11,5,-12.797490654860006,-4.111773830435404
LLM,LLM_0012,-200,12,5,-12.279480889264047,-3.6577680724782575
LLM,LLM_0014,-200,14,5,-12.54932897767841,0.20057332150830556
LLM,LLM_0015,-200,15,5,-12.303543292136018,-3.851950877916834
LLM,LLM_0016,-200,16,5,-12.016151877665239,-4.217221999371535
LLM,LLM_0018,-200,18,5,-12.234697077043696,-0.8299836459132971
LLM,LLM_0019,-200,19,5,-11.522546941810782,4.743286894089953
LLM,LLM_0020,-200,20,5,-12.149384000142959,-4.21499842710199
LLM,LLM_0021,-200,21,5,-12.319901525600367,-4.316642537424733
LLM,LLM_0022,-200,22,5,16.51046352615272,17.07483347586763
LLM,LLM_0023,-200,23,5,-13.072020605735291,-4.301358839456039
LLM,LLM_0024,-200,24,5,-12.765661345136763,-4.358613450088845
LLM,LLM_0025,-200,25,5,-11.727383824000285,5.342276067528249
LLM,LLM_0026,-200,26,5,13.739510780228537,11.978431602840757
LLM,LLM_0027,-200,27,5,-13.112434405165681,-4.413136934635148
LLM,LLM_0029,-200,29,5,-12.242958708905176,-4.037376834519712
LLM,LLM_0031,-200,31,5,-13.963312996122013,-3.949028827341337
LLM,LLM_0032,-200,32,5,13.1401354776725,13.3074211054407
LLM,LLM_0033,-200,33,5,13.642881283044936,11.040064134468262
LLM,LLM_0034,-200,34,5,-25.505175954197878,-4.2939582045568985
LLM,LLM_0035,-200,35,5,-13.145687851329328,-4.126724361231653
LLM,LLM_0036,-200,36,5,-12.521352643849651,-4.282003662238241
LLM,LLM_0038,-200,38,5,-12.823678843284181,-4.389152611396871
LLM,LLM_0039,-200,39,5,-12.751661888245533,-4.360671912888557
LLM,LLM_0040,-200,40,5,-12.343204334635764,-4.382816600018751
LLM,LLM_0042,-200,42,5,-12.761686341091291,-4.353326452481859
LLM,LLM_0043,-200,43,5,-20.303785608650767,-4.287209553689288
LLM,LLM_0044,-200,44,5,-17.52546881811754,-4.309222307184072
LLM,LLM_0045,-200,45,5,-12.767272905773414,-4.3449367987826255
LLM,LLM_0046,-200,46,5,-12.684979600433552,-4.355678509925974
LLM,LLM_0047,-200,47,5,-12.627958347960675,-4.131686052910818
LLM,LLM_0048,-200,48,5,-12.577042051458394,-3.0779889374254656
LLM,LLM_0049,-200,49,5,-23.190236497115944,5.4857219245477795
LLM,LLM_0050,-200,50,5,-14.016974126731942,-3.8840232405439306
LLM,LLM_0052,-200,52,5,-13.066681044851364,-4.127561773407352
LLM,LLM_0053,-200,53,5,-12.325928482029672,-3.5701354285857367
LLM,LLM_0054,-200,54,5,-13.18605150885299,-4.130139369020281
LLM,LLM_0055,-200,55,5,-22.338896337517372,-4.271403237053606
LLM,LLM_0057,-200,57,5,-10.551864577980728,-4.352680220571249
LLM,LLM_0058,-200,58,5,-12.303627103409854,-3.481827891999291
LLM,LLM_0059,-200,59,5,-23.717892883404673,-4.371587450444653
LLM,LLM_0060,-200,60,5,-17.874515333702647,-4.143543854723202
LLM,LLM_0061,-200,61,5,-13.35727371650203,-4.049887637898295
LLM,LLM_0062,-200,62,5,-14.158040748717218,-4.5072604483787595
LLM,LLM_0063,-200,63,5,-1.977152491234656,24.216308511457758
LLM,LLM_0064,-200,64,5,-12.625579385468217,-4.333471811462764
LLM,LLM_0066,-200,66,5,-8.76954021758609,27.95115754813437
LLM,LLM_0067,-200,67,5,-14.059012737202442,-3.9922320171391834
LLM,LLM_0068,-200,68,5,-10.46440432344606,19.799358906149056
LLM,LLM_0069,-200,69,5,94.87538824007159,-4.600552683654923
LLM,LLM_0070,-200,70,5,-4.654716988565399,5.724700957589247
LLM,LLM_0072,-200,72,5,-18.270219363339752,-4.29849047894484
LLM,LLM_0074,-200,74,5,-14.429941948054054,-3.992339403330525
LLM,LLM_0075,-200,75,5,-13.63978774099548,-4.458822624641118
LLM,LLM_0076,-200,76,5,-0.3416358368617636,23.619094007418262
LLM,LLM_0077,-200,77,5,-12.792746269439727,-4.291246309476192
LLM,LLM_0078,-200,78,5,-12.303162001336933,-4.308256692627334
LLM,LLM_0079,-200,79,5,-12.997471850347436,-4.454353125927541
LLM,LLM_0080,-200,80,5,-12.424450105584203,-4.301883677255677
LLM,LLM_0081,-200,81,5,-14.123748506252493,-3.999020268338064
LLM,LLM_0082,-200,82,5,0.04714749201374608,13.227302480641999
LLM,LLM_0084,-200,84,5,-18.566254701915533,-4.294558001414836
LLM,LLM_0085,-200,85,5,-42.31015948763528,-4.64704345589421
LLM,LLM_0086,-200,86,5,-13.694337852931849,-4.005203499184408
LLM,LLM_0087,-200,87,5,-17.73291771357961,-4.261444484154824
LLM,LLM_0088,-200,88,5,-10.07825206666745,8.534178289733585
LLM,LLM_0089,-200,89,5,-10.22716316173482,-5.3203007790762795
LLM,LLM_0090,-200,90,5,-13.132986290792894,-3.992042247431332
LLM,LLM_0091,-200,91,5,-16.64331802025357,-4.204492200959971
LLM,LLM_0092,-200,92,5,-15.051909106010115,-4.0483277104115665
LLM,LLM_0093,-200,93,5,-12.992225601222847,-3.904300015363139
LLM,LLM_0094,-200,94,5,-18.69250150970069,-4.281556657987249
LLM,LLM_0095,-200,95,5,-12.484606758209774,-4.245946321603143
LLM,LLM_0096,-200,96,5,-22.24429719065497,-4.340881791511537
LLM,LLM_0097,-200,97,5,-15.519459886948718,-3.993197171034058
LLM,LLM_0098,-200,98,5,-12.955411301368844,-3.9550103209920473
LLM,LLM_0099,-200,99,5,-13.59546236592809,-4.013382712629149
LLM,LLM_0100,-200,100,5,-7.064243227502719,28.91762904842086
LLM,LLM_0101,-200,101,5,-11.445259487446314,28.267555905777723
LLM,LLM_0102,-200,102,5,-12.003295777092909,-2.3368281413692027
LLM,LLM_0103,-200,103,5,-11.33471193561953,-3.8558364894214643
LLM,LLM_0104,-200,104,5,-12.946625332456202,-3.9746211914548955
LLM,LLM_0105,-200,105,5,-20.071636410878803,-4.261415902941884
LLM,LLM_0106,-200,106,5,-13.464551794447045,-4.025882763814442
LLM,LLM_0107,-200,107,5,-12.592394150104449,-4.205097464412756
LLM,LLM_0108,-200,108,5,-13.299169931980066,-4.414381696023246
LLM,LLM_0109,-200,109,5,-12.876015561257185,-4.471291103695672
LLM,LLM_0110,-200,110,5,-21.035033519862964,-4.333867659652438
LLM,LLM_0111,-200,111,5,-12.060899353219519,-3.924617606360351
LLM,LLM_0112,-200,112,5,-12.660021322337053,-4.164842568847399
LLM,LLM_0113,-200,113,5,-12.742452993571712,-4.0873088929063455
LLM,LLM_0114,-200,114,5,-14.580776798217011,-4.027234976519795
LLM,LLM_0115,-200,115,5,-12.623809911824125,-3.892609644269119
LLM,LLM_0116,-200,116,5,-1.6068818598868997,8.981460809708256
LLM,LLM_0117,-200,117,5,-13.588145662783075,-3.9779819525725277
LLM,LLM_0118,-200,118,5,-14.28090191989457,-4.003945959293375
LLM,LLM_0119,-200,119,5,-13.820547957855347,-4.017327419758874
LLM,LLM_0120,-200,120,5,-14.12781195917853,-3.986096130137974
LLM,LLM_0121,-200,121,5,-14.406978563362774,-3.987837148562721
LLM,LLM_0122,-200,122,5,-49.717377809159295,-4.648636262936159
LLM,LLM_0123,-200,123,5,-12.190371662021533,-4.113367456273445
LLM,LLM_0124,-200,124,5,-12.603879820993795,-3.801301677067091
LLM,LLM_0125,-200,125,5,-14.418041301298349,-4.007565408988083
LLM,LLM_0126,-200,126,5,-14.496209886937109,-3.9926815971797756
LLM,LLM_0127,-200,127,5,-13.224684257191898,-4.107343905875699
LLM,LLM_0129,-200,129,5,-14.381964317676202,-4.00224046072187
LLM,LLM_0130,-200,130,5,-12.558860139160709,-4.111608728111197
LLM,LLM_0131,-200,131,5,-12.027341838192703,-3.949733848722834
LLM,LLM_0132,-200,132,5,-12.723724697841709,-4.095227727713675
LLM,LLM_0134,-200,134,5,-14.31285754993087,-3.9996719919063395
LLM,LLM_0135,-200,135,5,-14.179375833808308,-3.9470914913931257
LLM,LLM_0136,-200,136,5,-12.670421292023168,-4.078461878656427
LLM,LLM_0137,-200,137,5,-12.623176323047732,-3.9006914370727577
LLM,LLM_0138,-200,138,5,-14.333411482562514,-4.014755428637355
LLM,LLM_0139,-200,139,5,-14.506390555012109,-4.016503585441762
LLM,LLM_0140,-200,140,5,-12.873462473232165,-3.917351818548164
LLM,LLM_0141,-200,141,5,-12.586236944803419,-4.22698557245846
LLM,LLM_0142,-200,142,5,-12.77042612297913,-4.299361064676612
LLM,LLM_0143,-200,143,5,-14.050039433813,-3.9848504908346003
LLM,LLM_0144,-200,144,5,-30.03004318518035,-4.481005119764184
LLM,LLM_0145,-200,145,5,-14.044239512040258,-3.9446110432859767
LLM,LLM_0146,-200,146,5,-14.430581166574663,-4.020738716165379
LLM,LLM_0147,-200,147,5,-19.29205405917667,-4.180961500807339
LLM,LLM_0148,-200,148,5,-10.144535256037964,30.876347529231985
LLM,LLM_0149,-200,149,5,-14.442619639353838,-4.000599796362094
LLM,LLM_0150,-200,150,5,-12.789455486731223,-3.8755998707895563
LLM,LLM_0151,-200,151,5,-12.542963850047245,-4.1483117666970335
LLM,LLM_0152,-200,152,5,-14.563126031433885,-4.028416529687551
LLM,LLM_0153,-200,153,5,-11.227186169080197,-6.594159268483288
LLM,LLM_0154,-200,154,5,-13.984379467431735,-3.962460101153325
LLM,LLM_0155,-200,155,5,-14.811837958543608,-4.0100020829314404
LLM,LLM_0156,-200,156,5,-12.549939328366419,-3.825635782201739
LLM,LLM_0157,-200,157,5,-18.768471439046106,-3.9972128654600274
LLM,LLM_0158,-200,158,5,-9.240905673841437,-4.242705674539267
LLM,LLM_0159,-200,159,5,-12.044940520830307,-3.961412237618147
LLM,LLM_0160,-200,160,5,-12.039039560370275,-4.205813623498003
LLM,LLM_0162,-200,162,5,-10.678216559384852,-0.45908444065822773
LLM,LLM_0163,-200,163,5,-14.163337322078732,-3.9590647306796605
LLM,LLM_0164,-200,164,5,-12.406685551482147,-3.9720719166430536
LLM,LLM_0165,-200,165,5,-9.181190270705345,-4.179997615056749
LLM,LLM_0166,-200,166,5,-14.66340792469772,-3.987329957589917
LLM,LLM_0167,-200,167,5,-13.383326983755046,-3.9551881001572893
LLM,LLM_0168,-200,168,5,-12.315916432738476,-3.8374097307322703
LLM,LLM_0169,-200,169,5,-12.454845450324713,-4.168672661245485
LLM,LLM_0170,-200,170,5,-12.602118784301203,-3.953563875727304
LLM,LLM_0172,-200,172,5,-14.027262012145092,-3.981665124659184
LLM,LLM_0173,-200,173,5,-16.482964726861155,-4.0530229078505045
LLM,LLM_0174,-200,174,5,-18.896270863696436,-4.204822608881734
LLM,LLM_0175,-200,175,5,-12.668051083015865,-3.8479863069373033
LLM,LLM_0176,-200,176,5,-12.61795113789464,-4.0961868383912865
LLM,LLM_0177,-200,177,5,-12.537116946209931,-4.192312303586918
LLM,LLM_0178,-200,178,5,-14.181045842067666,-3.9413073371579608
LLM,LLM_0179,-200,179,5,-12.273415189556204,-4.0984635617329195
LLM,LLM_0180,-200,180,5,-12.52003387701705,-4.148243698389346
LLM,LLM_0181,-200,181,5,-12.65257850235071,-4.163496691796638
LLM,LLM_0182,-200,182,5,-16.385831262423455,-4.050468034737164
LLM,LLM_0183,-200,183,5,-12.495846209974566,-4.335001313001502
LLM,LLM_0184,-200,184,5,-12.75889006957533,-3.8470599205271045
LLM,LLM_0185,-200,185,5,-14.486286521959093,-4.007081942759074
LLM,LLM_0186,-200,186,5,-14.194142090095125,-4.005143831977615
LLM,LLM_0187,-200,187,5,-14.180863990238395,-4.004122352855818
LLM,LLM_0188,-200,188,5,-13.113129720591443,-4.456820851223563
LLM,LLM_0189,-200,189,5,-12.48499439382598,-3.830510155621414
LLM,LLM_0190,-200,190,5,-29.881039158641318,-4.335859054827536
LLM,LLM_0191,-200,191,5,-14.61667400261122,-4.042137571743526
LLM,LLM_0192,-200,192,5,-16.110943401204313,-4.098945546684591
LLM,LLM_0193,-200,193,5,-12.126631385797467,-4.103789633399095
LLM,LLM_0194,-200,194,5,-16.66070268848461,-4.029296163290999
LLM,LLM_0195,-200,195,5,-12.737421800386679,-4.449343157848938
LLM,LLM_0196,-200,196,5,-14.351467028481766,-3.9840915249283486
LLM,LLM_0197,-200,197,5,-13.175012222588112,-3.994155341164514
LLM,LLM_0198,-200,198,5,-14.828925801425084,-4.022371400706964
LLM,LLM_0199,-200,199,5,-14.37707211643229,-4.024914114212115
LLM,LLM_0200,-200,200,5,-9.5654566749202,35.611669428919306
LLM,LLM_0201,-200,201,5,-14.253176534184272,-3.9995694373343396
LLM,LLM_0202,-200,202,5,-17.080035322332048,-4.080732427369734
LLM,LLM_0203,-200,203,5,-13.635576644365903,-4.138370313130758
LLM,LLM_0204,-200,204,5,-12.54795457489452,-3.914217604970262
LLM,LLM_0205,-200,205,5,-12.519921706830116,-4.236060500544839
LLM,LLM_0206,-200,206,5,-13.17354186364611,-3.891321067601723
LLM,LLM_0207,-200,207,5,-12.736444624215302,-4.175443361210912
LLM,LLM_0208,-200,208,5,-14.32411293690583,-4.007803673206675
LLM,LLM_0209,-200,209,5,-20.066655219394583,-4.505822450550535
LLM,LLM_0210,-200,210,5,-14.115283594445291,-3.990714336550745
LLM,LLM_0212,-200,212,5,-15.611561336360959,-4.0983191539018735
LLM,LLM_0213,-200,213,5,-12.509516452847569,-4.14958356970762
LLM,LLM_0215,-200,215,5,-12.63043137170929,-3.9697020876712408
LLM,LLM_0216,-200,216,5,-12.54622723622503,-3.8261517321439675
LLM,LLM_0218,-200,218,5,-14.276134042261567,-3.995848747141339
LLM,LLM_0219,-200,219,5,-13.733631215971885,-4.21610858367655
LLM,LLM_0220,-200,220,5,-13.725258272858204,-3.926263561808017
LLM,LLM_0221,-200,221,5,-8.248663315098451,37.46294428209032
LLM,LLM_0222,-200,222,5,-13.552406667342696,-3.9261331152730676
LLM,LLM_0224,-200,224,5,-12.836063607244803,-4.223826166685133
LLM,LLM_0225,-200,225,5,-10.300291149531827,7.958951858187748
LLM,LLM_0226,-200,226,5,-12.143869036469892,-0.4833412801095801
LLM,LLM_0227,-200,227,5,-11.577780416234765,6.116831454027531
LLM,LLM_0228,-200,228,5,-13.2784948525763,-4.17329405351916
LLM,LLM_0229,-200,229,5,-12.76975980026898,-3.7923010012833513
LLM,LLM_0230,-200,230,5,-12.736024989031288,-4.231681551335476
LLM,LLM_0231,-200,231,5,-12.37018161335338,-3.8901017207398336
LLM,LLM_0233,-200,233,5,-20.39029652981363,-4.2981755205486625
LLM,LLM_0234,-200,234,5,-14.460272305660798,-4.024398643200335
LLM,LLM_0235,-200,235,5,-11.281781928235725,-4.324103139294153
LLM,LLM_0237,-200,237,5,-12.372607885124815,-4.028528916380771
LLM,LLM_0238,-200,238,5,-10.044302068191728,23.12872293202067
LLM,LLM_0239,-200,239,5,-12.763360758606245,-4.173413461394418
LLM,LLM_0240,-200,240,5,-14.152289760749719,-3.963293255944868
LLM,LLM_0241,-200,241,5,-12.78023337823705,-4.349009126154656
LLM,LLM_0242,-200,242,5,-8.645322430337897,23.154485161471744
LLM,LLM_0243,-200,243,5,-12.943862950877412,-4.146191372551846
LLM,LLM_0244,-200,244,5,-14.052344399724383,-3.979678359688244
LLM,LLM_0246,-200,246,5,-13.516837452459482,-4.434093249379789
LLM,LLM_0247,-200,247,5,-13.38821180047475,-4.097591594040961
LLM,LLM_0248,-200,248,5,-14.129905108639326,-3.9620160010721204
LLM,LLM_0249,-200,249,5,-13.092090091369407,-4.141843630972446
LLM,LLM_0251,-200,251,5,-4.932047140744013,-7.950394344686237
LLM,LLM_0252,-200,252,5,-13.429750371806822,-4.332392735267877
LLM,LLM_0253,-200,253,5,-12.48228390940966,-4.310776143899685
LLM,LLM_0254,-200,254,5,-12.318963859022686,-3.675188401975412
LLM,LLM_0255,-200,255,5,-9.851569960111558,22.842270843040595
LLM,LLM_0256,-200,256,5,-11.912005910412134,-3.360140425240833
LLM,LLM_0257,-200,257,5,-13.045081172974054,-4.124410962352873
LLM,LLM_0258,-200,258,5,-13.273312944315071,-4.108920755170337
LLM,LLM_0259,-200,259,5,-12.154664197080074,-3.9648892846069774
LLM,LLM_0260,-200,260,5,-12.332651406944104,-4.109221052703242
LLM,LLM_0261,-200,261,5,-13.678963252671581,-4.0754877557168
LLM,LLM_0262,-200,262,5,-12.59330213559633,-4.2789170259303155
LLM,LLM_0263,-200,263,5,-12.069598949997618,-4.026737799165904
LLM,LLM_0264,-200,264,5,-11.904061615655454,-4.205413134131568
LLM,LLM_0265,-200,265,5,-12.47706834874259,-4.306381306538161
LLM,LLM_0266,-200,266,5,-12.538012371213382,-4.18254730200686
LLM,LLM_0267,-200,267,5,-12.398146419845189,-4.115436466077819
LLM,LLM_0269,-200,269,5,-12.295581432491678,-4.324788029034957
LLM,LLM_0270,-200,270,5,-12.442361875889008,-3.826552179442901
LLM,LLM_0271,-200,271,5,-13.585292118772273,-3.8587694861835717
LLM,LLM_0272,-200,272,5,-12.778285904048893,-3.0647233384651438
LLM,LLM_0273,-200,273,5,-12.049210359570973,-4.08393458357205
LLM,LLM_0274,-200,274,5,-12.17422006012576,-4.087356524008094
LLM,LLM_0275,-200,275,5,-14.324271071586164,-3.985192826705565
LLM,LLM_0276,-200,276,5,-13.350780759481562,-4.107335785274959
LLM,LLM_0277,-200,277,5,-13.124074962430017,-4.162858113635743
LLM,LLM_0278,-200,278,5,-13.547426558364322,-3.8832310899679867
LLM,LLM_0279,-200,279,5,-13.673826247050187,-4.235326214070732
LLM,LLM_0280,-200,280,5,-12.569086170230568,-4.28354415824245
LLM,LLM_0281,-200,281,5,-12.431266684847625,-4.318017150851457
LLM,LLM_0282,-200,282,5,-12.547106154821986,-2.77649333788781
LLM,LLM_0283,-200,283,5,-12.487993139247653,-4.309982994408785
LLM,LLM_0284,-200,284,5,-10.474385406942053,25.96591033450365
LLM,LLM_0285,-200,285,5,-13.836747933000785,-4.011885811361404
LLM,LLM_0286,-200,286,5,-14.506482226358969,-4.001147627845659
LLM,LLM_0287,-200,287,5,-15.02913645861416,-4.853449445296419
LLM,LLM_0288,-200,288,5,-13.846577958423788,-4.029457694165047
LLM,LLM_0289,-200,289,5,-14.67879898941655,-3.977824001210739
LLM,LLM_0290,-200,290,5,-17.119169790320143,-4.061496511623852
LLM,LLM_0291,-200,291,5,-12.684369018675069,-4.395789046336198
LLM,LLM_0292,-200,292,5,-13.427258275880044,-4.1338528573433155
LLM,LLM_0294,-200,294,5,-12.614826467144061,-4.200552496950928
LLM,LLM_0295,-200,295,5,-68.8639677654387,-4.829602037688459
LLM,LLM_0296,-200,296,5,-13.078488512893207,-4.208371216251153
LLM,LLM_0297,-200,297,5,-12.945857107606182,-4.477854843509424
LLM,LLM_0298,-200,298,5,-14.303810218660105,-3.9928072835448942
LLM,LLM_0299,-200,299,5,-14.0954461570953,-3.8753307821443905
LLM,LLM_0300,-200,300,5,-14.908080603880896,-3.942043061415866
LLM,LLM_0301,-200,301,5,-13.378548784481344,-3.8781703059924384
LLM,LLM_0302,-200,302,5,-12.608130215716844,-4.205071958014618
LLM,LLM_0303,-200,303,5,-14.368848769960422,-3.9745736102882
LLM,LLM_0304,-200,304,5,-13.488649899341832,-4.113723708672804
LLM,LLM_0305,-200,305,5,-12.118149556917365,-3.823328670288651
LLM,LLM_0306,-200,306,5,-10.098148459532425,25.180639097586642
LLM,LLM_0307,-200,307,5,-13.478975166197657,-3.9799316781649767
LLM,LLM_0308,-200,308,5,-14.109882139196968,-3.9387506220352844
LLM,LLM_0309,-200,309,5,-8.878298731248812,-7.511788195104902
LLM,LLM_0311,-200,311,5,-12.35654242570493,-3.098978811658615
LLM,LLM_0312,-200,312,5,-12.492283102866862,-4.422162577961677
LLM,LLM_0313,-200,313,5,-14.775627992573545,-4.003382793691831
LLM,LLM_0314,-200,314,5,-12.916144416195715,-4.3619107912043615
LLM,LLM_0315,-200,315,5,-12.772758710361485,-4.105336598781624
LLM,LLM_0316,-200,316,5,-12.687313825702947,-4.135791838639042
LLM,LLM_0317,-200,317,5,-13.262569869127887,-4.310800754034847
LLM,LLM_0318,-200,318,5,-12.635828520731895,-4.349527225447991
LLM,LLM_0319,-200,319,5,-11.775071858516998,-4.060320515603438
LLM,LLM_0320,-200,320,5,-13.131759846734802,-4.170668445671269
LLM,LLM_0321,-200,321,5,-13.43800501029315,-3.924571641541113
LLM,LLM_0322,-200,322,5,-7.57266944002748,-5.5450489421245255
LLM,LLM_0323,-200,323,5,-11.66181527235423,-4.012093240789206
LLM,LLM_0324,-200,324,5,-10.079058595823255,25.388795336666156
LLM,LLM_0325,-200,325,5,-12.205369777794262,15.441200587497102
LLM,LLM_0326,-200,326,5,-10.263298538446548,22.90211283754268
LLM,LLM_0327,-200,327,5,-14.888451362862728,-3.9932628818526124
LLM,LLM_0328,-200,328,5,-12.943912276586696,-4.371121003227813
LLM,LLM_0329,-200,329,5,-10.08101729776135,25.917016501764582
LLM,LLM_0330,-200,330,5,-14.205166159258523,-3.960674687238677
LLM,LLM_0331,-200,331,5,-12.86083589696925,-4.134674410163694
LLM,LLM_0332,-200,332,5,-14.777744183430542,-3.985513711774088
LLM,LLM_0333,-200,333,5,-10.109561332074813,20.720106932684757
LLM,LLM_0334,-200,334,5,-13.445878025248073,-4.34676223609408
LLM,LLM_0335,-200,335,5,-12.134884924896047,-4.130440788049211
LLM,LLM_0336,-200,336,5,-14.122753027728104,-3.864971988963636
LLM,LLM_0337,-200,337,5,-11.7281678012033,-4.000713120231974
LLM,LLM_0338,-200,338,5,-13.02637613174808,-4.145170962010757
LLM,LLM_0339,-200,339,5,-11.512661914776364,-2.5200996134049776
LLM,LLM_0340,-200,340,5,-9.167081318101914,17.231764139575873
LLM,LLM_0341,-200,341,5,-12.412969088211113,-4.286362587980554
LLM,LLM_0342,-200,342,5,-11.912591386900381,-4.139900587804728
LLM,LLM_0343,-200,343,5,-13.410923502321998,-4.175115279466208
LLM,LLM_0344,-200,344,5,-13.50480872160797,-3.9414754006245567
LLM,LLM_0345,-200,345,5,-14.532242065821166,-4.049129821906158
LLM,LLM_0346,-200,346,5,-12.51136170092797,-4.090505286205075
LLM,LLM_0347,-200,347,5,-12.60979753965983,-4.378663732948442
LLM,LLM_0349,-200,349,5,-13.03181101425067,-4.2021153138736125
LLM,LLM_0350,-200,350,5,-13.750155853186206,-4.204731546348214
LLM,LLM_0351,-200,351,5,-13.295606560999639,-3.918869309306928
LLM,LLM_0352,-200,352,5,-14.331066447876248,-4.125969251449778
LLM,LLM_0353,-200,353,5,-12.34888538118804,-6.18226826846657
LLM,LLM_0354,-200,354,5,-12.947368985986271,-4.219553635080025
LLM,LLM_0355,-200,355,5,-21.860234488695582,-4.256260852142746
LLM,LLM_0356,-200,356,5,-13.65507728158002,-4.008011604329441
LLM,LLM_0357,-200,357,5,-14.182212567962386,-4.021316663500295
LLM,LLM_0358,-200,358,5,-12.383273810391724,20.166566332159277
LLM,LLM_0359,-200,359,5,16.895122645641166,23.762117356501697
LLM,LLM_0360,-200,360,5,-19.45645047726704,-4.234215426672327
LLM,LLM_0361,-200,361,5,-15.232789309597084,-4.010349034198722
LLM,LLM_0362,-200,362,5,-12.65740875079197,-4.338333448983792
LLM,LLM_0363,-200,363,5,-13.4485681532491,-4.19808556099421
LLM,LLM_0364,-200,364,5,-12.7974247655908,-4.109249735827417
LLM,LLM_0365,-200,365,5,-11.170900797340938,11.382963090275144
LLM,LLM_0366,-200,366,5,-13.144904624570385,-4.322736924067594
LLM,LLM_0367,-200,367,5,-10.38938558926015,16.455738386360892
LLM,LLM_0368,-200,368,5,-12.89347904345443,-4.108372919438435
LLM,LLM_0369,-200,369,5,-12.862519617265816,-4.4652124277071925
LLM,LLM_0370,-200,370,5,-13.913345637006275,-4.039991986515516
LLM,LLM_0371,-200,371,5,-12.62187110821401,-4.359269136502517
LLM,LLM_0372,-200,372,5,-12.330059783503357,-5.301998738523582
LLM,LLM_0373,-200,373,5,-15.127715058715417,-4.1878407401204525
LLM,LLM_0374,-200,374,5,-13.530683242397032,-3.9147638300383987
LLM,LLM_0375,-200,375,5,-13.88830234719314,-4.221172010933299
LLM,LLM_0376,-200,376,5,-8.911069018239301,28.844786233321418
LLM,LLM_0377,-200,377,5,-9.539446325894474,19.869322502786623
LLM,LLM_0378,-200,378,5,-20.093447760537625,-4.181454997275422
LLM,LLM_0379,-200,379,5,-12.021274147592475,-4.146176546036785
LLM,LLM_0380,-200,380,5,-12.505459802849584,-4.089960851223553
LLM,LLM_0381,-200,381,5,-18.735690014284145,-4.1367618171657865
LLM,LLM_0382,-200,382,5,10.884477930771919,-4.701148286466005
LLM,LLM_0383,-200,383,5,-11.506006643921708,-3.69949264503702
LLM,LLM_0385,-200,385,5,-14.615622940481861,-4.105393856428775
LLM,LLM_0386,-200,386,5,-12.461797230411793,-3.9601278083036187
LLM,LLM_0387,-200,387,5,-14.328679138961562,-4.061037715449677
LLM,LLM_0388,-200,388,5,-12.062401732861328,-3.8596940424164172
LLM,LLM_0389,-200,389,5,-11.959572741828614,-5.240262115613056
LLM,LLM_0390,-200,390,5,-6.780013104740231,-4.279082500726582
LLM,LLM_0391,-200,391,5,-14.247677896066998,-4.151180593020471
LLM,LLM_0392,-200,392,5,-5.759182873917826,-8.094509137254526
LLM,LLM_0393,-200,393,5,-17.512666088216214,-4.182960600299744
LLM,LLM_0394,-200,394,5,-12.540113121862872,-3.814844467250731
LLM,LLM_0395,-200,395,5,-12.472214863986242,-4.386448033757141
LLM,LLM_0396,-200,396,5,-14.997705965488533,-4.118144811457109
LLM,LLM_0397,-200,397,5,-12.623351121359631,-4.3470472766246955
LLM,LLM_0398,-200,398,5,-10.418031283842737,24.775981092863507
LLM,LLM_0399,-200,399,5,-9.09326285179617,37.67888926718327
LLM,LLM_0400,-200,400,5,-9.090988676017329,23.32835119298203
LLM,LLM_0401,-200,401,5,-12.391180127939448,-3.3603713737742784
LLM,LLM_0402,-200,402,5,-9.860136268222044,-9.976840723777858
LLM,LLM_0403,-200,403,5,-41.69138133533971,-4.494255117838107
LLM,LLM_0404,-200,404,5,-12.546988250680528,-3.8371071102054666
LLM,LLM_0406,-200,406,5,-4.515521494765456,2.097008345315179
LLM,LLM_0407,-200,407,5,-12.613420716874975,-4.2346375614576175
LLM,LLM_0408,-200,408,5,-4.391560555215317,33.38194845558941
LLM,LLM_0409,-200,409,5,-13.974762591083453,-4.222715693575542
LLM,LLM_0410,-200,410,5,-12.450661718278287,-3.2298748696476487
LLM,LLM_0411,-200,411,5,-10.360359778530064,-9.310875065556221
LLM,LLM_0412,-200,412,5,-3.362526197444892,32.489665757424035
LLM,LLM_0413,-200,413,5,-14.951839075030133,-3.8748521312437627
LLM,LLM_0415,-200,415,5,-7.764341965937554,-3.9418488651749093
LLM,LLM_0416,-200,416,5,-22.514611184435775,-4.2186057747995696
LLM,LLM_0417,-200,417,5,-12.68965984383402,-4.079686848786461
LLM,LLM_0418,-200,418,5,-12.422296868166994,-3.436449013013438
LLM,LLM_0419,-200,419,5,-21.698966210600844,-4.15880594856408
LLM,LLM_0420,-200,420,5,-13.515646256242842,-4.16387233523065
LLM,LLM_0421,-200,421,5,-10.996667082728973,34.55752877712276
LLM,LLM_0422,-200,422,5,-12.759761777135958,-4.398657513980754
LLM,LLM_0423,-200,423,5,-25.429886502713043,-4.32177447904664
LLM,LLM_0424,-200,424,5,-14.337424379851516,-4.235533809343511
LLM,LLM_0425,-200,425,5,-12.878100072638984,-4.43921129308019
LLM,LLM_0426,-200,426,5,-11.03883870344411,14.73609338596416
LLM,LLM_0427,-200,427,5,-12.010602248696001,-4.267297603942379
LLM,LLM_0428,-200,428,5,-13.120836756402898,-4.029537343292653
LLM,LLM_0429,-200,429,5,-11.57092993625338,-5.100767438573096
LLM,LLM_0430,-200,430,5,22.437132433654472,-3.945052445014494
LLM,LLM_0431,-200,431,5,-25.55857012667029,-4.3350060686590846
LLM,LLM_0432,-200,432,5,-11.27654977291056,-0.02222323614027069
LLM,LLM_0433,-200,433,5,-12.180462029044767,2.4878585950598318
LLM,LLM_0434,-200,434,5,-7.924146698782865,-4.527853128663405
LLM,LLM_0435,-200,435,5,-7.037910045713426,-7.053579937604423
LLM,LLM_0436,-200,436,5,-12.736130308838334,-4.126727103163244
LLM,LLM_0437,-200,437,5,-12.984361158931273,-3.977052955400797
LLM,LLM_0438,-200,438,5,-6.808859573183244,-0.6203757302721352
LLM,LLM_0439,-200,439,5,-6.959814946040038,35.77064384514211
LLM,LLM_0440,-200,440,5,-12.305086044463433,2.4670314143157324
LLM,LLM_0441,-200,441,5,-11.070865978200434,19.399439389303318
LLM,LLM_0442,-200,442,5,-12.70008285159341,-3.7913227195380688
LLM,LLM_0443,-200,443,5,-13.759732270516851,-3.932711023143979
LLM,LLM_0444,-200,444,5,-2.918332611709156,13.299440867124572
LLM,LLM_0445,-200,445,5,-13.107665538903435,-3.970996936453774
LLM,LLM_0446,-200,446,5,-13.324498753032097,-4.351955115691996
LLM,LLM_0447,-200,447,5,-12.2841775708374,-4.155866567743487
LLM,LLM_0448,-200,448,5,-12.71466177707753,-3.484724376381104
LLM,LLM_0449,-200,449,5,-11.96603380204208,-3.586594644791336
LLM,LLM_0450,-200,450,5,-13.375862611737901,-3.9063103421601184
LLM,LLM_0451,-200,451,5,-13.296138735373404,-4.176979634112039
LLM,LLM_0452,-200,452,5,-14.337420856626455,-3.9980729297310367
LLM,LLM_0454,-200,454,5,-13.95129178099357,-3.989077948739726
LLM,LLM_0455,-200,455,5,-13.575151942080382,-4.002102754948486
LLM,LLM_0456,-200,456,5,-11.49262129522902,-3.943416797723393
LLM,LLM_0457,-200,457,5,-10.311166237131475,32.06210217168616
LLM,LLM_0458,-200,458,5,-16.459662659418647,-4.347299255253209
LLM,LLM_0459,-200,459,5,-14.790511374547645,-4.004864864599016
LLM,LLM_0461,-200,461,5,-14.583094326439278,-4.022607970567588
LLM,LLM_0462,-200,462,5,-12.144316720343797,-5.029691976189773
LLM,LLM_0463,-200,463,5,-14.02540508758285,-4.027689686665226
LLM,LLM_0464,-200,464,5,-14.546427217821819,-3.9909709063734957
LLM,LLM_0465,-200,465,5,-65.50617741957579,-4.839743089148076
LLM,LLM_0466,-200,466,5,-7.491572917725588,29.457266490927722
LLM,LLM_0467,-200,467,5,-9.26582352941307,38.246175346192324
LLM,LLM_0468,-200,468,5,-7.831668992144573,14.172890628565922
LLM,LLM_0469,-200,469,5,-12.69147894738425,-4.4158103745928186
LLM,LLM_0470,-200,470,5,-12.11489800431358,-3.6871487895419612
LLM,LLM_0471,-200,471,5,-11.99138245501958,-3.9174447183046346
LLM,LLM_0472,-200,472,5,-18.460326694215148,-4.161772580163005
LLM,LLM_0473,-200,473,5,-11.910944835961944,-4.0312731096572785
LLM,LLM_0474,-200,474,5,-12.752014962571351,-4.507998116527977
LLM,LLM_0475,-200,475,5,-20.232402870589755,-4.152972985051255
LLM,LLM_0477,-200,477,5,-13.689130421991809,-3.9731445894479194
LLM,LLM_0478,-200,478,5,-13.712182250462433,-3.950172247473232
LLM,LLM_0479,-200,479,5,-12.3908225846679,-4.133959595599917
LLM,LLM_0480,-200,480,5,-12.966899728333967,-1.71907788424938
LLM,LLM_0481,-200,481,5,-10.096670630585427,-1.3496532676220252
LLM,LLM_0483,-200,483,5,-13.847265702142337,-3.950881756589765
LLM,LLM_0485,-200,485,5,-12.334305396693848,-4.089064170864923
LLM,LLM_0486,-200,486,5,-14.835455650200586,-4.227621904650017
LLM,LLM_0487,-200,487,5,-12.383380342069392,-4.274330824284181
LLM,LLM_0488,-200,488,5,-12.204252193687736,-3.712306715637676
LLM,LLM_0489,-200,489,5,-9.992142480579037,24.24001812940364
LLM,LLM_0490,-200,490,5,-14.442730814556109,-4.0241179814310275
LLM,LLM_0491,-200,491,5,-13.727439993844555,-4.01338576592316
LLM,LLM_0492,-200,492,5,-14.621975372627972,-4.020110838060463
LLM,LLM_0494,-200,494,5,-14.13977716518472,-4.010104822003824
LLM,LLM_0495,-200,495,5,-19.921238511469067,-4.1853427739067355
LLM,LLM_0496,-200,496,5,-12.269524948277155,-4.210426283258606
LLM,LLM_0497,-200,497,5,-12.631855281123004,-4.1483679146558625
LLM,LLM_0498,-200,498,5,-14.97471029291847,-4.039321199867418
LLM,LLM_0499,-200,499,5,1.317053498906015,-9.75677591211101
LLM,LLM_0500,-200,500,5,45.140640940211476,14.911042235362371
LLM,LLM_0501,-200,501,5,-56.60559461623682,-4.7798557984415915
LLM,LLM_0502,-200,502,5,-11.865333870257826,-4.147815732486965
LLM,LLM_0503,-200,503,5,-13.650837695088539,-4.027583032130511
LLM,LLM_0504,-200,504,5,-5.001946923297115,-4.926678105866347
LLM,LLM_0505,-200,505,5,-4.97688812768004,-5.205210512134418
LLM,LLM_0506,-200,506,5,-13.89391876513566,-3.976752145817257
LLM,LLM_0507,-200,507,5,-9.410707623705855,35.472855625324165
LLM,LLM_0508,-200,508,5,-10.672107873804359,-5.62683453966118
LLM,LLM_0509,-200,509,5,-15.73095839220363,-4.116887004004711
LLM,LLM_0511,-200,511,5,7.474568729982798,-6.726073534773681
LLM,LLM_0512,-200,512,5,-53.135946001871915,-4.696809233992692
LLM,LLM_0514,-200,514,5,-14.22499419238828,-3.963634611618965
LLM,LLM_0515,-200,515,5,-5.051825723467054,-5.605173994367406
LLM,LLM_0516,-200,516,5,-16.857277005411696,-4.202332747554366
LLM,LLM_0518,-200,518,5,-12.668761102775667,-4.219619600707593
LLM,LLM_0519,-200,519,5,-13.705719042901245,-3.9736290187939898
LLM,LLM_0520,-200,520,5,-11.676326746358443,6.475165124377049
LLM,LLM_0521,-200,521,5,-13.524938567865002,-3.930549290044515
LLM,LLM_0523,-200,523,5,-13.970284815825254,-3.934046143524148
LLM,LLM_0524,-200,524,5,-13.546569923519682,-4.296900376065135
LLM,LLM_0525,-200,525,5,-12.379672151163302,-4.01053697526427
LLM,LLM_0526,-200,526,5,29.955597743103425,-5.969129814552156
LLM,LLM_0527,-200,527,5,-14.196171575659859,-3.980542351491188
LLM,LLM_0528,-200,528,5,-14.595900293806096,-4.0209586809143705
LLM,LLM_0529,-200,529,5,43.86960528080128,12.294251896015531
LLM,LLM_0530,-200,530,5,18.285548170266424,-12.911761340322192
LLM,LLM_0531,-200,531,5,-14.76064631857798,-4.102138860347709
LLM,LLM_0532,-200,532,5,-5.119173800135316,-5.057707648838118
LLM,LLM_0533,-200,533,5,-16.266874102264687,-4.213170587513383
LLM,LLM_0534,-200,534,5,-9.91076519293483,-6.173126398986878
LLM,LLM_0535,-200,535,5,-11.057789023840673,26.980254163607718
LLM,LLM_0536,-200,536,5,-14.314312283668416,-3.9819482885208095
LLM,LLM_0537,-200,537,5,-13.967287879626936,-3.99220777251376
LLM,LLM_0538,-200,538,5,-12.356152051888312,2.254745290787671
LLM,LLM_0541,-200,541,5,-15.541181105741968,-4.195480625733845
LLM,LLM_0542,-200,542,5,-15.416236488368186,-4.057234819880893
LLM,LLM_0543,-200,543,5,-13.593241032718806,-3.898071205404761
LLM,LLM_0544,-200,544,5,44.336388775013596,12.430608853172275
LLM,LLM_0545,-200,545,5,-17.211295580536824,-4.205058461938603
LLM,LLM_0546,-200,546,5,-12.824107406884927,-4.349314064608509
LLM,LLM_0547,-200,547,5,-1.329809731232899,9.274856841857462
LLM,LLM_0548,-200,548,5,-14.610021207192272,-3.964058022152916
LLM,LLM_0549,-200,549,5,-12.56365615560733,-4.3299078535383195
LLM,LLM_0550,-200,550,5,-13.809968744364593,-3.96002308695046
LLM,LLM_0551,-200,551,5,-14.385736365849155,-3.8978305285755184
LLM,LLM_0552,-200,552,5,-10.095749432126592,-5.747244767629776
LLM,LLM_0553,-200,553,5,-14.273166744574194,-3.911474422999964
LLM,LLM_0555,-200,555,5,-13.312387885842702,-3.9050515727684165
LLM,LLM_0556,-200,556,5,-13.949232894444487,-3.9913359900327476
LLM,LLM_0557,-200,557,5,-12.871065588880674,-3.774475197841271
LLM,LLM_0558,-200,558,5,-13.01915880555459,-4.437864680607879
LLM,LLM_0559,-200,559,5,-12.541881708152266,-4.244014763198658
LLM,LLM_0560,-200,560,5,-14.060935192192556,-3.9748431066768175
LLM,LLM_0561,-200,561,5,-14.033335005072376,-3.918759847618178
LLM,LLM_0562,-200,562,5,-13.786920895854397,-3.946505393766102
LLM,LLM_0563,-200,563,5,-9.365915808852874,13.465036956121844
LLM,LLM_0564,-200,564,5,-12.90322678418446,-4.394127086297761
LLM,LLM_0565,-200,565,5,-14.211251056239849,-3.990519659333784
LLM,LLM_0566,-200,566,5,-14.363458657151073,-4.018966681563001
LLM,LLM_0567,-200,567,5,-12.33514667312127,-4.217589757210644
LLM,LLM_0568,-200,568,5,-12.226241014663325,-4.178851477790602
LLM,LLM_0569,-200,569,5,-12.764708795015459,-4.384787413247916
LLM,LLM_0570,-200,570,5,-12.738610909311594,-4.343512739912366
LLM,LLM_0571,-200,571,5,-14.21971862663245,-3.993798307441919
LLM,LLM_0572,-200,572,5,-13.564075544805338,-3.9496980509575024
LLM,LLM_0573,-200,573,5,-14.06067489061534,-3.9864832496231313
LLM,LLM_0574,-200,574,5,-11.830922389458555,-3.630032035202741
LLM,LLM_0575,-200,575,5,-19.049807491134697,-4.1674137688541695
LLM,LLM_0576,-200,576,5,-14.300678957296565,-3.9833754819196847
LLM,LLM_0577,-200,577,5,-12.67485447657044,-3.8799598999328544
