instance_id,pc1,pc2,pca_explained_var_ratio_pc1,pca_explained_var_ratio_pc2
1,6.991663609471922,-2.9828202297483393,0.35581275333541357,0.1339867688861732
2,4.182428875633778,0.18037448235021294,0.35581275333541357,0.1339867688861732
3,-4.770796235131977,-4.634062642574531,0.35581275333541357,0.1339867688861732
4,-4.007094491921275,1.7007007657781763,0.35581275333541357,0.1339867688861732
5,3.527491434348007,-0.08280745315835354,0.35581275333541357,0.1339867688861732
6,7.42896655971749,3.284248808527949,0.35581275333541357,0.1339867688861732
7,2.182651365329159,1.5160642917215363,0.35581275333541357,0.1339867688861732
8,2.891576834655433,-2.1153294884244733,0.35581275333541357,0.1339867688861732
9,-0.9301976058292963,-3.4053580568986295,0.35581275333541357,0.1339867688861732
10,-3.636898102339766,1.898035484246093,0.35581275333541357,0.1339867688861732
11,-3.5966982464224535,-0.8963676871750625,0.35581275333541357,0.1339867688861732
12,-4.921747790654982,1.8923170939710927,0.35581275333541357,0.1339867688861732
13,-1.1868414808050318,-3.839962071126736,0.35581275333541357,0.1339867688861732
14,0.055352520989207905,1.989105440458731,0.35581275333541357,0.1339867688861732
15,-1.9261089198411354,5.170969586946161,0.35581275333541357,0.1339867688861732
16,-1.4551206004254225,-1.8137907351185691,0.35581275333541357,0.1339867688861732
17,-0.6678226428958041,1.6644449123859022,0.35581275333541357,0.1339867688861732
18,-4.31281808639506,-1.8838207333363106,0.35581275333541357,0.1339867688861732
19,-1.4722984910788537,-3.5894442554621686,0.35581275333541357,0.1339867688861732
20,3.827483893500534,-0.45353283858383925,0.35581275333541357,0.1339867688861732
21,-0.6571094514504628,2.8547087201387353,0.35581275333541357,0.1339867688861732
22,-2.8087508220068775,-3.9167951295858776,0.35581275333541357,0.1339867688861732
23,1.3036874379629069,-3.360533899486823,0.35581275333541357,0.1339867688861732
24,0.03809939869214103,-3.7749348945047387,0.35581275333541357,0.1339867688861732
25,-3.451601894544669,3.2384262973368694,0.35581275333541357,0.1339867688861732
26,9.027778017473164,6.914908908508212,0.35581275333541357,0.1339867688861732
27,-1.7253473153862176,4.183036414824975,0.35581275333541357,0.1339867688861732
28,-3.0511703411572535,1.791541430651586,0.35581275333541357,0.1339867688861732
29,2.927334197722723,2.400132189647928,0.35581275333541357,0.1339867688861732
30,-2.1250293001420504,0.6261152364194661,0.35581275333541357,0.1339867688861732
31,-1.947686414514822,4.706973917494003,0.35581275333541357,0.1339867688861732
32,-3.5656496018222525,2.0390355991135523,0.35581275333541357,0.1339867688861732
33,6.1545762829280095,2.8181288979643635,0.35581275333541357,0.1339867688861732
34,5.857596585285995,6.197290605124942,0.35581275333541357,0.1339867688861732
35,4.44157741475027,-4.626082535835256,0.35581275333541357,0.1339867688861732
36,-1.2383365003918991,-2.8905054677931736,0.35581275333541357,0.1339867688861732
37,6.080042508108908,-4.509245037755749,0.35581275333541357,0.1339867688861732
38,2.2988153098986497,0.019935093785841303,0.35581275333541357,0.1339867688861732
39,-4.430048374042812,-0.0819788608519686,0.35581275333541357,0.1339867688861732
40,6.880316223659871,3.1053710827158025,0.35581275333541357,0.1339867688861732
41,-3.7525269077547474,0.6126801935264821,0.35581275333541357,0.1339867688861732
42,-5.368972879249177,0.37695605248917846,0.35581275333541357,0.1339867688861732
43,-0.8513247776323152,-3.693802140993893,0.35581275333541357,0.1339867688861732
44,-3.2168662404602015,4.907983422131291,0.35581275333541357,0.1339867688861732
45,-2.4707665095889277,-1.2769571589943982,0.35581275333541357,0.1339867688861732
46,-2.3827853544333593,0.8989383614098455,0.35581275333541357,0.1339867688861732
47,-3.157443827916816,-1.384635001344505,0.35581275333541357,0.1339867688861732
48,0.4141835657642488,0.8741270176448427,0.35581275333541357,0.1339867688861732
49,-5.042471493822256,0.22097805163298193,0.35581275333541357,0.1339867688861732
50,-2.8418269739819118,4.799338909203871,0.35581275333541357,0.1339867688861732
51,8.898902066798135,9.95559077852836,0.35581275333541357,0.1339867688861732
52,1.4228557610908195,-3.5823822437625052,0.35581275333541357,0.1339867688861732
53,-4.685872839765644,1.6908373613437981,0.35581275333541357,0.1339867688861732
54,-0.9175954016721433,-3.190394293026659,0.35581275333541357,0.1339867688861732
55,6.615652355122716,0.3374440930257855,0.35581275333541357,0.1339867688861732
56,-0.33695774102262066,1.323532180860272,0.35581275333541357,0.1339867688861732
57,0.2077717516775549,1.821730431339299,0.35581275333541357,0.1339867688861732
58,1.668498604832044,-1.249785342155178,0.35581275333541357,0.1339867688861732
59,3.7431510358865396,-1.3792638856446449,0.35581275333541357,0.1339867688861732
60,-0.5194970395894051,1.653002708656495,0.35581275333541357,0.1339867688861732
61,-2.513783944569316,1.4201744671953387,0.35581275333541357,0.1339867688861732
62,5.970669104292566,-5.645004085917194,0.35581275333541357,0.1339867688861732
63,2.7290840866332595,-1.2478388927411994,0.35581275333541357,0.1339867688861732
64,0.8249115509430366,-1.3307579941912875,0.35581275333541357,0.1339867688861732
65,-5.099957360340069,-0.6514274578112533,0.35581275333541357,0.1339867688861732
66,7.408859226363274,-0.99573625326588,0.35581275333541357,0.1339867688861732
67,11.27847831319944,2.6292117926899037,0.35581275333541357,0.1339867688861732
68,-2.628956842635644,-0.6054245795697522,0.35581275333541357,0.1339867688861732
69,-5.221061854346118,-1.3330752372424741,0.35581275333541357,0.1339867688861732
70,-4.210519899898039,-0.7411373699851016,0.35581275333541357,0.1339867688861732
71,-5.088282812949364,1.1466799990297576,0.35581275333541357,0.1339867688861732
72,-3.216743866424503,2.3025227598395492,0.35581275333541357,0.1339867688861732
73,4.473021933912264,1.1294792334356978,0.35581275333541357,0.1339867688861732
74,1.1224484440387552,-2.5792322129019696,0.35581275333541357,0.1339867688861732
75,-3.9373162903610424,-0.5872054058415683,0.35581275333541357,0.1339867688861732
76,-2.8436219835146175,0.5067602166409247,0.35581275333541357,0.1339867688861732
77,-0.6359047197185379,-1.7471823102060817,0.35581275333541357,0.1339867688861732
78,-0.31186369616385057,4.890325280324972,0.35581275333541357,0.1339867688861732
79,-0.9607784831941918,1.0714309022863642,0.35581275333541357,0.1339867688861732
80,1.0121892537160906,-1.3825862804605018,0.35581275333541357,0.1339867688861732
81,-2.084983911531355,-3.7144155397019993,0.35581275333541357,0.1339867688861732
82,9.734867338065266,1.095674409997469,0.35581275333541357,0.1339867688861732
83,-2.8466685383910106,-0.37636028853939724,0.35581275333541357,0.1339867688861732
84,3.1798610238697202,-2.1664314099241904,0.35581275333541357,0.1339867688861732
85,-1.058985733238268,-2.7238567877725073,0.35581275333541357,0.1339867688861732
86,-4.539421184155076,-0.9736674045006215,0.35581275333541357,0.1339867688861732
87,-4.085962054318338,1.9727536797324565,0.35581275333541357,0.1339867688861732
88,-1.1304775693404772,8.43209797346815,0.35581275333541357,0.1339867688861732
89,-3.1624112133479727,1.6589968421100012,0.35581275333541357,0.1339867688861732
90,-1.3001527496028176,0.9721001106457285,0.35581275333541357,0.1339867688861732
91,-1.608311129618872,-2.4004018196550816,0.35581275333541357,0.1339867688861732
92,4.170724404046027,-6.165396072735491,0.35581275333541357,0.1339867688861732
93,-5.177331459212134,2.552305316151158,0.35581275333541357,0.1339867688861732
94,-1.2979750551761102,-4.431952728933314,0.35581275333541357,0.1339867688861732
95,-4.918763664991124,1.7895580675783171,0.35581275333541357,0.1339867688861732
96,6.096125816012083,-4.199090802666788,0.35581275333541357,0.1339867688861732
97,7.147314936928505,-1.1860978465136847,0.35581275333541357,0.1339867688861732
98,-4.118255862217524,2.5468087769485437,0.35581275333541357,0.1339867688861732
99,1.707881206418223,-2.61398924296125,0.35581275333541357,0.1339867688861732
100,-5.8659556637866705,0.4744704902832577,0.35581275333541357,0.1339867688861732
101,6.215272937489987,1.2989085813423296,0.35581275333541357,0.1339867688861732
102,1.515685085097023,-1.162463582347879,0.35581275333541357,0.1339867688861732
103,3.4896038380552623,1.961632442450208,0.35581275333541357,0.1339867688861732
104,-0.7580679332541235,-2.8712015537844824,0.35581275333541357,0.1339867688861732
105,4.522728420428437,-1.5530743226831998,0.35581275333541357,0.1339867688861732
106,-0.10423990150554052,3.8966755478444837,0.35581275333541357,0.1339867688861732
107,0.743466831110103,6.61497649628861,0.35581275333541357,0.1339867688861732
108,-3.8859882986961662,0.1677744644897911,0.35581275333541357,0.1339867688861732
109,-1.827543163409062,-1.112076752823542,0.35581275333541357,0.1339867688861732
110,-0.5581026785453695,1.518361169646304,0.35581275333541357,0.1339867688861732
111,-3.1776327048449287,0.9769371905799425,0.35581275333541357,0.1339867688861732
112,-0.5446587947877759,-2.027801369267921,0.35581275333541357,0.1339867688861732
113,0.6966887137515149,9.641428061309165,0.35581275333541357,0.1339867688861732
114,10.416273713793416,-3.3550888339450764,0.35581275333541357,0.1339867688861732
115,-2.630864926905807,-4.343309697567172,0.35581275333541357,0.1339867688861732
116,-1.0532789563194398,3.945507616855245,0.35581275333541357,0.1339867688861732
117,-2.4283367626976724,-1.4749093270290226,0.35581275333541357,0.1339867688861732
118,0.704663100530961,9.229977086458922,0.35581275333541357,0.1339867688861732
119,-4.955983163706206,1.0980860573130162,0.35581275333541357,0.1339867688861732
120,1.883380564904143,0.4879615348846788,0.35581275333541357,0.1339867688861732
121,-1.4992874234910247,-1.3079079531626479,0.35581275333541357,0.1339867688861732
122,-5.885801440460411,-3.1960918052828657,0.35581275333541357,0.1339867688861732
123,8.07071050856763,-0.5083151247869122,0.35581275333541357,0.1339867688861732
124,-3.0358134042037386,2.651987700779549,0.35581275333541357,0.1339867688861732
125,-5.920646717211403,1.36802153580079,0.35581275333541357,0.1339867688861732
126,-1.2313938832744038,-1.2651118505997216,0.35581275333541357,0.1339867688861732
127,3.3559009051139355,0.5633777504542946,0.35581275333541357,0.1339867688861732
128,-3.605000932313716,0.07307586042339968,0.35581275333541357,0.1339867688861732
129,-4.27428740416447,-0.7474908527638316,0.35581275333541357,0.1339867688861732
130,-0.9313878685040818,-1.9917571524326116,0.35581275333541357,0.1339867688861732
131,-1.6663743562148485,-2.170565432099658,0.35581275333541357,0.1339867688861732
132,-1.9122618474420066,-0.23542670552865536,0.35581275333541357,0.1339867688861732
133,3.1720588308580404,-2.899837642709047,0.35581275333541357,0.1339867688861732
134,-4.203413675818208,-2.6923433835060044,0.35581275333541357,0.1339867688861732
135,-3.8873452352549043,2.564914901273435,0.35581275333541357,0.1339867688861732
136,0.37762451335294167,-3.391795454725382,0.35581275333541357,0.1339867688861732
137,-2.274062514416575,0.09244366046198409,0.35581275333541357,0.1339867688861732
138,-2.606618956789382,-2.4145676876668456,0.35581275333541357,0.1339867688861732
139,3.4652536218123515,-0.5235042921573649,0.35581275333541357,0.1339867688861732
140,-4.1050744313965435,-0.4068389483910189,0.35581275333541357,0.1339867688861732
141,1.9037714344523995,-2.1467667802789907,0.35581275333541357,0.1339867688861732
142,-2.565538821532206,-1.9714153649210138,0.35581275333541357,0.1339867688861732
143,-6.495003386724578,4.021174796865981,0.35581275333541357,0.1339867688861732
144,0.44498562445706524,8.945442870913158,0.35581275333541357,0.1339867688861732
145,-2.5657806700293104,0.973300747418932,0.35581275333541357,0.1339867688861732
146,-3.3995919909934265,2.247507109601195,0.35581275333541357,0.1339867688861732
147,7.662627427598663,2.583044540038452,0.35581275333541357,0.1339867688861732
148,-0.9878144617616093,7.861629720394375,0.35581275333541357,0.1339867688861732
149,-0.5269661179377242,-7.123549076357208,0.35581275333541357,0.1339867688861732
150,-3.1109581717247172,2.0533699745216993,0.35581275333541357,0.1339867688861732
151,-2.777209190366642,-0.5257012389242881,0.35581275333541357,0.1339867688861732
152,-4.16351943857115,0.2364800525819761,0.35581275333541357,0.1339867688861732
153,-2.4418874645903528,0.22243988850050103,0.35581275333541357,0.1339867688861732
154,-1.9980540246137064,-3.6848477850167076,0.35581275333541357,0.1339867688861732
155,-2.756193735309107,-1.8729448707954275,0.35581275333541357,0.1339867688861732
156,-3.5435877686691843,0.010758046706286701,0.35581275333541357,0.1339867688861732
157,-3.0352184072869117,-2.1298915624763066,0.35581275333541357,0.1339867688861732
158,-1.6858254987723595,-2.345290097414616,0.35581275333541357,0.1339867688861732
159,1.4050677447638362,-2.118448197780825,0.35581275333541357,0.1339867688861732
160,-4.937222336039421,1.4588044818237111,0.35581275333541357,0.1339867688861732
161,6.88341709414046,2.9063125010905297,0.35581275333541357,0.1339867688861732
162,11.531260008470646,4.701798299550483,0.35581275333541357,0.1339867688861732
163,5.949639411912124,10.061146552045644,0.35581275333541357,0.1339867688861732
164,-1.4764915999112094,2.285854218175658,0.35581275333541357,0.1339867688861732
165,-1.6710610698009962,0.7659673759971498,0.35581275333541357,0.1339867688861732
166,6.994604445872708,-4.463967041919968,0.35581275333541357,0.1339867688861732
167,2.1185640431574595,-2.334578472173855,0.35581275333541357,0.1339867688861732
168,-0.6591508138685296,-3.622924011054765,0.35581275333541357,0.1339867688861732
169,-2.5532948502533666,-2.621543600752417,0.35581275333541357,0.1339867688861732
170,10.58406490390507,3.6130975328998813,0.35581275333541357,0.1339867688861732
171,-1.483803797770656,0.7527030723285746,0.35581275333541357,0.1339867688861732
172,-2.0891588842912134,-1.3325941731811166,0.35581275333541357,0.1339867688861732
173,8.515368538111954,-1.3485163765008665,0.35581275333541357,0.1339867688861732
174,-3.129307457153412,1.3790697659777835,0.35581275333541357,0.1339867688861732
175,-1.128441682594396,-1.6409038659991892,0.35581275333541357,0.1339867688861732
176,11.320224290964052,-1.4330105404931992,0.35581275333541357,0.1339867688861732
177,6.614844717850479,-3.387267383529793,0.35581275333541357,0.1339867688861732
178,-4.589469741919095,-0.29961749600923054,0.35581275333541357,0.1339867688861732
179,0.3401766278967694,-0.24994307415281322,0.35581275333541357,0.1339867688861732
180,-1.0214532097851283,-1.0157787222035066,0.35581275333541357,0.1339867688861732
181,13.33224185596527,3.7694036249923775,0.35581275333541357,0.1339867688861732
182,-2.2727277837155198,-0.10664665037637393,0.35581275333541357,0.1339867688861732
183,0.8728532601101683,-4.6457771011666855,0.35581275333541357,0.1339867688861732
184,0.5005108420257043,4.752919202053689,0.35581275333541357,0.1339867688861732
185,-1.4343772505484507,-0.9065156509886467,0.35581275333541357,0.1339867688861732
186,-2.2378830984404785,-2.03393903599537,0.35581275333541357,0.1339867688861732
187,0.8953751065306608,0.6007990552305723,0.35581275333541357,0.1339867688861732
188,0.9128838233209777,-2.4521681732550955,0.35581275333541357,0.1339867688861732
189,1.9836277895184677,-3.8717003535314616,0.35581275333541357,0.1339867688861732
190,1.6379093674693546,-3.2925000945194656,0.35581275333541357,0.1339867688861732
191,-0.26709636790717894,-3.9738433479095203,0.35581275333541357,0.1339867688861732
192,10.903630560798918,-2.7623932443733974,0.35581275333541357,0.1339867688861732
193,3.9339126391054404,-1.770541416124097,0.35581275333541357,0.1339867688861732
194,-4.316727910113074,-2.3099678510868715,0.35581275333541357,0.1339867688861732
195,-0.48684494454531213,2.0947594706922392,0.35581275333541357,0.1339867688861732
196,-1.8155431497163272,-0.9518935282258019,0.35581275333541357,0.1339867688861732
197,-5.201435048244551,0.7230213890374076,0.35581275333541357,0.1339867688861732
198,0.39261785540930827,1.372835253559788,0.35581275333541357,0.1339867688861732
199,-3.708482211833774,-1.0369181130562566,0.35581275333541357,0.1339867688861732
200,2.5962544621686825,-0.13491057858333694,0.35581275333541357,0.1339867688861732
201,-6.302594466943537,-0.45012163528818533,0.35581275333541357,0.1339867688861732
202,-1.6176736600952348,0.9243092314575652,0.35581275333541357,0.1339867688861732
203,-1.91621437561607,-6.591569634589707,0.35581275333541357,0.1339867688861732
204,12.016556080096025,-2.0302072635393213,0.35581275333541357,0.1339867688861732
205,-4.6739294123010104,0.0017080014279306046,0.35581275333541357,0.1339867688861732
206,-1.0144653841284772,-3.568551242930427,0.35581275333541357,0.1339867688861732
207,9.809601403448466,-1.744071443507606,0.35581275333541357,0.1339867688861732
208,-3.037517601590884,2.5895628454877984,0.35581275333541357,0.1339867688861732
209,-0.7703874835935153,-0.8650294933426022,0.35581275333541357,0.1339867688861732
210,-2.0643951983499647,1.2871833983294372,0.35581275333541357,0.1339867688861732
211,-5.324224577121957,-0.3254164635020242,0.35581275333541357,0.1339867688861732
212,-1.3054850159164693,5.32739681943048,0.35581275333541357,0.1339867688861732
213,-3.00125043396843,0.21584887910712613,0.35581275333541357,0.1339867688861732
214,-0.9482669545239304,-0.4983077621467493,0.35581275333541357,0.1339867688861732
215,-0.7172391535204802,0.21404601609245127,0.35581275333541357,0.1339867688861732
216,-5.2155298211859344,1.4332399650501322,0.35581275333541357,0.1339867688861732
217,14.184028561304382,0.6859411993712178,0.35581275333541357,0.1339867688861732
218,-2.708859305525784,-1.9142783053916734,0.35581275333541357,0.1339867688861732
219,-5.104146240972193,2.1051609646404343,0.35581275333541357,0.1339867688861732
220,20.151383049729723,-2.986838899223427,0.35581275333541357,0.1339867688861732
221,-2.8078707413439052,-0.4827063081479935,0.35581275333541357,0.1339867688861732
222,-2.204472083758478,-2.22783148574446,0.35581275333541357,0.1339867688861732
223,-3.3020700218902403,-0.3115101780798916,0.35581275333541357,0.1339867688861732
224,-1.3420776306115514,0.18269104523130586,0.35581275333541357,0.1339867688861732
225,-0.020044872981413536,-3.598752802025325,0.35581275333541357,0.1339867688861732
226,-1.6206702060907152,4.738756721357798,0.35581275333541357,0.1339867688861732
227,-0.8286933797687777,0.5041532558425557,0.35581275333541357,0.1339867688861732
228,-4.232627326500592,-0.6426961115838068,0.35581275333541357,0.1339867688861732
229,-4.223480610571447,0.3912892530118848,0.35581275333541357,0.1339867688861732
230,0.7152778842989974,-5.010272740021511,0.35581275333541357,0.1339867688861732
231,-1.5413491168344544,4.145441751668947,0.35581275333541357,0.1339867688861732
232,-1.5696131860549425,-3.1594881071361494,0.35581275333541357,0.1339867688861732
233,-2.204779741637201,-5.12363478652951,0.35581275333541357,0.1339867688861732
234,-4.0450447174299535,1.9841702928190417,0.35581275333541357,0.1339867688861732
235,-2.185178874152808,4.319544752202963,0.35581275333541357,0.1339867688861732
236,-3.5997333714359354,1.0912366052687132,0.35581275333541357,0.1339867688861732
237,-0.8747205825248854,2.728871795278535,0.35581275333541357,0.1339867688861732
238,6.2556219787257765,1.4047142859543182,0.35581275333541357,0.1339867688861732
239,-4.99658901729029,-0.2236919473462498,0.35581275333541357,0.1339867688861732
240,0.5273587315723607,-1.8997218168781158,0.35581275333541357,0.1339867688861732
241,1.0940300572719805,-3.135521608758067,0.35581275333541357,0.1339867688861732
242,1.056943205272695,-0.5107002340113836,0.35581275333541357,0.1339867688861732
243,1.0912747308410409,-2.814511417565724,0.35581275333541357,0.1339867688861732
244,-4.45368992665992,1.0309988577834848,0.35581275333541357,0.1339867688861732
245,0.12415195421519289,5.8914408887752385,0.35581275333541357,0.1339867688861732
246,-4.497691657543826,2.7862412992443124,0.35581275333541357,0.1339867688861732
247,-0.4692994579754177,2.062446277466502,0.35581275333541357,0.1339867688861732
248,-1.3245294634273594,4.872554228449788,0.35581275333541357,0.1339867688861732
249,1.4609500621922602,-0.15481710251664474,0.35581275333541357,0.1339867688861732
250,0.3664852754697731,0.5399975167208864,0.35581275333541357,0.1339867688861732
251,3.5085995016193445,-2.2783773635945503,0.35581275333541357,0.1339867688861732
252,6.737975038283938,-0.8244853437143891,0.35581275333541357,0.1339867688861732
253,-4.655885000586773,0.874780872651683,0.35581275333541357,0.1339867688861732
254,0.02367746254121276,-0.11915804723950414,0.35581275333541357,0.1339867688861732
255,-5.895869374460941,-0.8929501019611126,0.35581275333541357,0.1339867688861732
256,-3.421041213552473,-4.98752423006821,0.35581275333541357,0.1339867688861732
257,9.517195828517865,5.65310945025556,0.35581275333541357,0.1339867688861732
258,2.1422423581983714,0.1408605822750368,0.35581275333541357,0.1339867688861732
259,-3.858926926342319,6.861366123944249,0.35581275333541357,0.1339867688861732
260,9.086691263929708,-4.0059426991766625,0.35581275333541357,0.1339867688861732
261,-4.141083112980589,-1.0855968164093268,0.35581275333541357,0.1339867688861732
262,-1.7116739615742045,2.61749769188834,0.35581275333541357,0.1339867688861732
263,-3.5633971354968135,0.5819671325185413,0.35581275333541357,0.1339867688861732
264,8.583593657112736,0.12343263931752589,0.35581275333541357,0.1339867688861732
265,3.6549897298068816,1.1556336322174336,0.35581275333541357,0.1339867688861732
266,8.510018160899001,-4.942016430389021,0.35581275333541357,0.1339867688861732
267,1.9037909325353408,2.2940691357967062,0.35581275333541357,0.1339867688861732
268,12.779938805160436,-0.632557815659709,0.35581275333541357,0.1339867688861732
269,-0.8123109007419362,-2.527179632523117,0.35581275333541357,0.1339867688861732
270,6.168511872467814,-3.3321832726313363,0.35581275333541357,0.1339867688861732
271,-2.952479479120557,2.271430580640315,0.35581275333541357,0.1339867688861732
272,-2.8068281237945567,-1.1401510710717118,0.35581275333541357,0.1339867688861732
273,-4.2077119997570875,0.13965035573226953,0.35581275333541357,0.1339867688861732
274,-0.03527677748177376,2.1252295852118492,0.35581275333541357,0.1339867688861732
275,5.867631703972062,6.442707929793539,0.35581275333541357,0.1339867688861732
276,-3.4580243177302137,0.563260000030951,0.35581275333541357,0.1339867688861732
277,-4.151703516065597,-0.6093063466999213,0.35581275333541357,0.1339867688861732
278,1.3492347013801216,-0.22849962742614052,0.35581275333541357,0.1339867688861732
279,3.566678283196794,8.171101138964017,0.35581275333541357,0.1339867688861732
280,-2.7481554266662855,-2.5749138365058903,0.35581275333541357,0.1339867688861732
281,0.9749347689388653,-1.5323911975523459,0.35581275333541357,0.1339867688861732
282,-3.3000477086149242,0.8849599041621331,0.35581275333541357,0.1339867688861732
283,-4.260486647791964,-2.9704102537665755,0.35581275333541357,0.1339867688861732
284,8.805255493176748,-0.2675985684313086,0.35581275333541357,0.1339867688861732
285,0.46217381955478015,4.219429197699206,0.35581275333541357,0.1339867688861732
286,0.0961531946796823,-2.5087663438444734,0.35581275333541357,0.1339867688861732
287,-4.952346422091589,2.749547236924311,0.35581275333541357,0.1339867688861732
288,6.186881601188804,-2.00719774360789,0.35581275333541357,0.1339867688861732
289,2.8458505863722126,-3.3018592984060855,0.35581275333541357,0.1339867688861732
290,0.5736268350840742,-2.4385324641631803,0.35581275333541357,0.1339867688861732
291,2.052806729326383,1.4426388160128558,0.35581275333541357,0.1339867688861732
292,2.9109979271640247,1.5641796202775238,0.35581275333541357,0.1339867688861732
293,-0.5734810724542696,-1.5380162021593822,0.35581275333541357,0.1339867688861732
294,-2.515319475203668,3.0512634853190934,0.35581275333541357,0.1339867688861732
295,0.5079129527659196,-3.2289817535321865,0.35581275333541357,0.1339867688861732
296,-1.984082790203108,-3.0941807197870235,0.35581275333541357,0.1339867688861732
297,2.5316681399450545,-1.3974822590119755,0.35581275333541357,0.1339867688861732
298,0.6542761030638776,-2.5428295259960847,0.35581275333541357,0.1339867688861732
299,-1.8739893181568357,-1.0319851820812,0.35581275333541357,0.1339867688861732
300,0.3150534836039669,-0.8308268197566886,0.35581275333541357,0.1339867688861732
301,-3.0461845428157575,-2.798680895682125,0.35581275333541357,0.1339867688861732
302,1.2323900012704452,2.2014943362902706,0.35581275333541357,0.1339867688861732
303,-3.2747086460701182,-2.918074970270738,0.35581275333541357,0.1339867688861732
304,-2.2239561014207707,-0.42843553576308374,0.35581275333541357,0.1339867688861732
305,-3.780196957408929,-1.4000619460765402,0.35581275333541357,0.1339867688861732
306,-2.1450367887067947,-3.3561487199934708,0.35581275333541357,0.1339867688861732
307,-2.592048642626812,8.311272623356931,0.35581275333541357,0.1339867688861732
308,-3.1163791268067778,1.7149008844751878,0.35581275333541357,0.1339867688861732
309,0.8735592608465396,-2.2466669646097492,0.35581275333541357,0.1339867688861732
310,-4.667562827787459,-0.3529030698786988,0.35581275333541357,0.1339867688861732
311,-2.5582425230072614,-4.981101539869931,0.35581275333541357,0.1339867688861732
312,-4.834135923655126,0.9949241248873472,0.35581275333541357,0.1339867688861732
313,-2.9024605945886273,2.2288515405283373,0.35581275333541357,0.1339867688861732
314,0.3624529328855434,2.7759569903410273,0.35581275333541357,0.1339867688861732
315,-3.8517562013322957,1.0164918909197485,0.35581275333541357,0.1339867688861732
316,-1.8774446665522466,-0.03857888585617993,0.35581275333541357,0.1339867688861732
317,10.52100677309339,-0.22463328142839967,0.35581275333541357,0.1339867688861732
318,-3.7642542440710764,-1.7904574816736758,0.35581275333541357,0.1339867688861732
319,-3.630024960674035,4.878614066977872,0.35581275333541357,0.1339867688861732
320,-3.0534847344951754,-0.7869859762734709,0.35581275333541357,0.1339867688861732
321,3.733469876663945,-1.0329399018366403,0.35581275333541357,0.1339867688861732
322,-2.4629687904747355,3.5238744605450436,0.35581275333541357,0.1339867688861732
323,3.7501565156709926,1.8236230693863036,0.35581275333541357,0.1339867688861732
324,22.113381407398997,6.088265722425429,0.35581275333541357,0.1339867688861732
325,-3.817933696681849,0.4926596565681324,0.35581275333541357,0.1339867688861732
326,-5.12806640375942,1.1686126055778863,0.35581275333541357,0.1339867688861732
327,14.145164253495334,-0.7364783068793512,0.35581275333541357,0.1339867688861732
328,-2.196441058187613,-1.889926047461206,0.35581275333541357,0.1339867688861732
329,-2.007210889863285,4.3501533431595645,0.35581275333541357,0.1339867688861732
330,1.9313999950529206,2.7807507026024068,0.35581275333541357,0.1339867688861732
331,0.2744495717459998,-1.38066864782848,0.35581275333541357,0.1339867688861732
332,-3.7794560975871465,-1.6060255450656595,0.35581275333541357,0.1339867688861732
333,2.091749356217485,0.43869336879929954,0.35581275333541357,0.1339867688861732
334,-3.0640730600806942,0.4268957916823563,0.35581275333541357,0.1339867688861732
335,-1.4082208668407246,4.341482803397374,0.35581275333541357,0.1339867688861732
336,-0.963548818071201,0.4899028326551731,0.35581275333541357,0.1339867688861732
337,-4.683379387771454,-1.2233148959651887,0.35581275333541357,0.1339867688861732
338,3.0455654713782776,-2.906758287922222,0.35581275333541357,0.1339867688861732
339,-3.924855027778072,-5.2638842881209005,0.35581275333541357,0.1339867688861732
340,1.6589100904647947,-0.9137016212247194,0.35581275333541357,0.1339867688861732
341,-4.810091156769665,2.5169444599408344,0.35581275333541357,0.1339867688861732
342,-1.950393698793362,-0.547157046605893,0.35581275333541357,0.1339867688861732
343,-0.9883934891519497,-4.814392526441604,0.35581275333541357,0.1339867688861732
344,-0.009416483206224248,8.60326110666124,0.35581275333541357,0.1339867688861732
345,-1.319477860990212,-7.67238020696509,0.35581275333541357,0.1339867688861732
346,1.804495383340193,6.6754136668607895,0.35581275333541357,0.1339867688861732
347,-2.4534694989228143,-0.06043734713365367,0.35581275333541357,0.1339867688861732
348,4.562615300620164,-1.1769716787757791,0.35581275333541357,0.1339867688861732
349,8.661250763864867,1.5117509062527108,0.35581275333541357,0.1339867688861732
350,3.6340372791264812,3.5113528255347997,0.35581275333541357,0.1339867688861732
351,1.184621207520098,-0.44485731771726755,0.35581275333541357,0.1339867688861732
352,-1.286994728721145,0.6535525946530752,0.35581275333541357,0.1339867688861732
353,-0.4678322946139606,-0.8840812058109226,0.35581275333541357,0.1339867688861732
354,5.289004912832956,1.957025239571754,0.35581275333541357,0.1339867688861732
355,-2.437480290297141,-3.56713423068437,0.35581275333541357,0.1339867688861732
356,-1.7550560965040358,-5.89425890623807,0.35581275333541357,0.1339867688861732
357,-2.4549054319812473,0.8844372060349829,0.35581275333541357,0.1339867688861732
358,0.39459129050978003,-1.7834913018388818,0.35581275333541357,0.1339867688861732
359,22.173523228340322,-3.638242299757301,0.35581275333541357,0.1339867688861732
360,15.689748131205299,1.540867426231017,0.35581275333541357,0.1339867688861732
361,12.838581950681963,-3.9462585886685835,0.35581275333541357,0.1339867688861732
362,-3.0690222549754083,2.2935716325474234,0.35581275333541357,0.1339867688861732
363,-2.9505760139918458,2.0575819939354743,0.35581275333541357,0.1339867688861732
364,-2.3157472066569045,-4.44524617427343,0.35581275333541357,0.1339867688861732
365,-4.466693591279599,1.9591786828235576,0.35581275333541357,0.1339867688861732
366,-1.485831647669541,1.4645775439501625,0.35581275333541357,0.1339867688861732
367,1.1143539758796808,-0.7862584890538927,0.35581275333541357,0.1339867688861732
368,-0.7479342148643563,2.5796104792769,0.35581275333541357,0.1339867688861732
369,-2.169508833635737,-1.8558241199775278,0.35581275333541357,0.1339867688861732
370,-3.4373330296918696,1.4352432505444401,0.35581275333541357,0.1339867688861732
371,4.737125192968742,-0.36098850238940383,0.35581275333541357,0.1339867688861732
372,-4.0483091999988075,-1.0436143821171877,0.35581275333541357,0.1339867688861732
373,2.84098622705145,-5.724739743340111,0.35581275333541357,0.1339867688861732
374,-4.0391188409482535,-4.297663791354034,0.35581275333541357,0.1339867688861732
375,-3.493259523241112,1.6959065178564292,0.35581275333541357,0.1339867688861732
376,-0.954450550037487,-0.8565065536538928,0.35581275333541357,0.1339867688861732
377,-4.266410561332837,5.755551069159689,0.35581275333541357,0.1339867688861732
378,2.1953528421361437,0.46477979439509814,0.35581275333541357,0.1339867688861732
379,-3.8636401463224206,1.647838941112831,0.35581275333541357,0.1339867688861732
380,0.7346540360423649,1.6283302104732287,0.35581275333541357,0.1339867688861732
381,-0.6377916327513639,1.392367685835477,0.35581275333541357,0.1339867688861732
382,-3.269420068876812,0.7030913931582136,0.35581275333541357,0.1339867688861732
383,-1.907127647103592,-2.974574683877571,0.35581275333541357,0.1339867688861732
384,2.1339315384034903,-0.9073269905690664,0.35581275333541357,0.1339867688861732
385,0.42554073275241794,1.0697573283859323,0.35581275333541357,0.1339867688861732
386,-2.1161929662265093,0.258520067462391,0.35581275333541357,0.1339867688861732
387,2.262525626938772,4.718200657376139,0.35581275333541357,0.1339867688861732
388,9.148173596368105,-2.261320601856238,0.35581275333541357,0.1339867688861732
389,-4.091056700658534,1.5308008077612338,0.35581275333541357,0.1339867688861732
390,2.51144402345954,4.6935329952499085,0.35581275333541357,0.1339867688861732
391,-4.130014897007142,1.344897975227479,0.35581275333541357,0.1339867688861732
392,-3.0884046498516238,4.246712656711952,0.35581275333541357,0.1339867688861732
393,-5.412948041295491,0.4490342675695412,0.35581275333541357,0.1339867688861732
394,-3.593592786305892,0.7843958532312387,0.35581275333541357,0.1339867688861732
395,-2.5559423852718237,2.956831238034298,0.35581275333541357,0.1339867688861732
396,-1.660593807917457,4.145324738222276,0.35581275333541357,0.1339867688861732
397,-3.7034156693320894,2.108781965518625,0.35581275333541357,0.1339867688861732
398,-3.8990034858012215,3.5802385654994935,0.35581275333541357,0.1339867688861732
399,-4.0016516040325465,-0.7455752627631659,0.35581275333541357,0.1339867688861732
400,13.937972656224519,-5.584122908704364,0.35581275333541357,0.1339867688861732
401,-3.5834906979868144,-0.5213982580787199,0.35581275333541357,0.1339867688861732
402,-1.7460951908522984,-1.7161768105514512,0.35581275333541357,0.1339867688861732
403,-2.08774207076284,-3.564031736648984,0.35581275333541357,0.1339867688861732
404,6.881988163722143,12.078757329897616,0.35581275333541357,0.1339867688861732
405,1.9707089217620661,0.9346484864595864,0.35581275333541357,0.1339867688861732
406,-3.5945025290019785,1.772009496928329,0.35581275333541357,0.1339867688861732
407,2.315533664519852,-7.601246861802402,0.35581275333541357,0.1339867688861732
408,-5.017205737484188,-1.3937341966040377,0.35581275333541357,0.1339867688861732
409,-2.279997183799976,-1.9217026791081901,0.35581275333541357,0.1339867688861732
410,-1.6491272263400991,2.5742292074600357,0.35581275333541357,0.1339867688861732
411,-2.197341451763904,6.2607649225198125,0.35581275333541357,0.1339867688861732
412,-2.6747147724194966,-1.3766471827053306,0.35581275333541357,0.1339867688861732
413,8.148233846695268,1.3926712873731588,0.35581275333541357,0.1339867688861732
414,1.627391677598933,0.6062068034944488,0.35581275333541357,0.1339867688861732
415,2.7266167893163824,-5.393562438367976,0.35581275333541357,0.1339867688861732
416,-2.7795284488388337,-0.27099389628294984,0.35581275333541357,0.1339867688861732
417,0.11011796952677114,-3.4082237345695896,0.35581275333541357,0.1339867688861732
418,2.6307218802742884,2.2725010181901077,0.35581275333541357,0.1339867688861732
419,5.689952235463427,1.110842995076035,0.35581275333541357,0.1339867688861732
420,1.5125897712911902,0.07038222943217987,0.35581275333541357,0.1339867688861732
421,16.58369224267394,-1.3650906662831745,0.35581275333541357,0.1339867688861732
422,-3.6803081249281124,-2.3221546960488726,0.35581275333541357,0.1339867688861732
423,-3.7991699288259473,0.013841315774503541,0.35581275333541357,0.1339867688861732
424,-2.1547580249423777,-0.8444860910379787,0.35581275333541357,0.1339867688861732
425,0.061603099961343076,4.09872959856227,0.35581275333541357,0.1339867688861732
426,-0.37894141881149007,4.649120864858197,0.35581275333541357,0.1339867688861732
427,-4.512615686655049,-2.686238992323285,0.35581275333541357,0.1339867688861732
428,-4.710055880481394,3.737267258513285,0.35581275333541357,0.1339867688861732
429,-4.218717632062652,2.514713063337517,0.35581275333541357,0.1339867688861732
430,13.436817183127756,2.894325300174811,0.35581275333541357,0.1339867688861732
431,-3.992537162089561,-3.0917724526037857,0.35581275333541357,0.1339867688861732
432,-3.206239308236865,-0.16661117839021158,0.35581275333541357,0.1339867688861732
433,-3.878253034755897,-1.9451308805759195,0.35581275333541357,0.1339867688861732
434,-3.627786686277369,2.157816783170535,0.35581275333541357,0.1339867688861732
435,0.3501759804140243,2.344655353231375,0.35581275333541357,0.1339867688861732
436,-0.5037490810573315,0.8358578229061159,0.35581275333541357,0.1339867688861732
437,0.7676946941251361,3.1441009594442444,0.35581275333541357,0.1339867688861732
438,-3.7113187381930905,0.775248699751192,0.35581275333541357,0.1339867688861732
439,-3.981202183387872,-1.5935496484632814,0.35581275333541357,0.1339867688861732
440,18.421905402268102,1.666698015895887,0.35581275333541357,0.1339867688861732
441,-3.182575277633456,0.009783864755765353,0.35581275333541357,0.1339867688861732
442,-2.465490416106845,-1.0608870947857065,0.35581275333541357,0.1339867688861732
443,-3.5099065184132896,0.9346964752500985,0.35581275333541357,0.1339867688861732
444,4.669932523950251,-0.4798562464648987,0.35581275333541357,0.1339867688861732
445,7.780868288569449,-0.09766591781601353,0.35581275333541357,0.1339867688861732
446,2.426699257329109,-2.0809423301242713,0.35581275333541357,0.1339867688861732
447,-1.7219740338040748,-0.77828932758527,0.35581275333541357,0.1339867688861732
448,1.849018806074284,-1.037735680513505,0.35581275333541357,0.1339867688861732
449,4.3308694200579945,-3.995226265335773,0.35581275333541357,0.1339867688861732
450,-3.667769262824753,0.04524706676407322,0.35581275333541357,0.1339867688861732
451,-1.4792878379482746,8.920493496675972,0.35581275333541357,0.1339867688861732
452,-5.271391473263801,2.3867999661643298,0.35581275333541357,0.1339867688861732
453,-0.0477113622841098,-2.589582757628638,0.35581275333541357,0.1339867688861732
454,-0.07642229518992211,3.5691758115675176,0.35581275333541357,0.1339867688861732
455,-5.5896440295041305,0.8681942423584571,0.35581275333541357,0.1339867688861732
456,2.7083989069018646,0.4064655203454053,0.35581275333541357,0.1339867688861732
457,-2.0427679673238246,0.1362965502884132,0.35581275333541357,0.1339867688861732
458,-2.2055942013786147,1.0041223829258967,0.35581275333541357,0.1339867688861732
459,-4.670662465314096,2.6214149510956974,0.35581275333541357,0.1339867688861732
460,-3.843954226459557,-1.3730216768221468,0.35581275333541357,0.1339867688861732
461,15.444087118174723,4.830683041431808,0.35581275333541357,0.1339867688861732
462,-4.940486930506494,1.1501157428465343,0.35581275333541357,0.1339867688861732
463,0.6103477792104871,2.3660255925853813,0.35581275333541357,0.1339867688861732
464,2.415466322487922,-2.328957364133968,0.35581275333541357,0.1339867688861732
465,-2.862244606601765,-2.794011570970629,0.35581275333541357,0.1339867688861732
466,10.047963690638257,-2.009455623379855,0.35581275333541357,0.1339867688861732
467,-4.432048861723589,5.147176115984055,0.35581275333541357,0.1339867688861732
468,5.531689352807032,1.3674036795088955,0.35581275333541357,0.1339867688861732
469,-3.340035564254692,0.22366290123853877,0.35581275333541357,0.1339867688861732
470,-1.9185855308536213,-4.597440311918889,0.35581275333541357,0.1339867688861732
471,-4.531645534276265,-2.31519015882667,0.35581275333541357,0.1339867688861732
472,-4.197073163289959,-1.9122492571274472,0.35581275333541357,0.1339867688861732
473,-1.6960888114076897,-3.071189913026833,0.35581275333541357,0.1339867688861732
474,-1.3503461081552772,-0.21226242944983226,0.35581275333541357,0.1339867688861732
475,0.9097089063731044,1.7965206831118379,0.35581275333541357,0.1339867688861732
476,14.607811106157007,-5.252506453869177,0.35581275333541357,0.1339867688861732
477,-3.8958557793251947,-1.7751485631912227,0.35581275333541357,0.1339867688861732
478,-3.926712870658943,3.1239650919486617,0.35581275333541357,0.1339867688861732
479,5.338514018703235,-2.924711875961958,0.35581275333541357,0.1339867688861732
480,-4.9201818992273845,-1.1260369022658867,0.35581275333541357,0.1339867688861732
481,-4.398958808015325,0.297130992405045,0.35581275333541357,0.1339867688861732
482,0.09644416083110402,0.11322857180957735,0.35581275333541357,0.1339867688861732
483,-1.2726422425701214,1.4556179690611946,0.35581275333541357,0.1339867688861732
484,3.542593768051677,-4.705555907397765,0.35581275333541357,0.1339867688861732
485,-1.5017378399360308,-2.8691823241224403,0.35581275333541357,0.1339867688861732
486,6.370582155829984,1.6870407056787922,0.35581275333541357,0.1339867688861732
487,1.910921056113473,3.3462800596375857,0.35581275333541357,0.1339867688861732
488,-2.3385648864694084,-1.621572800710787,0.35581275333541357,0.1339867688861732
489,1.398198882791946,-0.3144676182532816,0.35581275333541357,0.1339867688861732
490,-0.05929744437911824,-0.6341178738889748,0.35581275333541357,0.1339867688861732
491,12.304741154882048,-0.673661467070182,0.35581275333541357,0.1339867688861732
492,10.95646617447067,6.401967486456304,0.35581275333541357,0.1339867688861732
493,-3.952711785581711,-2.909039075332199,0.35581275333541357,0.1339867688861732
494,-1.3695185210253882,7.018388928276961,0.35581275333541357,0.1339867688861732
495,-2.8013820556744076,-3.0722895364108536,0.35581275333541357,0.1339867688861732
496,-1.234671227568282,-0.08992060481951397,0.35581275333541357,0.1339867688861732
497,2.807576185724059,-1.282914240974694,0.35581275333541357,0.1339867688861732
498,3.2466855080940196,-3.1915537943392818,0.35581275333541357,0.1339867688861732
499,-0.023905911727142994,1.6637044968330206,0.35581275333541357,0.1339867688861732
500,0.5023944891830179,-1.9659511415582447,0.35581275333541357,0.1339867688861732
501,1.2151135837908837,0.7457610904427933,0.35581275333541357,0.1339867688861732
502,-1.6787851098476225,0.17721472110461559,0.35581275333541357,0.1339867688861732
503,-1.316199260821151,0.9149752068544877,0.35581275333541357,0.1339867688861732
504,-3.0492822310545424,-2.838759858423281,0.35581275333541357,0.1339867688861732
505,0.3940731907086462,5.220693020551903,0.35581275333541357,0.1339867688861732
506,-5.045084979912578,3.060989441789902,0.35581275333541357,0.1339867688861732
507,-4.68661415854149,0.9255024749437115,0.35581275333541357,0.1339867688861732
508,-0.227511144576953,2.89249624269546,0.35581275333541357,0.1339867688861732
509,-1.2811861653166825,0.4453559484599863,0.35581275333541357,0.1339867688861732
510,-1.3439111809628554,-0.9543421086502163,0.35581275333541357,0.1339867688861732
511,-1.3278046642955408,-0.5472404968112821,0.35581275333541357,0.1339867688861732
512,-3.7916508995305542,1.9552255694134748,0.35581275333541357,0.1339867688861732
513,-1.9833196255182908,3.5805514031721075,0.35581275333541357,0.1339867688861732
514,-3.7185355087310983,0.858368213370192,0.35581275333541357,0.1339867688861732
515,-4.445578946823003,-2.2683263814062937,0.35581275333541357,0.1339867688861732
516,-1.6355323488502402,-5.33412736220951,0.35581275333541357,0.1339867688861732
517,-2.051070771019998,0.8031412881135781,0.35581275333541357,0.1339867688861732
518,-1.7987053274108997,-0.34374113306690135,0.35581275333541357,0.1339867688861732
519,13.049591059863655,-0.29450666233406725,0.35581275333541357,0.1339867688861732
520,7.808326121629393,4.512394537942465,0.35581275333541357,0.1339867688861732
521,-1.8931760389672985,-0.05876163689988639,0.35581275333541357,0.1339867688861732
522,-4.138086044192718,1.97813318772546,0.35581275333541357,0.1339867688861732
523,2.325723436602585,7.043341009929101,0.35581275333541357,0.1339867688861732
524,0.9592935711051636,-3.4926630308616913,0.35581275333541357,0.1339867688861732
525,4.782619153554812,-1.4698801370099113,0.35581275333541357,0.1339867688861732
526,-4.554540651265143,-0.5884896402911048,0.35581275333541357,0.1339867688861732
527,-3.2275519018515375,1.2296734005496823,0.35581275333541357,0.1339867688861732
528,10.208342842771426,8.812137146026604,0.35581275333541357,0.1339867688861732
529,8.717612492017647,0.5475707439214431,0.35581275333541357,0.1339867688861732
530,1.0923640324782555,4.213318317481895,0.35581275333541357,0.1339867688861732
531,5.843145784826112,6.311771690663495,0.35581275333541357,0.1339867688861732
532,-1.368565598153362,-0.7109978482034837,0.35581275333541357,0.1339867688861732
533,-2.5395455193534313,0.17166635467651034,0.35581275333541357,0.1339867688861732
534,-1.5326772486990634,-3.162678855763191,0.35581275333541357,0.1339867688861732
535,-1.975990870131815,1.1733639047510787,0.35581275333541357,0.1339867688861732
536,4.610396981606783,-1.860734474743659,0.35581275333541357,0.1339867688861732
537,-3.2390851840476205,-0.204547099470174,0.35581275333541357,0.1339867688861732
538,-1.9153324095395645,-0.46997580816529266,0.35581275333541357,0.1339867688861732
539,-1.1230501060962037,0.6841399481879362,0.35581275333541357,0.1339867688861732
540,-2.9451239246385104,2.054342651416378,0.35581275333541357,0.1339867688861732
541,10.461035784608768,-1.2245590767104628,0.35581275333541357,0.1339867688861732
542,0.41405268266468453,-3.3379861802378725,0.35581275333541357,0.1339867688861732
543,-2.1913869389474723,1.446892264334604,0.35581275333541357,0.1339867688861732
544,-3.232028138094687,-0.8598826543182903,0.35581275333541357,0.1339867688861732
545,-3.884040071479355,-0.2801565750247449,0.35581275333541357,0.1339867688861732
546,4.592489516072047,-0.3105041038804214,0.35581275333541357,0.1339867688861732
547,-4.523887774972957,0.4945235227433336,0.35581275333541357,0.1339867688861732
548,-5.301533716833748,3.360931111237364,0.35581275333541357,0.1339867688861732
549,-5.333177880422752,1.7109209716795566,0.35581275333541357,0.1339867688861732
550,-2.899720543491738,-0.882893549678946,0.35581275333541357,0.1339867688861732
551,-6.06399407970004,1.9558159934853694,0.35581275333541357,0.1339867688861732
552,-2.544572272586405,-0.8409105148401143,0.35581275333541357,0.1339867688861732
553,-1.463120422177689,0.24223198885185346,0.35581275333541357,0.1339867688861732
554,-3.92087715363131,0.9531915247959358,0.35581275333541357,0.1339867688861732
555,2.2275694242782444,5.197606229337333,0.35581275333541357,0.1339867688861732
556,3.3163756897469026,9.874468799064873,0.35581275333541357,0.1339867688861732
557,-1.197423223387528,1.099667685796198,0.35581275333541357,0.1339867688861732
558,4.670244411332318,-2.6919968392480627,0.35581275333541357,0.1339867688861732
559,-3.7843486213543454,-1.4139573948754853,0.35581275333541357,0.1339867688861732
560,-3.32932119401625,1.7808289091573903,0.35581275333541357,0.1339867688861732
561,-4.157727654359427,1.561694767037441,0.35581275333541357,0.1339867688861732
562,-0.7683929241617942,2.754365979040738,0.35581275333541357,0.1339867688861732
563,3.6358945943343137,4.557655103518534,0.35581275333541357,0.1339867688861732
564,-2.155510379746177,-2.4958883899192825,0.35581275333541357,0.1339867688861732
565,12.756186203626106,1.344934563121366,0.35581275333541357,0.1339867688861732
566,2.1354334626692357,3.187770693462411,0.35581275333541357,0.1339867688861732
567,7.696159848925124,-1.1125033981931602,0.35581275333541357,0.1339867688861732
568,2.2343170569896422,-2.173013262053848,0.35581275333541357,0.1339867688861732
569,20.018055686196387,-0.5607653010608568,0.35581275333541357,0.1339867688861732
570,-3.225296613927282,-0.596101627099849,0.35581275333541357,0.1339867688861732
571,2.9750695596034187,1.6128658343789273,0.35581275333541357,0.1339867688861732
572,-4.176664174902691,-0.7549525536566888,0.35581275333541357,0.1339867688861732
573,-1.0435010449165214,2.8283769019294605,0.35581275333541357,0.1339867688861732
574,0.7414020396731192,-1.939266493050511,0.35581275333541357,0.1339867688861732
575,11.30825945594005,-5.072253430352792,0.35581275333541357,0.1339867688861732
576,-1.7242123170045145,2.3455482774358556,0.35581275333541357,0.1339867688861732
577,6.74400566973074,-2.6597606488243595,0.35581275333541357,0.1339867688861732
578,-4.54891692365221,3.32811888763517,0.35581275333541357,0.1339867688861732
579,0.6123529605225526,-1.3609109783801057,0.35581275333541357,0.1339867688861732
580,-1.2819100052292487,-0.21463985364872323,0.35581275333541357,0.1339867688861732
581,-2.9099576991029634,-0.5435574600323004,0.35581275333541357,0.1339867688861732
582,-2.433435705108203,-2.341561130554929,0.35581275333541357,0.1339867688861732
583,-0.6716876560709025,-2.7172878201143353,0.35581275333541357,0.1339867688861732
584,-2.00580325506251,-0.41571904168080054,0.35581275333541357,0.1339867688861732
585,-3.144662760252393,0.8101092687955108,0.35581275333541357,0.1339867688861732
586,-0.8380275226855735,3.772492728153192,0.35581275333541357,0.1339867688861732
587,-2.841334114827437,-0.6955275384416115,0.35581275333541357,0.1339867688861732
588,-2.326307211454549,0.01468303901161472,0.35581275333541357,0.1339867688861732
589,-4.3689111306078265,-2.548716870107345,0.35581275333541357,0.1339867688861732
590,2.0845922385572853,0.2612920424622998,0.35581275333541357,0.1339867688861732
591,-4.818125669442393,0.8326972882868546,0.35581275333541357,0.1339867688861732
592,1.6148773272987236,-7.4572124035186365,0.35581275333541357,0.1339867688861732
593,-2.9580782108960473,-0.1706323204108954,0.35581275333541357,0.1339867688861732
594,-1.7585654354331153,-0.8268753639464284,0.35581275333541357,0.1339867688861732
595,-1.387437121515322,3.8489272128825895,0.35581275333541357,0.1339867688861732
596,-4.928951319187996,-0.30875129659628453,0.35581275333541357,0.1339867688861732
597,12.673456744990638,1.6121818057199102,0.35581275333541357,0.1339867688861732
598,-0.010629073684221384,1.9047125512382872,0.35581275333541357,0.1339867688861732
599,0.9640710048972785,-0.9526637863598583,0.35581275333541357,0.1339867688861732
600,-0.7359413242632734,-0.49444651789342764,0.35581275333541357,0.1339867688861732
601,2.52359198862656,-3.7951281671920585,0.35581275333541357,0.1339867688861732
602,-4.168025552540275,0.9919535200854502,0.35581275333541357,0.1339867688861732
603,-5.4650928036603945,3.550965224770311,0.35581275333541357,0.1339867688861732
604,-2.870338624387245,-4.809219190037948,0.35581275333541357,0.1339867688861732
605,-3.2164239991779677,1.1650051502213712,0.35581275333541357,0.1339867688861732
606,1.5271673147219427,1.4909749180301646,0.35581275333541357,0.1339867688861732
607,-4.112152854855952,-0.13856359147324626,0.35581275333541357,0.1339867688861732
608,27.67181788730266,-3.3052047810710774,0.35581275333541357,0.1339867688861732
609,6.938758098580337,4.581955450726164,0.35581275333541357,0.1339867688861732
610,-5.019498701169072,1.7735090900651027,0.35581275333541357,0.1339867688861732
611,-2.1166210136113657,-0.6360667637631088,0.35581275333541357,0.1339867688861732
612,-4.615006803768882,-1.1326331636769709,0.35581275333541357,0.1339867688861732
613,-2.5071077463767115,2.5677461824720305,0.35581275333541357,0.1339867688861732
614,-4.346087596898002,-3.611192823578029,0.35581275333541357,0.1339867688861732
615,1.3728906723001597,3.9213513279006373,0.35581275333541357,0.1339867688861732
616,-3.575080696043647,-0.9078376289625827,0.35581275333541357,0.1339867688861732
617,11.49167973688442,5.658056486980765,0.35581275333541357,0.1339867688861732
618,-1.5539934826854565,-6.037182846078069,0.35581275333541357,0.1339867688861732
619,-3.488675183622178,0.3076999494334963,0.35581275333541357,0.1339867688861732
620,-4.425957917073363,1.0973570375390571,0.35581275333541357,0.1339867688861732
621,0.5098274837777962,-0.5720790258783447,0.35581275333541357,0.1339867688861732
622,-0.9714890873082451,-0.045018069745500204,0.35581275333541357,0.1339867688861732
623,-4.910098521018691,2.291653374231753,0.35581275333541357,0.1339867688861732
624,1.0494718620331611,2.10233360186326,0.35581275333541357,0.1339867688861732
625,-2.3847348484662403,-1.430963240819716,0.35581275333541357,0.1339867688861732
626,6.393237623110938,-4.840545982124239,0.35581275333541357,0.1339867688861732
627,0.4523731458299047,-0.27817053238953154,0.35581275333541357,0.1339867688861732
628,-3.303338038253541,-0.250825081751029,0.35581275333541357,0.1339867688861732
629,0.2935175992269599,-8.711099196358559,0.35581275333541357,0.1339867688861732
630,-4.383892531807594,-0.1013242180227109,0.35581275333541357,0.1339867688861732
631,-1.3400754088350078,1.489597727540963,0.35581275333541357,0.1339867688861732
632,-1.405469487274174,-0.6908813521336616,0.35581275333541357,0.1339867688861732
633,1.182203472044434,1.5285714184788841,0.35581275333541357,0.1339867688861732
634,0.5575093127996815,1.7146381021189518,0.35581275333541357,0.1339867688861732
635,-2.754106529507834,-3.377392726428285,0.35581275333541357,0.1339867688861732
636,-4.535789312017122,1.5142323530979984,0.35581275333541357,0.1339867688861732
637,-4.998884745214478,-1.5879149292267631,0.35581275333541357,0.1339867688861732
638,-3.9569795436546853,-3.8535973978474454,0.35581275333541357,0.1339867688861732
639,5.260482886645381,0.43898658756204284,0.35581275333541357,0.1339867688861732
640,-4.151390457218343,-0.3639944957121063,0.35581275333541357,0.1339867688861732
641,-1.8146141091983925,4.3567941551611975,0.35581275333541357,0.1339867688861732
642,-1.36893276537936,8.501071894223033,0.35581275333541357,0.1339867688861732
643,-0.2071881264541042,-2.5154673814638917,0.35581275333541357,0.1339867688861732
644,-3.4808385918102625,-1.6123420621981388,0.35581275333541357,0.1339867688861732
645,-1.8053322312070637,-1.721045681992349,0.35581275333541357,0.1339867688861732
646,-0.7164349907886399,1.798153552840717,0.35581275333541357,0.1339867688861732
647,2.4991688785368686,0.40640353068688845,0.35581275333541357,0.1339867688861732
648,-4.247979301965174,-0.37124398006236115,0.35581275333541357,0.1339867688861732
649,-2.5338469673964954,3.210692518515292,0.35581275333541357,0.1339867688861732
650,-5.1761337075171605,-1.3181077106284607,0.35581275333541357,0.1339867688861732
651,2.505079525113422,-0.48165283662329883,0.35581275333541357,0.1339867688861732
652,-0.22896704724023206,-0.3701280780954583,0.35581275333541357,0.1339867688861732
653,-2.732960044257485,-0.4509900388445763,0.35581275333541357,0.1339867688861732
654,-0.9080026999439125,-2.8559356799479954,0.35581275333541357,0.1339867688861732
655,-2.870192004286986,0.8928993646950341,0.35581275333541357,0.1339867688861732
656,-2.035091387930845,0.0009854165864518279,0.35581275333541357,0.1339867688861732
657,12.57543786672398,-5.376132393583112,0.35581275333541357,0.1339867688861732
658,0.0562692751159845,-3.3850447682294966,0.35581275333541357,0.1339867688861732
659,-2.369163117073412,-0.30731851051449893,0.35581275333541357,0.1339867688861732
660,-0.4090374013127895,0.05012931171446752,0.35581275333541357,0.1339867688861732
661,-2.8144119482696373,-6.545111641148819,0.35581275333541357,0.1339867688861732
662,-3.708521472522841,-1.5179261019016723,0.35581275333541357,0.1339867688861732
663,-4.8347117720982915,-1.1651452063149923,0.35581275333541357,0.1339867688861732
664,-1.725103070203205,1.5451958841578435,0.35581275333541357,0.1339867688861732
665,-2.3159042225638236,-0.6365098476106966,0.35581275333541357,0.1339867688861732
666,4.519235336883019,-0.05214024852820084,0.35581275333541357,0.1339867688861732
667,-0.8115401461323029,-0.9553085747223139,0.35581275333541357,0.1339867688861732
668,3.7238488031354606,-5.032061769921298,0.35581275333541357,0.1339867688861732
669,1.1077318135522884,-1.7384547947145088,0.35581275333541357,0.1339867688861732
670,-5.43787406629812,-2.9102086946774475,0.35581275333541357,0.1339867688861732
671,1.6057406026880776,8.610776979238043,0.35581275333541357,0.1339867688861732
672,-5.070126877454225,-3.272361703799148,0.35581275333541357,0.1339867688861732
673,1.2642874741082752,-1.0628895917668906,0.35581275333541357,0.1339867688861732
674,-2.638821212960713,0.32812935583279634,0.35581275333541357,0.1339867688861732
675,-4.690586428928266,-0.26756387490600836,0.35581275333541357,0.1339867688861732
676,5.961584825546153,-3.3458941098918027,0.35581275333541357,0.1339867688861732
677,-2.118050326316654,4.221880254784669,0.35581275333541357,0.1339867688861732
678,-2.540071969752773,-4.291052797823582,0.35581275333541357,0.1339867688861732
679,-3.740558385243884,3.771487762403407,0.35581275333541357,0.1339867688861732
680,7.85247419779682,-1.7092935092159331,0.35581275333541357,0.1339867688861732
681,4.31854600773162,-2.1588050404614925,0.35581275333541357,0.1339867688861732
682,-2.2830433980871705,-1.2754997792741256,0.35581275333541357,0.1339867688861732
683,-0.49021683301877284,-0.8777464381201519,0.35581275333541357,0.1339867688861732
684,-0.7711557116813403,3.4642947482596957,0.35581275333541357,0.1339867688861732
685,-1.9422503975400076,3.9190592627585943,0.35581275333541357,0.1339867688861732
686,-4.793366580110084,4.063538925064903,0.35581275333541357,0.1339867688861732
687,7.603559522775297,-1.3673975942027152,0.35581275333541357,0.1339867688861732
688,-2.8090899416141606,5.41525192949017,0.35581275333541357,0.1339867688861732
689,-0.06894318543599666,-0.45000201027561254,0.35581275333541357,0.1339867688861732
690,-4.791976456775869,-3.1983753167412305,0.35581275333541357,0.1339867688861732
691,3.2705596188421384,0.4842510290274142,0.35581275333541357,0.1339867688861732
692,-5.608686393310721,0.28673901794271267,0.35581275333541357,0.1339867688861732
693,-3.578366788891028,1.2219897321280468,0.35581275333541357,0.1339867688861732
694,2.765378405704951,-3.1803407292459607,0.35581275333541357,0.1339867688861732
695,13.160117662157706,1.5437637377581015,0.35581275333541357,0.1339867688861732
696,-0.31462133937623316,0.20652247307726557,0.35581275333541357,0.1339867688861732
697,-4.084972911411332,-1.5810741191053632,0.35581275333541357,0.1339867688861732
698,-4.473399845197681,-2.7953670450484935,0.35581275333541357,0.1339867688861732
699,4.619464057591176,0.8038011509825749,0.35581275333541357,0.1339867688861732
700,-0.47389720818391556,8.948962238140295,0.35581275333541357,0.1339867688861732
701,-1.9737270189997729,-3.5583191765842663,0.35581275333541357,0.1339867688861732
702,-4.095636128923547,0.749911635953178,0.35581275333541357,0.1339867688861732
703,-0.6670317331098932,-0.044816439093279856,0.35581275333541357,0.1339867688861732
704,-3.6676125672891677,3.313085939051747,0.35581275333541357,0.1339867688861732
705,-3.3216538322468976,-1.7941244563808907,0.35581275333541357,0.1339867688861732
706,2.877849213591375,-0.30539237086837584,0.35581275333541357,0.1339867688861732
707,-0.4480417402195541,-0.5040129272927318,0.35581275333541357,0.1339867688861732
708,-1.7198041438155434,1.5622866535626225,0.35581275333541357,0.1339867688861732
709,7.426481933329518,0.6583840012277606,0.35581275333541357,0.1339867688861732
710,-0.053625978598609465,-2.7736996396764324,0.35581275333541357,0.1339867688861732
711,-0.4580400784861414,-0.20115267028838016,0.35581275333541357,0.1339867688861732
712,-1.50554392807354,-0.12858339467895433,0.35581275333541357,0.1339867688861732
713,3.4160776332986598,-5.207392643428827,0.35581275333541357,0.1339867688861732
714,13.066021481921855,1.7943459878633157,0.35581275333541357,0.1339867688861732
715,0.5899463073551335,-2.9139332726705818,0.35581275333541357,0.1339867688861732
716,-3.6410587726785817,1.1003621003580557,0.35581275333541357,0.1339867688861732
717,-1.9484080283433747,-0.7880143079744917,0.35581275333541357,0.1339867688861732
718,-2.411665288490092,6.084655780497654,0.35581275333541357,0.1339867688861732
719,5.035660693153607,0.6004042038812022,0.35581275333541357,0.1339867688861732
720,-5.7501973226240475,0.9251716258927517,0.35581275333541357,0.1339867688861732
721,-1.506654409622739,2.6532615204616175,0.35581275333541357,0.1339867688861732
722,-3.910274491522217,-1.8937623290975354,0.35581275333541357,0.1339867688861732
723,0.37937492561619485,-1.7635734776555774,0.35581275333541357,0.1339867688861732
724,-2.6209828344998103,1.8643916899032094,0.35581275333541357,0.1339867688861732
725,-2.603859169264492,2.0803555199947947,0.35581275333541357,0.1339867688861732
726,-1.9075058539654142,-1.6538583013059482,0.35581275333541357,0.1339867688861732
727,-3.1461405782035112,3.433311268173429,0.35581275333541357,0.1339867688861732
728,-1.2934535780957979,1.7496478212652005,0.35581275333541357,0.1339867688861732
729,-0.6665061663957221,2.1058082525119253,0.35581275333541357,0.1339867688861732
730,0.44121781821965755,-3.5118738152206257,0.35581275333541357,0.1339867688861732
731,7.90209584156498,7.7588632359994385,0.35581275333541357,0.1339867688861732
732,-1.8853775068101766,-2.301244833011427,0.35581275333541357,0.1339867688861732
733,-1.1549070616274917,-4.753385453334587,0.35581275333541357,0.1339867688861732
734,-3.8536103744125523,1.8645979017223664,0.35581275333541357,0.1339867688861732
735,-1.6599794188085222,-1.9221964082607963,0.35581275333541357,0.1339867688861732
736,-2.2139413605627696,-2.805739340341483,0.35581275333541357,0.1339867688861732
737,0.21858708569383978,0.998088260410316,0.35581275333541357,0.1339867688861732
738,14.321218721384541,4.444522249793503,0.35581275333541357,0.1339867688861732
739,5.978057211434013,11.507458624975191,0.35581275333541357,0.1339867688861732
740,8.5443757771024,0.5092474831536992,0.35581275333541357,0.1339867688861732
741,9.817435666860753,0.1691134221195265,0.35581275333541357,0.1339867688861732
742,-3.224211622114424,1.5963296449135589,0.35581275333541357,0.1339867688861732
743,0.07240726725467991,5.179081710776573,0.35581275333541357,0.1339867688861732
744,-5.579246476921117,0.1543236426529784,0.35581275333541357,0.1339867688861732
745,4.834673490953939,3.202342666853508,0.35581275333541357,0.1339867688861732
746,-1.1502309748520823,0.6109507389805042,0.35581275333541357,0.1339867688861732
747,0.9255775081452927,1.940687096197045,0.35581275333541357,0.1339867688861732
748,-0.9994804305043867,0.35210220183638996,0.35581275333541357,0.1339867688861732
749,3.372905032356241,-2.197235222821973,0.35581275333541357,0.1339867688861732
750,1.9134367584909198,0.4523304194500063,0.35581275333541357,0.1339867688861732
751,3.120772178068103,0.735977321963599,0.35581275333541357,0.1339867688861732
752,-4.578095947978599,-1.0943680235171143,0.35581275333541357,0.1339867688861732
753,-2.165300134065674,-3.4671610312236596,0.35581275333541357,0.1339867688861732
754,-2.162928465938864,-3.9304433931415046,0.35581275333541357,0.1339867688861732
755,-3.6038930997347602,-3.9008645386683716,0.35581275333541357,0.1339867688861732
756,7.104351166395746,0.3904261029282738,0.35581275333541357,0.1339867688861732
757,1.7059983027907801,-4.419484808421566,0.35581275333541357,0.1339867688861732
758,0.7056229911037316,-1.7843397727753472,0.35581275333541357,0.1339867688861732
759,14.51615099535561,-1.4331485312301997,0.35581275333541357,0.1339867688861732
760,-1.2819888232928118,-1.5685810846793204,0.35581275333541357,0.1339867688861732
761,11.875524921066473,2.013123443210309,0.35581275333541357,0.1339867688861732
762,3.5725588573110603,0.25592922651358035,0.35581275333541357,0.1339867688861732
763,3.9235769110920726,-2.295337503426418,0.35581275333541357,0.1339867688861732
764,18.016750579574833,1.0361741488272966,0.35581275333541357,0.1339867688861732
765,-0.5916717134757877,3.227719519889669,0.35581275333541357,0.1339867688861732
766,5.539434450130281,1.2052513681763988,0.35581275333541357,0.1339867688861732
767,-5.088704333989021,0.984967086973084,0.35581275333541357,0.1339867688861732
768,-1.4680317961677465,-3.1071916086294356,0.35581275333541357,0.1339867688861732
769,3.5109819081231546,1.0577376822154207,0.35581275333541357,0.1339867688861732
770,-2.1074628741543506,2.0441597029555956,0.35581275333541357,0.1339867688861732
771,-1.5921394877434836,2.2490746050372286,0.35581275333541357,0.1339867688861732
772,14.312475462901581,-0.23887602152787846,0.35581275333541357,0.1339867688861732
773,17.188922874380523,-2.439064232538632,0.35581275333541357,0.1339867688861732
774,-1.138528831698355,4.0594333822042055,0.35581275333541357,0.1339867688861732
775,-4.540880078510869,-0.18976621869131305,0.35581275333541357,0.1339867688861732
776,-3.816829940095109,0.8957617795775922,0.35581275333541357,0.1339867688861732
777,-4.957798555966239,1.9363657574597974,0.35581275333541357,0.1339867688861732
778,-1.9946891452495024,-1.4162202313795327,0.35581275333541357,0.1339867688861732
779,17.61998056070661,1.3391929114415058,0.35581275333541357,0.1339867688861732
780,-0.30651439897266564,-0.42612007491435167,0.35581275333541357,0.1339867688861732
781,-4.718695133660852,-1.006552932476744,0.35581275333541357,0.1339867688861732
782,5.590788791489052,0.37369363820935597,0.35581275333541357,0.1339867688861732
783,4.95131257908283,7.2017013650684065,0.35581275333541357,0.1339867688861732
784,-0.23611489945281008,3.7416593138891145,0.35581275333541357,0.1339867688861732
785,1.414987681126928,-1.6685206907919012,0.35581275333541357,0.1339867688861732
786,-1.9016711696205457,-0.9861559589688732,0.35581275333541357,0.1339867688861732
787,3.420612818165466,3.600326484096933,0.35581275333541357,0.1339867688861732
788,1.060354504945107,-0.3166253974523722,0.35581275333541357,0.1339867688861732
789,2.204891485674476,1.2951048485969865,0.35581275333541357,0.1339867688861732
790,2.388622182316402,-1.5254163775559086,0.35581275333541357,0.1339867688861732
791,-1.6989073365481044,2.7617205673693936,0.35581275333541357,0.1339867688861732
792,-0.8387839870459362,0.04801761563782885,0.35581275333541357,0.1339867688861732
793,-1.8005110104791908,4.417068263413218,0.35581275333541357,0.1339867688861732
794,-2.7903629638518126,-2.0250729962848757,0.35581275333541357,0.1339867688861732
795,5.722871164260891,2.4431382812177658,0.35581275333541357,0.1339867688861732
796,-4.292041813789416,-0.7629882689107055,0.35581275333541357,0.1339867688861732
797,-1.2080378955073519,-1.9667942332851933,0.35581275333541357,0.1339867688861732
798,4.81466384511471,-0.553509604109446,0.35581275333541357,0.1339867688861732
799,-3.2189024488188704,-1.1448132122124235,0.35581275333541357,0.1339867688861732
800,6.992220009217457,0.860509620461109,0.35581275333541357,0.1339867688861732
801,-2.2580227769714245,0.553799498527806,0.35581275333541357,0.1339867688861732
802,-3.268323991956356,-3.6920348469017084,0.35581275333541357,0.1339867688861732
803,0.6173513095148893,1.35022539436529,0.35581275333541357,0.1339867688861732
804,-1.4234059128842318,0.7314279910811072,0.35581275333541357,0.1339867688861732
805,-3.5975376181655125,0.3529134164461439,0.35581275333541357,0.1339867688861732
806,-5.08464813826276,1.573298104900752,0.35581275333541357,0.1339867688861732
807,-3.6431808675241784,0.4800119424496528,0.35581275333541357,0.1339867688861732
808,-3.3583613624939144,-0.5517612043702249,0.35581275333541357,0.1339867688861732
809,-2.5686610276806725,-2.6466128100158963,0.35581275333541357,0.1339867688861732
810,7.315313469987383,0.45652023752519455,0.35581275333541357,0.1339867688861732
811,-1.0762950501074942,4.479525750069973,0.35581275333541357,0.1339867688861732
812,9.222043524982569,3.12617171198824,0.35581275333541357,0.1339867688861732
813,4.2662517061286644,-3.191767755696513,0.35581275333541357,0.1339867688861732
814,-1.9753920879006168,-3.104325532799512,0.35581275333541357,0.1339867688861732
815,-2.338990370089545,0.7713646859840843,0.35581275333541357,0.1339867688861732
816,-0.11629722035026964,2.263339223080486,0.35581275333541357,0.1339867688861732
817,0.5361842984039028,-2.267668617042171,0.35581275333541357,0.1339867688861732
818,-3.7771697474193213,1.3633580716137599,0.35581275333541357,0.1339867688861732
819,0.20200153175119323,-1.4089022101030693,0.35581275333541357,0.1339867688861732
820,-4.292729600265622,-0.39819494852561654,0.35581275333541357,0.1339867688861732
821,-2.081335276701425,1.694577053446147,0.35581275333541357,0.1339867688861732
822,-2.5657738589914274,-3.536866039284162,0.35581275333541357,0.1339867688861732
823,-1.061121047319927,1.7402317616207381,0.35581275333541357,0.1339867688861732
824,-0.9756800261686359,-2.366717212299939,0.35581275333541357,0.1339867688861732
825,-4.424409490089781,1.2896274968293868,0.35581275333541357,0.1339867688861732
826,-3.1784974102414196,0.7364449832436062,0.35581275333541357,0.1339867688861732
827,0.38038665361573404,-3.844341906327062,0.35581275333541357,0.1339867688861732
828,-1.183124501885886,-0.17367358557514792,0.35581275333541357,0.1339867688861732
829,-4.548376676509753,-1.0739888237503281,0.35581275333541357,0.1339867688861732
830,5.701654050743217,-3.0287026017255285,0.35581275333541357,0.1339867688861732
831,-1.9215477488635926,-3.5183987731214517,0.35581275333541357,0.1339867688861732
832,-1.493076817824356,-1.2599727482799241,0.35581275333541357,0.1339867688861732
833,0.14971167322543033,-3.375213351190272,0.35581275333541357,0.1339867688861732
834,-4.493778272100814,1.964486437638472,0.35581275333541357,0.1339867688861732
835,2.1514879452097055,0.6827672762433642,0.35581275333541357,0.1339867688861732
836,6.307159773122982,-2.7104007157017547,0.35581275333541357,0.1339867688861732
837,-2.194144500985445,0.7838109851913196,0.35581275333541357,0.1339867688861732
838,-0.08473947644633235,-2.4018376865322035,0.35581275333541357,0.1339867688861732
839,4.774461378895188,-1.140641672955245,0.35581275333541357,0.1339867688861732
840,3.9721253631377262,2.3068768297404665,0.35581275333541357,0.1339867688861732
841,0.8201465758534561,-1.187015595998559,0.35581275333541357,0.1339867688861732
842,-2.0727372690248322,-0.33829141266081664,0.35581275333541357,0.1339867688861732
843,-0.8578999020493248,-1.397810650264371,0.35581275333541357,0.1339867688861732
844,14.866514105401349,1.1265878374682843,0.35581275333541357,0.1339867688861732
845,-3.148269073054544,-0.30451054559732654,0.35581275333541357,0.1339867688861732
846,-3.4910210667927495,-0.016263403115868973,0.35581275333541357,0.1339867688861732
847,0.09468936234472737,0.7938237878617387,0.35581275333541357,0.1339867688861732
848,6.88142462116635,-7.6865012368880015,0.35581275333541357,0.1339867688861732
849,3.1406052249285645,1.2456558350124587,0.35581275333541357,0.1339867688861732
850,-4.139214985473824,-1.8652449592172622,0.35581275333541357,0.1339867688861732
851,-0.9855028069384822,-0.5635748612524443,0.35581275333541357,0.1339867688861732
852,-1.7776918217672457,0.18240533537245013,0.35581275333541357,0.1339867688861732
853,-0.29223734578978744,-1.8272876666431856,0.35581275333541357,0.1339867688861732
854,-3.191933164514063,2.6000476534002717,0.35581275333541357,0.1339867688861732
855,5.9999547306780485,0.02936822705445672,0.35581275333541357,0.1339867688861732
856,-3.7973800488013687,1.7251377337230664,0.35581275333541357,0.1339867688861732
857,-1.1210246358212963,0.8997636736364412,0.35581275333541357,0.1339867688861732
858,-4.34804006699384,-2.361125079801268,0.35581275333541357,0.1339867688861732
859,8.635647830620757,-1.9052722106645816,0.35581275333541357,0.1339867688861732
860,-0.834377641929447,-5.947673328701779,0.35581275333541357,0.1339867688861732
861,-1.3680425546428368,-3.0777044682075134,0.35581275333541357,0.1339867688861732
862,1.0240638610142385,-6.463576285771187,0.35581275333541357,0.1339867688861732
863,-1.4190209327779064,-3.4835754668524532,0.35581275333541357,0.1339867688861732
864,-1.6867449490615887,4.61383967683354,0.35581275333541357,0.1339867688861732
865,-2.740438312031398,1.855482190606648,0.35581275333541357,0.1339867688861732
866,-3.9439945108024217,1.6390186824612099,0.35581275333541357,0.1339867688861732
867,1.210787294295103,-1.162748820919898,0.35581275333541357,0.1339867688861732
868,-4.478160319824987,1.3478579787820089,0.35581275333541357,0.1339867688861732
869,-1.342723229658967,-3.639564765878872,0.35581275333541357,0.1339867688861732
870,3.933556792230069,3.3219479860995187,0.35581275333541357,0.1339867688861732
871,4.199845318250715,-0.6886694461254582,0.35581275333541357,0.1339867688861732
872,-1.4492347658450424,-2.6830040636780224,0.35581275333541357,0.1339867688861732
873,-2.096556561386938,1.9780120503396514,0.35581275333541357,0.1339867688861732
874,-1.7478991342888575,2.078413841007887,0.35581275333541357,0.1339867688861732
875,-1.7092004022927387,4.317140909289268,0.35581275333541357,0.1339867688861732
876,1.9413494520191124,-6.791179362228499,0.35581275333541357,0.1339867688861732
877,4.152997451921604,-2.8572052402919037,0.35581275333541357,0.1339867688861732
878,8.934897968862838,-0.9720918661132902,0.35581275333541357,0.1339867688861732
879,1.111736328944189,-3.724877638105485,0.35581275333541357,0.1339867688861732
880,-5.3767801055298845,1.8163305993516778,0.35581275333541357,0.1339867688861732
881,-5.267768057408177,-3.708673789488532,0.35581275333541357,0.1339867688861732
882,-3.488535407593521,-6.068272122308912,0.35581275333541357,0.1339867688861732
883,-2.762637704391769,-3.2411394767183377,0.35581275333541357,0.1339867688861732
884,-2.8652531015194804,-1.9175962977590426,0.35581275333541357,0.1339867688861732
885,-2.5602534626735416,-0.8015726446638081,0.35581275333541357,0.1339867688861732
886,-0.1100635270124025,0.4658701394314462,0.35581275333541357,0.1339867688861732
887,4.624996008003446,-5.752219510392821,0.35581275333541357,0.1339867688861732
888,-0.23706857562706288,-1.4915994229780531,0.35581275333541357,0.1339867688861732
889,-2.233098506625654,-0.1313153688412346,0.35581275333541357,0.1339867688861732
890,-3.810745775938307,-2.1447508960590205,0.35581275333541357,0.1339867688861732
891,7.809459693314211,-6.262342373542924,0.35581275333541357,0.1339867688861732
892,-0.5208208735197595,-0.10939582097337748,0.35581275333541357,0.1339867688861732
893,-0.4110566073019408,-1.6054762130025253,0.35581275333541357,0.1339867688861732
894,-3.6267233004255366,-0.235699733177805,0.35581275333541357,0.1339867688861732
895,-4.495150575952761,0.267800581548953,0.35581275333541357,0.1339867688861732
896,-1.6507773979835725,0.2672826990627897,0.35581275333541357,0.1339867688861732
897,-0.8800378872992725,-1.7472118623167754,0.35581275333541357,0.1339867688861732
898,-3.0406021428592402,1.9876560276422497,0.35581275333541357,0.1339867688861732
899,-3.2238817261887998,-0.2347437915497361,0.35581275333541357,0.1339867688861732
900,-3.2024002148456274,0.9272338867981508,0.35581275333541357,0.1339867688861732
901,4.87447987846799,3.458366339837252,0.35581275333541357,0.1339867688861732
902,0.12416864264629164,-1.3940178403289014,0.35581275333541357,0.1339867688861732
903,-1.7957325376534015,-2.2778240680575266,0.35581275333541357,0.1339867688861732
904,-5.749071117472783,2.0193912184639395,0.35581275333541357,0.1339867688861732
905,-3.5825455967627122,1.9681390159784395,0.35581275333541357,0.1339867688861732
906,2.6957882684186867,2.098818415082866,0.35581275333541357,0.1339867688861732
907,-4.656562922520073,-1.1375740523655433,0.35581275333541357,0.1339867688861732
908,0.5560847955982394,-3.4182577967110435,0.35581275333541357,0.1339867688861732
909,-0.7553147970846971,6.825344458986849,0.35581275333541357,0.1339867688861732
910,-3.3757788085335374,-1.6895080198351082,0.35581275333541357,0.1339867688861732
911,-0.6334767631322838,-3.019539226230523,0.35581275333541357,0.1339867688861732
912,-2.5919886640145466,2.9812217366770155,0.35581275333541357,0.1339867688861732
913,-3.181535115661481,-0.9329454252903797,0.35581275333541357,0.1339867688861732
914,-1.718733044991563,-3.9628763041049795,0.35581275333541357,0.1339867688861732
915,-3.4797148027635756,-1.5790541194955723,0.35581275333541357,0.1339867688861732
916,3.3912259477308146,4.498334286697052,0.35581275333541357,0.1339867688861732
917,-4.558056411442484,-0.6969138435748076,0.35581275333541357,0.1339867688861732
918,12.440705618482719,-3.5430053496849734,0.35581275333541357,0.1339867688861732
919,5.84376374076067,-1.5670275970571905,0.35581275333541357,0.1339867688861732
920,-3.2461094882202604,1.5062591246356023,0.35581275333541357,0.1339867688861732
921,-4.613493459124169,-2.1408314608808423,0.35581275333541357,0.1339867688861732
922,11.802923249108183,-2.620011758286004,0.35581275333541357,0.1339867688861732
923,-1.4377607559750927,-3.48561020422622,0.35581275333541357,0.1339867688861732
924,-3.6510925113449977,-0.44599729598947896,0.35581275333541357,0.1339867688861732
925,-0.15866567127359835,0.15267120784145677,0.35581275333541357,0.1339867688861732
926,-1.073172050857538,-0.9978426375083377,0.35581275333541357,0.1339867688861732
927,-3.7025138796123174,-0.035566752044563076,0.35581275333541357,0.1339867688861732
928,-0.4899300156130058,-1.1380617064130316,0.35581275333541357,0.1339867688861732
929,-4.445257864492828,1.4347699386215174,0.35581275333541357,0.1339867688861732
930,-1.9561008586521869,-0.3999894001728063,0.35581275333541357,0.1339867688861732
931,-0.6341699743282174,5.0298973862939,0.35581275333541357,0.1339867688861732
932,0.2605095443051019,-3.9081251763305445,0.35581275333541357,0.1339867688861732
933,-3.8893458162341346,-1.4446490341411378,0.35581275333541357,0.1339867688861732
934,0.018666288243405035,-6.211711027997474,0.35581275333541357,0.1339867688861732
935,-0.9385358915883495,-1.3623690451712487,0.35581275333541357,0.1339867688861732
936,-4.851075129528479,2.7107773178421146,0.35581275333541357,0.1339867688861732
937,-2.574893550690517,-2.6632027759001327,0.35581275333541357,0.1339867688861732
938,-3.6611608978591983,-0.11660901291462232,0.35581275333541357,0.1339867688861732
939,-1.694520772926543,-1.1289805770630896,0.35581275333541357,0.1339867688861732
940,-0.2709564834747478,6.055261952012218,0.35581275333541357,0.1339867688861732
941,2.0170800740810333,-1.0814512571572557,0.35581275333541357,0.1339867688861732
942,4.898411195367859,-2.512081353001501,0.35581275333541357,0.1339867688861732
943,8.540320081349488,-5.5772418990838535,0.35581275333541357,0.1339867688861732
944,-3.8851398018322176,1.1663746942965032,0.35581275333541357,0.1339867688861732
945,-3.117963463076021,2.315020430724379,0.35581275333541357,0.1339867688861732
946,-3.000140396809109,-1.3887071482814208,0.35581275333541357,0.1339867688861732
947,-0.9322189633098075,-0.007567675806449799,0.35581275333541357,0.1339867688861732
948,-1.2844246517600153,-5.474897798259933,0.35581275333541357,0.1339867688861732
949,6.8521297335527445,2.111696192842865,0.35581275333541357,0.1339867688861732
950,9.41299370283008,-0.3274689916572838,0.35581275333541357,0.1339867688861732
951,-1.6223219404480542,-3.5036658889132495,0.35581275333541357,0.1339867688861732
952,-1.3895769355793575,-1.4069195910914487,0.35581275333541357,0.1339867688861732
953,-4.437855835455162,-0.222060851178322,0.35581275333541357,0.1339867688861732
954,4.5238922181069094,4.109649778985373,0.35581275333541357,0.1339867688861732
955,5.56100678317053,1.667573567335752,0.35581275333541357,0.1339867688861732
956,-4.506174412726677,1.4059549192133625,0.35581275333541357,0.1339867688861732
957,-1.6103429039250412,-2.093421616830521,0.35581275333541357,0.1339867688861732
958,0.20820440616351577,-0.5627389646745298,0.35581275333541357,0.1339867688861732
959,-3.249582762695888,-0.655885477990418,0.35581275333541357,0.1339867688861732
960,-3.1420391588707255,-1.2966579843350403,0.35581275333541357,0.1339867688861732
961,11.872944546274782,-1.6640323393680279,0.35581275333541357,0.1339867688861732
962,-2.147000488596989,-0.8724979999298222,0.35581275333541357,0.1339867688861732
963,-0.5671472161383254,1.7342447220661914,0.35581275333541357,0.1339867688861732
964,0.04010414681835151,-2.8749220470160193,0.35581275333541357,0.1339867688861732
965,-2.905592888838291,-5.259591935334769,0.35581275333541357,0.1339867688861732
966,-2.686636422916816,-1.8672894584016393,0.35581275333541357,0.1339867688861732
967,-3.8040742658064945,-0.4200539948967617,0.35581275333541357,0.1339867688861732
968,-5.304480008321225,-1.3128650820057337,0.35581275333541357,0.1339867688861732
969,-4.390042404447859,2.7775994373135435,0.35581275333541357,0.1339867688861732
970,-5.447018918952421,0.0436111822512258,0.35581275333541357,0.1339867688861732
971,-2.2663379624711077,3.0015506096232243,0.35581275333541357,0.1339867688861732
972,-4.639244558859522,-2.286529937644085,0.35581275333541357,0.1339867688861732
973,-2.9625103748375374,0.25403457996009177,0.35581275333541357,0.1339867688861732
974,9.004985080802824,-2.527387552239461,0.35581275333541357,0.1339867688861732
975,11.625379109731034,-1.4101624218640831,0.35581275333541357,0.1339867688861732
976,-0.12483146876864228,0.03123833105611774,0.35581275333541357,0.1339867688861732
977,-1.6961951429650861,-1.4882600210795935,0.35581275333541357,0.1339867688861732
978,-4.0383735519856865,-1.909811856308755,0.35581275333541357,0.1339867688861732
979,-1.5113711050273222,0.48189263821639644,0.35581275333541357,0.1339867688861732
980,-1.6553205329735494,-7.0730724408296926,0.35581275333541357,0.1339867688861732
981,2.4379186944056315,-0.8615171302701551,0.35581275333541357,0.1339867688861732
982,1.8456542946176426,-2.840724237813823,0.35581275333541357,0.1339867688861732
983,-5.615554182279506,-0.3184646091373434,0.35581275333541357,0.1339867688861732
984,-3.737046686713118,0.631173064046808,0.35581275333541357,0.1339867688861732
985,-2.288832023516089,-2.353767097267273,0.35581275333541357,0.1339867688861732
986,-2.1696443111962944,0.7059059092204026,0.35581275333541357,0.1339867688861732
987,-3.138164077468138,1.3445794816337868,0.35581275333541357,0.1339867688861732
988,2.196898205491652,2.3194824689309876,0.35581275333541357,0.1339867688861732
989,0.06465159995803196,-0.572625787269211,0.35581275333541357,0.1339867688861732
990,-4.493925079311149,0.560238480249389,0.35581275333541357,0.1339867688861732
991,4.896128408592104,3.2298351205869125,0.35581275333541357,0.1339867688861732
992,-2.6799956662976583,1.805940816268821,0.35581275333541357,0.1339867688861732
993,9.637495616991291,-0.11942584748249793,0.35581275333541357,0.1339867688861732
994,-5.198176949129561,0.5677163830762813,0.35581275333541357,0.1339867688861732
995,-4.4587240165962205,-0.9779739032672317,0.35581275333541357,0.1339867688861732
996,2.602239820303055,1.118638670073835,0.35581275333541357,0.1339867688861732
997,0.7476221756595143,2.425534549673969,0.35581275333541357,0.1339867688861732
998,-1.975419579241511,0.5831860818363518,0.35581275333541357,0.1339867688861732
999,-0.10567981513367454,-5.6325917234298455,0.35581275333541357,0.1339867688861732
1000,1.2124463890429282,2.3274552325813116,0.35581275333541357,0.1339867688861732
