problem_name,fid,iid,dim,seed,mabbob_instance_id,selection_method
MABBOB_101,-100,101,5,101,101,lhs_target
MABBOB_451,-100,451,5,451,451,lhs_target
MABBOB_350,-100,350,5,350,350,lhs_target
MABBOB_166,-100,166,5,166,166,lhs_target
MABBOB_346,-100,346,5,346,346,lhs_target
MABBOB_221,-100,221,5,221,221,lhs_target
MABBOB_879,-100,879,5,879,879,lhs_target
MABBOB_307,-100,307,5,307,307,lhs_target
MABBOB_523,-100,523,5,523,523,lhs_target
MABBOB_317,-100,317,5,317,317,lhs_target
MABBOB_713,-100,713,5,713,713,lhs_target
MABBOB_61,-100,61,5,61,61,lhs_target
MABBOB_954,-100,954,5,954,954,lhs_target
MABBOB_419,-100,419,5,419,419,lhs_target
MABBOB_865,-100,865,5,865,865,lhs_target
MABBOB_556,-100,556,5,556,556,lhs_target
MABBOB_699,-100,699,5,699,699,lhs_target
MABBOB_617,-100,617,5,617,617,lhs_target
MABBOB_176,-100,176,5,176,176,lhs_target
MABBOB_449,-100,449,5,449,449,lhs_target
MABBOB_421,-100,421,5,421,421,lhs_target
MABBOB_44,-100,44,5,44,44,lhs_target
MABBOB_404,-100,404,5,404,404,lhs_target
MABBOB_161,-100,161,5,161,161,lhs_target
MABBOB_919,-100,919,5,919,919,lhs_target
MABBOB_33,-100,33,5,33,33,lhs_target
MABBOB_82,-100,82,5,82,82,lhs_target
MABBOB_37,-100,37,5,37,37,lhs_target
MABBOB_456,-100,456,5,456,456,lhs_target
MABBOB_761,-100,761,5,761,761,lhs_target
MABBOB_739,-100,739,5,739,739,lhs_target
MABBOB_116,-100,116,5,116,116,lhs_target
MABBOB_950,-100,950,5,950,950,lhs_target
MABBOB_898,-100,898,5,898,898,lhs_target
MABBOB_430,-100,430,5,430,430,lhs_target
MABBOB_689,-100,689,5,689,689,lhs_target
MABBOB_848,-100,848,5,848,848,lhs_target
MABBOB_144,-100,144,5,144,144,lhs_target
MABBOB_810,-100,810,5,810,810,lhs_target
MABBOB_266,-100,266,5,266,266,lhs_target
MABBOB_411,-100,411,5,411,411,lhs_target
MABBOB_922,-100,922,5,922,922,lhs_target
MABBOB_606,-100,606,5,606,606,lhs_target
MABBOB_162,-100,162,5,162,162,lhs_target
MABBOB_520,-100,520,5,520,520,lhs_target
MABBOB_464,-100,464,5,464,464,lhs_target
MABBOB_407,-100,407,5,407,407,lhs_target
MABBOB_62,-100,62,5,62,62,lhs_target
MABBOB_876,-100,876,5,876,876,lhs_target
MABBOB_680,-100,680,5,680,680,lhs_target
MABBOB_8,-100,8,5,8,8,lhs_target
MABBOB_207,-100,207,5,207,207,lhs_target
MABBOB_51,-100,51,5,51,51,lhs_target
MABBOB_34,-100,34,5,34,34,lhs_target
MABBOB_246,-100,246,5,246,246,lhs_target
MABBOB_220,-100,220,5,220,220,lhs_target
MABBOB_426,-100,426,5,426,426,lhs_target
MABBOB_208,-100,208,5,208,208,lhs_target
MABBOB_688,-100,688,5,688,688,lhs_target
MABBOB_766,-100,766,5,766,766,lhs_target
MABBOB_997,-100,997,5,997,997,lhs_target
MABBOB_555,-100,555,5,555,555,lhs_target
MABBOB_530,-100,530,5,530,530,lhs_target
MABBOB_415,-100,415,5,415,415,lhs_target
MABBOB_855,-100,855,5,855,855,lhs_target
MABBOB_418,-100,418,5,418,418,lhs_target
MABBOB_26,-100,26,5,26,26,lhs_target
MABBOB_387,-100,387,5,387,387,lhs_target
MABBOB_577,-100,577,5,577,577,lhs_target
MABBOB_424,-100,424,5,424,424,lhs_target
MABBOB_528,-100,528,5,528,528,lhs_target
MABBOB_756,-100,756,5,756,756,lhs_target
MABBOB_390,-100,390,5,390,390,lhs_target
MABBOB_461,-100,461,5,461,461,lhs_target
MABBOB_567,-100,567,5,567,567,lhs_target
MABBOB_529,-100,529,5,529,529,lhs_target
MABBOB_423,-100,423,5,423,423,lhs_target
MABBOB_188,-100,188,5,188,188,lhs_target
MABBOB_773,-100,773,5,773,773,lhs_target
MABBOB_542,-100,542,5,542,542,lhs_target
MABBOB_492,-100,492,5,492,492,lhs_target
MABBOB_259,-100,259,5,259,259,lhs_target
MABBOB_257,-100,257,5,257,257,lhs_target
MABBOB_405,-100,405,5,405,405,lhs_target
MABBOB_565,-100,565,5,565,565,lhs_target
MABBOB_113,-100,113,5,113,113,lhs_target
MABBOB_99,-100,99,5,99,99,lhs_target
MABBOB_862,-100,862,5,862,862,lhs_target
MABBOB_248,-100,248,5,248,248,lhs_target
MABBOB_911,-100,911,5,911,911,lhs_target
MABBOB_964,-100,964,5,964,964,lhs_target
MABBOB_103,-100,103,5,103,103,lhs_target
MABBOB_1,-100,1,5,1,1,lhs_target
MABBOB_275,-100,275,5,275,275,lhs_target
MABBOB_147,-100,147,5,147,147,lhs_target
MABBOB_943,-100,943,5,943,943,lhs_target
MABBOB_491,-100,491,5,491,491,lhs_target
MABBOB_88,-100,88,5,88,88,lhs_target
MABBOB_569,-100,569,5,569,569,lhs_target
MABBOB_687,-100,687,5,687,687,lhs_target
MABBOB_709,-100,709,5,709,709,lhs_target
MABBOB_662,-100,662,5,662,662,lhs_target
MABBOB_864,-100,864,5,864,864,lhs_target
MABBOB_787,-100,787,5,787,787,lhs_target
MABBOB_788,-100,788,5,788,788,lhs_target
MABBOB_519,-100,519,5,519,519,lhs_target
MABBOB_367,-100,367,5,367,367,lhs_target
MABBOB_114,-100,114,5,114,114,lhs_target
MABBOB_361,-100,361,5,361,361,lhs_target
MABBOB_536,-100,536,5,536,536,lhs_target
MABBOB_608,-100,608,5,608,608,lhs_target
MABBOB_67,-100,67,5,67,67,lhs_target
MABBOB_891,-100,891,5,891,891,lhs_target
MABBOB_413,-100,413,5,413,413,lhs_target
MABBOB_333,-100,333,5,333,333,lhs_target
MABBOB_508,-100,508,5,508,508,lhs_target
MABBOB_795,-100,795,5,795,795,lhs_target
MABBOB_878,-100,878,5,878,878,lhs_target
MABBOB_982,-100,982,5,982,982,lhs_target
MABBOB_738,-100,738,5,738,738,lhs_target
MABBOB_657,-100,657,5,657,657,lhs_target
MABBOB_763,-100,763,5,763,763,lhs_target
MABBOB_373,-100,373,5,373,373,lhs_target
MABBOB_887,-100,887,5,887,887,lhs_target
MABBOB_440,-100,440,5,440,440,lhs_target
MABBOB_918,-100,918,5,918,918,lhs_target
MABBOB_15,-100,15,5,15,15,lhs_target
MABBOB_410,-100,410,5,410,410,lhs_target
MABBOB_482,-100,482,5,482,482,lhs_target
MABBOB_123,-100,123,5,123,123,lhs_target
MABBOB_782,-100,782,5,782,782,lhs_target
MABBOB_989,-100,989,5,989,989,lhs_target
MABBOB_558,-100,558,5,558,558,lhs_target
MABBOB_400,-100,400,5,400,400,lhs_target
MABBOB_502,-100,502,5,502,502,lhs_target
MABBOB_965,-100,965,5,965,965,lhs_target
MABBOB_646,-100,646,5,646,646,lhs_target
MABBOB_74,-100,74,5,74,74,lhs_target
MABBOB_566,-100,566,5,566,566,lhs_target
MABBOB_759,-100,759,5,759,759,lhs_target
MABBOB_906,-100,906,5,906,906,lhs_target
MABBOB_844,-100,844,5,844,844,lhs_target
MABBOB_783,-100,783,5,783,783,lhs_target
MABBOB_368,-100,368,5,368,368,lhs_target
MABBOB_961,-100,961,5,961,961,lhs_target
MABBOB_747,-100,747,5,747,747,lhs_target
MABBOB_575,-100,575,5,575,575,lhs_target
MABBOB_118,-100,118,5,118,118,lhs_target
MABBOB_870,-100,870,5,870,870,lhs_target
MABBOB_727,-100,727,5,727,727,lhs_target
MABBOB_349,-100,349,5,349,349,lhs_target
MABBOB_980,-100,980,5,980,980,lhs_target
MABBOB_73,-100,73,5,73,73,lhs_target
MABBOB_597,-100,597,5,597,597,lhs_target
MABBOB_836,-100,836,5,836,836,lhs_target
MABBOB_706,-100,706,5,706,706,lhs_target
MABBOB_486,-100,486,5,486,486,lhs_target
MABBOB_779,-100,779,5,779,779,lhs_target
MABBOB_203,-100,203,5,203,203,lhs_target
MABBOB_177,-100,177,5,177,177,lhs_target
MABBOB_170,-100,170,5,170,170,lhs_target
MABBOB_639,-100,639,5,639,639,lhs_target
MABBOB_335,-100,335,5,335,335,lhs_target
MABBOB_360,-100,360,5,360,360,lhs_target
MABBOB_772,-100,772,5,772,772,lhs_target
MABBOB_901,-100,901,5,901,901,lhs_target
MABBOB_217,-100,217,5,217,217,lhs_target
MABBOB_586,-100,586,5,586,586,lhs_target
MABBOB_181,-100,181,5,181,181,lhs_target
MABBOB_852,-100,852,5,852,852,lhs_target
MABBOB_642,-100,642,5,642,642,lhs_target
MABBOB_260,-100,260,5,260,260,lhs_target
MABBOB_671,-100,671,5,671,671,lhs_target
MABBOB_538,-100,538,5,538,538,lhs_target
MABBOB_741,-100,741,5,741,741,lhs_target
MABBOB_991,-100,991,5,991,991,lhs_target
MABBOB_212,-100,212,5,212,212,lhs_target
MABBOB_604,-100,604,5,604,604,lhs_target
MABBOB_707,-100,707,5,707,707,lhs_target
MABBOB_40,-100,40,5,40,40,lhs_target
MABBOB_24,-100,24,5,24,24,lhs_target
MABBOB_494,-100,494,5,494,494,lhs_target
MABBOB_330,-100,330,5,330,330,lhs_target
MABBOB_525,-100,525,5,525,525,lhs_target
MABBOB_163,-100,163,5,163,163,lhs_target
MABBOB_6,-100,6,5,6,6,lhs_target
MABBOB_97,-100,97,5,97,97,lhs_target
MABBOB_2,-100,2,5,2,2,lhs_target
MABBOB_629,-100,629,5,629,629,lhs_target
MABBOB_105,-100,105,5,105,105,lhs_target
MABBOB_677,-100,677,5,677,677,lhs_target
MABBOB_466,-100,466,5,466,466,lhs_target
MABBOB_618,-100,618,5,618,618,lhs_target
MABBOB_115,-100,115,5,115,115,lhs_target
MABBOB_592,-100,592,5,592,592,lhs_target
MABBOB_695,-100,695,5,695,695,lhs_target
MABBOB_798,-100,798,5,798,798,lhs_target
MABBOB_955,-100,955,5,955,955,lhs_target
MABBOB_830,-100,830,5,830,830,lhs_target
MABBOB_215,-100,215,5,215,215,lhs_target
MABBOB_949,-100,949,5,949,949,lhs_target
MABBOB_204,-100,204,5,204,204,lhs_target
MABBOB_445,-100,445,5,445,445,lhs_target
MABBOB_609,-100,609,5,609,609,lhs_target
MABBOB_764,-100,764,5,764,764,lhs_target
MABBOB_192,-100,192,5,192,192,lhs_target
MABBOB_190,-100,190,5,190,190,lhs_target
MABBOB_827,-100,827,5,827,827,lhs_target
MABBOB_769,-100,769,5,769,769,lhs_target
MABBOB_329,-100,329,5,329,329,lhs_target
MABBOB_359,-100,359,5,359,359,lhs_target
MABBOB_264,-100,264,5,264,264,lhs_target
MABBOB_107,-100,107,5,107,107,lhs_target
MABBOB_396,-100,396,5,396,396,lhs_target
MABBOB_284,-100,284,5,284,284,lhs_target
MABBOB_811,-100,811,5,811,811,lhs_target
MABBOB_877,-100,877,5,877,877,lhs_target
MABBOB_531,-100,531,5,531,531,lhs_target
MABBOB_348,-100,348,5,348,348,lhs_target
MABBOB_344,-100,344,5,344,344,lhs_target
MABBOB_746,-100,746,5,746,746,lhs_target
MABBOB_700,-100,700,5,700,700,lhs_target
MABBOB_740,-100,740,5,740,740,lhs_target
MABBOB_243,-100,243,5,243,243,lhs_target
MABBOB_270,-100,270,5,270,270,lhs_target
MABBOB_371,-100,371,5,371,371,lhs_target
MABBOB_975,-100,975,5,975,975,lhs_target
MABBOB_305,-100,305,5,305,305,lhs_target
MABBOB_993,-100,993,5,993,993,lhs_target
MABBOB_812,-100,812,5,812,812,lhs_target
MABBOB_149,-100,149,5,149,149,lhs_target
MABBOB_324,-100,324,5,324,324,lhs_target
MABBOB_327,-100,327,5,327,327,lhs_target
MABBOB_714,-100,714,5,714,714,lhs_target
MABBOB_388,-100,388,5,388,388,lhs_target
MABBOB_182,-100,182,5,182,182,lhs_target
MABBOB_691,-100,691,5,691,691,lhs_target
MABBOB_731,-100,731,5,731,731,lhs_target
MABBOB_268,-100,268,5,268,268,lhs_target
MABBOB_476,-100,476,5,476,476,lhs_target
