panel,n_groups,group_id,group_name,group_size,feature
BBOB_FILTERED,5,1,rank_and_value_concentration,5,disp.diff_mean_02
BBOB_FILTERED,5,1,rank_and_value_concentration,5,disp.ratio_mean_02
BBOB_FILTERED,5,1,rank_and_value_concentration,5,ela_distr.kurtosis
BBOB_FILTERED,5,1,rank_and_value_concentration,5,ela_distr.skewness
BBOB_FILTERED,5,1,rank_and_value_concentration,5,ela_distr.number_of_peaks
BBOB_FILTERED,5,2,level_set_separability,9,ela_level.lda_qda_10
BBOB_FILTERED,5,2,level_set_separability,9,ela_level.lda_qda_25
BBOB_FILTERED,5,2,level_set_separability,9,ela_level.lda_qda_50
BBOB_FILTERED,5,2,level_set_separability,9,ela_level.mmce_lda_10
BBOB_FILTERED,5,2,level_set_separability,9,ela_level.mmce_lda_25
BBOB_FILTERED,5,2,level_set_separability,9,ela_level.mmce_lda_50
BBOB_FILTERED,5,2,level_set_separability,9,ela_level.mmce_qda_10
BBOB_FILTERED,5,2,level_set_separability,9,ela_level.mmce_qda_25
BBOB_FILTERED,5,2,level_set_separability,9,ela_level.mmce_qda_50
BBOB_FILTERED,5,3,global_model_structure,9,ela_meta.lin_simple.adj_r2
BBOB_FILTERED,5,3,global_model_structure,9,ela_meta.lin_simple.intercept
BBOB_FILTERED,5,3,global_model_structure,9,ela_meta.lin_simple.coef.max
BBOB_FILTERED,5,3,global_model_structure,9,ela_meta.lin_simple.coef.max_by_min
BBOB_FILTERED,5,3,global_model_structure,9,ela_meta.lin_simple.coef.min
BBOB_FILTERED,5,3,global_model_structure,9,ela_meta.lin_w_interact.adj_r2
BBOB_FILTERED,5,3,global_model_structure,9,ela_meta.quad_simple.adj_r2
BBOB_FILTERED,5,3,global_model_structure,9,ela_meta.quad_w_interact.adj_r2
BBOB_FILTERED,5,3,global_model_structure,9,ela_meta.quad_simple.cond
BBOB_FILTERED,5,4,ruggedness_and_information,3,ic.h_max
BBOB_FILTERED,5,4,ruggedness_and_information,3,ic.m0
BBOB_FILTERED,5,4,ruggedness_and_information,3,ic.eps_max
BBOB_FILTERED,5,5,local_and_global_geometry,4,nbc.nb_fitness.cor
BBOB_FILTERED,5,5,local_and_global_geometry,4,nbc.nn_nb.mean_ratio
BBOB_FILTERED,5,5,local_and_global_geometry,4,nbc.nn_nb.sd_ratio
BBOB_FILTERED,5,5,local_and_global_geometry,4,pca.expl_var.cor_init
BBOB_FILTERED,10,1,dispersion,2,disp.diff_mean_02
BBOB_FILTERED,10,1,dispersion,2,disp.ratio_mean_02
BBOB_FILTERED,10,2,objective_distribution,3,ela_distr.kurtosis
BBOB_FILTERED,10,2,objective_distribution,3,ela_distr.skewness
BBOB_FILTERED,10,2,objective_distribution,3,ela_distr.number_of_peaks
BBOB_FILTERED,10,3,level_discriminability,3,ela_level.lda_qda_10
BBOB_FILTERED,10,3,level_discriminability,3,ela_level.lda_qda_25
BBOB_FILTERED,10,3,level_discriminability,3,ela_level.lda_qda_50
BBOB_FILTERED,10,4,level_lda_error,3,ela_level.mmce_lda_10
BBOB_FILTERED,10,4,level_lda_error,3,ela_level.mmce_lda_25
BBOB_FILTERED,10,4,level_lda_error,3,ela_level.mmce_lda_50
BBOB_FILTERED,10,5,level_qda_error,3,ela_level.mmce_qda_10
BBOB_FILTERED,10,5,level_qda_error,3,ela_level.mmce_qda_25
BBOB_FILTERED,10,5,level_qda_error,3,ela_level.mmce_qda_50
BBOB_FILTERED,10,6,meta_linear,5,ela_meta.lin_simple.adj_r2
BBOB_FILTERED,10,6,meta_linear,5,ela_meta.lin_simple.intercept
BBOB_FILTERED,10,6,meta_linear,5,ela_meta.lin_simple.coef.max
BBOB_FILTERED,10,6,meta_linear,5,ela_meta.lin_simple.coef.max_by_min
BBOB_FILTERED,10,6,meta_linear,5,ela_meta.lin_simple.coef.min
BBOB_FILTERED,10,7,meta_nonlinearity,4,ela_meta.lin_w_interact.adj_r2
BBOB_FILTERED,10,7,meta_nonlinearity,4,ela_meta.quad_simple.adj_r2
BBOB_FILTERED,10,7,meta_nonlinearity,4,ela_meta.quad_w_interact.adj_r2
BBOB_FILTERED,10,7,meta_nonlinearity,4,ela_meta.quad_simple.cond
BBOB_FILTERED,10,8,information_content,3,ic.h_max
BBOB_FILTERED,10,8,information_content,3,ic.m0
BBOB_FILTERED,10,8,information_content,3,ic.eps_max
BBOB_FILTERED,10,9,nearest_better_geometry,3,nbc.nb_fitness.cor
BBOB_FILTERED,10,9,nearest_better_geometry,3,nbc.nn_nb.mean_ratio
BBOB_FILTERED,10,9,nearest_better_geometry,3,nbc.nn_nb.sd_ratio
BBOB_FILTERED,10,10,pca_variance_structure,1,pca.expl_var.cor_init
BBOB_FILTERED,15,1,dispersion,2,disp.diff_mean_02
BBOB_FILTERED,15,1,dispersion,2,disp.ratio_mean_02
BBOB_FILTERED,15,2,distribution_shape,2,ela_distr.kurtosis
BBOB_FILTERED,15,2,distribution_shape,2,ela_distr.skewness
BBOB_FILTERED,15,3,distribution_peaks,1,ela_distr.number_of_peaks
BBOB_FILTERED,15,4,level_discriminability,3,ela_level.lda_qda_10
BBOB_FILTERED,15,4,level_discriminability,3,ela_level.lda_qda_25
BBOB_FILTERED,15,4,level_discriminability,3,ela_level.lda_qda_50
BBOB_FILTERED,15,5,level_lda_error,3,ela_level.mmce_lda_10
BBOB_FILTERED,15,5,level_lda_error,3,ela_level.mmce_lda_25
BBOB_FILTERED,15,5,level_lda_error,3,ela_level.mmce_lda_50
BBOB_FILTERED,15,6,level_qda_error,3,ela_level.mmce_qda_10
BBOB_FILTERED,15,6,level_qda_error,3,ela_level.mmce_qda_25
BBOB_FILTERED,15,6,level_qda_error,3,ela_level.mmce_qda_50
BBOB_FILTERED,15,7,meta_linear_fit,2,ela_meta.lin_simple.adj_r2
BBOB_FILTERED,15,7,meta_linear_fit,2,ela_meta.lin_simple.intercept
BBOB_FILTERED,15,8,meta_linear_coefficients,3,ela_meta.lin_simple.coef.max
BBOB_FILTERED,15,8,meta_linear_coefficients,3,ela_meta.lin_simple.coef.max_by_min
BBOB_FILTERED,15,8,meta_linear_coefficients,3,ela_meta.lin_simple.coef.min
BBOB_FILTERED,15,9,meta_nonlinear_fit,3,ela_meta.lin_w_interact.adj_r2
BBOB_FILTERED,15,9,meta_nonlinear_fit,3,ela_meta.quad_simple.adj_r2
BBOB_FILTERED,15,9,meta_nonlinear_fit,3,ela_meta.quad_w_interact.adj_r2
BBOB_FILTERED,15,10,meta_conditioning,1,ela_meta.quad_simple.cond
BBOB_FILTERED,15,11,ic_entropy,2,ic.h_max
BBOB_FILTERED,15,11,ic_entropy,2,ic.m0
BBOB_FILTERED,15,12,ic_epsilon,1,ic.eps_max
BBOB_FILTERED,15,13,nbc_fitness,1,nbc.nb_fitness.cor
BBOB_FILTERED,15,14,nbc_neighbor_ratios,2,nbc.nn_nb.mean_ratio
BBOB_FILTERED,15,14,nbc_neighbor_ratios,2,nbc.nn_nb.sd_ratio
BBOB_FILTERED,15,15,pca_global_variance,1,pca.expl_var.cor_init
BBOB_FILTERED,20,1,disp_difference,1,disp.diff_mean_02
BBOB_FILTERED,20,2,disp_ratio,1,disp.ratio_mean_02
BBOB_FILTERED,20,3,distribution_shape,2,ela_distr.kurtosis
BBOB_FILTERED,20,3,distribution_shape,2,ela_distr.skewness
BBOB_FILTERED,20,4,distribution_peaks,1,ela_distr.number_of_peaks
BBOB_FILTERED,20,5,level_discriminability_10,1,ela_level.lda_qda_10
BBOB_FILTERED,20,6,level_discriminability_25_50,2,ela_level.lda_qda_25
BBOB_FILTERED,20,6,level_discriminability_25_50,2,ela_level.lda_qda_50
BBOB_FILTERED,20,7,level_lda_error_10_25,2,ela_level.mmce_lda_10
BBOB_FILTERED,20,7,level_lda_error_10_25,2,ela_level.mmce_lda_25
BBOB_FILTERED,20,8,level_lda_error_50,1,ela_level.mmce_lda_50
BBOB_FILTERED,20,9,level_qda_error_10_25,2,ela_level.mmce_qda_10
BBOB_FILTERED,20,9,level_qda_error_10_25,2,ela_level.mmce_qda_25
BBOB_FILTERED,20,10,level_qda_error_50,1,ela_level.mmce_qda_50
BBOB_FILTERED,20,11,meta_linear_fit,2,ela_meta.lin_simple.adj_r2
BBOB_FILTERED,20,11,meta_linear_fit,2,ela_meta.lin_simple.intercept
BBOB_FILTERED,20,12,meta_linear_coefficients,3,ela_meta.lin_simple.coef.max
BBOB_FILTERED,20,12,meta_linear_coefficients,3,ela_meta.lin_simple.coef.max_by_min
BBOB_FILTERED,20,12,meta_linear_coefficients,3,ela_meta.lin_simple.coef.min
BBOB_FILTERED,20,13,meta_interaction_fit,1,ela_meta.lin_w_interact.adj_r2
BBOB_FILTERED,20,14,meta_quadratic_fit,2,ela_meta.quad_simple.adj_r2
BBOB_FILTERED,20,14,meta_quadratic_fit,2,ela_meta.quad_w_interact.adj_r2
BBOB_FILTERED,20,15,meta_conditioning,1,ela_meta.quad_simple.cond
BBOB_FILTERED,20,16,ic_entropy,2,ic.h_max
BBOB_FILTERED,20,16,ic_entropy,2,ic.m0
BBOB_FILTERED,20,17,ic_epsilon,1,ic.eps_max
BBOB_FILTERED,20,18,nbc_fitness,1,nbc.nb_fitness.cor
BBOB_FILTERED,20,19,nbc_neighbor_ratios,2,nbc.nn_nb.mean_ratio
BBOB_FILTERED,20,19,nbc_neighbor_ratios,2,nbc.nn_nb.sd_ratio
BBOB_FILTERED,20,20,pca_global_variance,1,pca.expl_var.cor_init
MABBOB_LLM_COMMON_UNFILTERED,5,1,rank_and_value_concentration,19,disp.diff_mean_02
MABBOB_LLM_COMMON_UNFILTERED,5,1,rank_and_value_concentration,19,disp.diff_mean_05
MABBOB_LLM_COMMON_UNFILTERED,5,1,rank_and_value_concentration,19,disp.diff_mean_10
MABBOB_LLM_COMMON_UNFILTERED,5,1,rank_and_value_concentration,19,disp.diff_mean_25
MABBOB_LLM_COMMON_UNFILTERED,5,1,rank_and_value_concentration,19,disp.diff_median_02
MABBOB_LLM_COMMON_UNFILTERED,5,1,rank_and_value_concentration,19,disp.diff_median_05
MABBOB_LLM_COMMON_UNFILTERED,5,1,rank_and_value_concentration,19,disp.diff_median_10
MABBOB_LLM_COMMON_UNFILTERED,5,1,rank_and_value_concentration,19,disp.diff_median_25
MABBOB_LLM_COMMON_UNFILTERED,5,1,rank_and_value_concentration,19,disp.ratio_mean_02
MABBOB_LLM_COMMON_UNFILTERED,5,1,rank_and_value_concentration,19,disp.ratio_mean_05
MABBOB_LLM_COMMON_UNFILTERED,5,1,rank_and_value_concentration,19,disp.ratio_mean_10
MABBOB_LLM_COMMON_UNFILTERED,5,1,rank_and_value_concentration,19,disp.ratio_mean_25
MABBOB_LLM_COMMON_UNFILTERED,5,1,rank_and_value_concentration,19,disp.ratio_median_02
MABBOB_LLM_COMMON_UNFILTERED,5,1,rank_and_value_concentration,19,disp.ratio_median_05
MABBOB_LLM_COMMON_UNFILTERED,5,1,rank_and_value_concentration,19,disp.ratio_median_10
MABBOB_LLM_COMMON_UNFILTERED,5,1,rank_and_value_concentration,19,disp.ratio_median_25
MABBOB_LLM_COMMON_UNFILTERED,5,1,rank_and_value_concentration,19,ela_distr.kurtosis
MABBOB_LLM_COMMON_UNFILTERED,5,1,rank_and_value_concentration,19,ela_distr.skewness
MABBOB_LLM_COMMON_UNFILTERED,5,1,rank_and_value_concentration,19,ela_distr.number_of_peaks
MABBOB_LLM_COMMON_UNFILTERED,5,2,level_set_separability,9,ela_level.lda_qda_10
MABBOB_LLM_COMMON_UNFILTERED,5,2,level_set_separability,9,ela_level.lda_qda_25
MABBOB_LLM_COMMON_UNFILTERED,5,2,level_set_separability,9,ela_level.lda_qda_50
MABBOB_LLM_COMMON_UNFILTERED,5,2,level_set_separability,9,ela_level.mmce_lda_10
MABBOB_LLM_COMMON_UNFILTERED,5,2,level_set_separability,9,ela_level.mmce_lda_25
MABBOB_LLM_COMMON_UNFILTERED,5,2,level_set_separability,9,ela_level.mmce_lda_50
MABBOB_LLM_COMMON_UNFILTERED,5,2,level_set_separability,9,ela_level.mmce_qda_10
MABBOB_LLM_COMMON_UNFILTERED,5,2,level_set_separability,9,ela_level.mmce_qda_25
MABBOB_LLM_COMMON_UNFILTERED,5,2,level_set_separability,9,ela_level.mmce_qda_50
MABBOB_LLM_COMMON_UNFILTERED,5,3,global_model_structure,9,ela_meta.lin_simple.adj_r2
MABBOB_LLM_COMMON_UNFILTERED,5,3,global_model_structure,9,ela_meta.lin_simple.intercept
MABBOB_LLM_COMMON_UNFILTERED,5,3,global_model_structure,9,ela_meta.lin_simple.coef.max
MABBOB_LLM_COMMON_UNFILTERED,5,3,global_model_structure,9,ela_meta.lin_simple.coef.max_by_min
MABBOB_LLM_COMMON_UNFILTERED,5,3,global_model_structure,9,ela_meta.lin_simple.coef.min
MABBOB_LLM_COMMON_UNFILTERED,5,3,global_model_structure,9,ela_meta.lin_w_interact.adj_r2
MABBOB_LLM_COMMON_UNFILTERED,5,3,global_model_structure,9,ela_meta.quad_simple.adj_r2
MABBOB_LLM_COMMON_UNFILTERED,5,3,global_model_structure,9,ela_meta.quad_w_interact.adj_r2
MABBOB_LLM_COMMON_UNFILTERED,5,3,global_model_structure,9,ela_meta.quad_simple.cond
MABBOB_LLM_COMMON_UNFILTERED,5,4,ruggedness_and_information,5,ic.h_max
MABBOB_LLM_COMMON_UNFILTERED,5,4,ruggedness_and_information,5,ic.m0
MABBOB_LLM_COMMON_UNFILTERED,5,4,ruggedness_and_information,5,ic.eps_max
MABBOB_LLM_COMMON_UNFILTERED,5,4,ruggedness_and_information,5,ic.eps_ratio
MABBOB_LLM_COMMON_UNFILTERED,5,4,ruggedness_and_information,5,ic.eps_s
MABBOB_LLM_COMMON_UNFILTERED,5,5,local_and_global_geometry,10,nbc.dist_ratio.coeff_var
MABBOB_LLM_COMMON_UNFILTERED,5,5,local_and_global_geometry,10,nbc.nb_fitness.cor
MABBOB_LLM_COMMON_UNFILTERED,5,5,local_and_global_geometry,10,nbc.nn_nb.mean_ratio
MABBOB_LLM_COMMON_UNFILTERED,5,5,local_and_global_geometry,10,nbc.nn_nb.sd_ratio
MABBOB_LLM_COMMON_UNFILTERED,5,5,local_and_global_geometry,10,nbc.nn_nb.cor
MABBOB_LLM_COMMON_UNFILTERED,5,5,local_and_global_geometry,10,pca.expl_var.cor_init
MABBOB_LLM_COMMON_UNFILTERED,5,5,local_and_global_geometry,10,pca.expl_var_PC1.cor_init
MABBOB_LLM_COMMON_UNFILTERED,5,5,local_and_global_geometry,10,pca.expl_var_PC1.cor_x
MABBOB_LLM_COMMON_UNFILTERED,5,5,local_and_global_geometry,10,pca.expl_var_PC1.cov_init
MABBOB_LLM_COMMON_UNFILTERED,5,5,local_and_global_geometry,10,pca.expl_var_PC1.cov_x
MABBOB_LLM_COMMON_UNFILTERED,10,1,dispersion_differences,8,disp.diff_mean_02
MABBOB_LLM_COMMON_UNFILTERED,10,1,dispersion_differences,8,disp.diff_mean_05
MABBOB_LLM_COMMON_UNFILTERED,10,1,dispersion_differences,8,disp.diff_mean_10
MABBOB_LLM_COMMON_UNFILTERED,10,1,dispersion_differences,8,disp.diff_mean_25
MABBOB_LLM_COMMON_UNFILTERED,10,1,dispersion_differences,8,disp.diff_median_02
MABBOB_LLM_COMMON_UNFILTERED,10,1,dispersion_differences,8,disp.diff_median_05
MABBOB_LLM_COMMON_UNFILTERED,10,1,dispersion_differences,8,disp.diff_median_10
MABBOB_LLM_COMMON_UNFILTERED,10,1,dispersion_differences,8,disp.diff_median_25
MABBOB_LLM_COMMON_UNFILTERED,10,2,dispersion_ratios,8,disp.ratio_mean_02
MABBOB_LLM_COMMON_UNFILTERED,10,2,dispersion_ratios,8,disp.ratio_mean_05
MABBOB_LLM_COMMON_UNFILTERED,10,2,dispersion_ratios,8,disp.ratio_mean_10
MABBOB_LLM_COMMON_UNFILTERED,10,2,dispersion_ratios,8,disp.ratio_mean_25
MABBOB_LLM_COMMON_UNFILTERED,10,2,dispersion_ratios,8,disp.ratio_median_02
MABBOB_LLM_COMMON_UNFILTERED,10,2,dispersion_ratios,8,disp.ratio_median_05
MABBOB_LLM_COMMON_UNFILTERED,10,2,dispersion_ratios,8,disp.ratio_median_10
MABBOB_LLM_COMMON_UNFILTERED,10,2,dispersion_ratios,8,disp.ratio_median_25
MABBOB_LLM_COMMON_UNFILTERED,10,3,objective_distribution,3,ela_distr.kurtosis
MABBOB_LLM_COMMON_UNFILTERED,10,3,objective_distribution,3,ela_distr.skewness
MABBOB_LLM_COMMON_UNFILTERED,10,3,objective_distribution,3,ela_distr.number_of_peaks
MABBOB_LLM_COMMON_UNFILTERED,10,4,level_discriminability,3,ela_level.lda_qda_10
MABBOB_LLM_COMMON_UNFILTERED,10,4,level_discriminability,3,ela_level.lda_qda_25
MABBOB_LLM_COMMON_UNFILTERED,10,4,level_discriminability,3,ela_level.lda_qda_50
MABBOB_LLM_COMMON_UNFILTERED,10,5,level_classification_error,6,ela_level.mmce_lda_10
MABBOB_LLM_COMMON_UNFILTERED,10,5,level_classification_error,6,ela_level.mmce_lda_25
MABBOB_LLM_COMMON_UNFILTERED,10,5,level_classification_error,6,ela_level.mmce_lda_50
MABBOB_LLM_COMMON_UNFILTERED,10,5,level_classification_error,6,ela_level.mmce_qda_10
MABBOB_LLM_COMMON_UNFILTERED,10,5,level_classification_error,6,ela_level.mmce_qda_25
MABBOB_LLM_COMMON_UNFILTERED,10,5,level_classification_error,6,ela_level.mmce_qda_50
MABBOB_LLM_COMMON_UNFILTERED,10,6,meta_linear,5,ela_meta.lin_simple.adj_r2
MABBOB_LLM_COMMON_UNFILTERED,10,6,meta_linear,5,ela_meta.lin_simple.intercept
MABBOB_LLM_COMMON_UNFILTERED,10,6,meta_linear,5,ela_meta.lin_simple.coef.max
MABBOB_LLM_COMMON_UNFILTERED,10,6,meta_linear,5,ela_meta.lin_simple.coef.max_by_min
MABBOB_LLM_COMMON_UNFILTERED,10,6,meta_linear,5,ela_meta.lin_simple.coef.min
MABBOB_LLM_COMMON_UNFILTERED,10,7,meta_nonlinearity,4,ela_meta.lin_w_interact.adj_r2
MABBOB_LLM_COMMON_UNFILTERED,10,7,meta_nonlinearity,4,ela_meta.quad_simple.adj_r2
MABBOB_LLM_COMMON_UNFILTERED,10,7,meta_nonlinearity,4,ela_meta.quad_w_interact.adj_r2
MABBOB_LLM_COMMON_UNFILTERED,10,7,meta_nonlinearity,4,ela_meta.quad_simple.cond
MABBOB_LLM_COMMON_UNFILTERED,10,8,information_content,5,ic.h_max
MABBOB_LLM_COMMON_UNFILTERED,10,8,information_content,5,ic.m0
MABBOB_LLM_COMMON_UNFILTERED,10,8,information_content,5,ic.eps_max
MABBOB_LLM_COMMON_UNFILTERED,10,8,information_content,5,ic.eps_ratio
MABBOB_LLM_COMMON_UNFILTERED,10,8,information_content,5,ic.eps_s
MABBOB_LLM_COMMON_UNFILTERED,10,9,nearest_better_geometry,5,nbc.dist_ratio.coeff_var
MABBOB_LLM_COMMON_UNFILTERED,10,9,nearest_better_geometry,5,nbc.nb_fitness.cor
MABBOB_LLM_COMMON_UNFILTERED,10,9,nearest_better_geometry,5,nbc.nn_nb.mean_ratio
MABBOB_LLM_COMMON_UNFILTERED,10,9,nearest_better_geometry,5,nbc.nn_nb.sd_ratio
MABBOB_LLM_COMMON_UNFILTERED,10,9,nearest_better_geometry,5,nbc.nn_nb.cor
MABBOB_LLM_COMMON_UNFILTERED,10,10,pca_variance_structure,5,pca.expl_var.cor_init
MABBOB_LLM_COMMON_UNFILTERED,10,10,pca_variance_structure,5,pca.expl_var_PC1.cor_init
MABBOB_LLM_COMMON_UNFILTERED,10,10,pca_variance_structure,5,pca.expl_var_PC1.cor_x
MABBOB_LLM_COMMON_UNFILTERED,10,10,pca_variance_structure,5,pca.expl_var_PC1.cov_init
MABBOB_LLM_COMMON_UNFILTERED,10,10,pca_variance_structure,5,pca.expl_var_PC1.cov_x
MABBOB_LLM_COMMON_UNFILTERED,15,1,disp_diff_mean,4,disp.diff_mean_02
MABBOB_LLM_COMMON_UNFILTERED,15,1,disp_diff_mean,4,disp.diff_mean_05
MABBOB_LLM_COMMON_UNFILTERED,15,1,disp_diff_mean,4,disp.diff_mean_10
MABBOB_LLM_COMMON_UNFILTERED,15,1,disp_diff_mean,4,disp.diff_mean_25
MABBOB_LLM_COMMON_UNFILTERED,15,2,disp_diff_median,4,disp.diff_median_02
MABBOB_LLM_COMMON_UNFILTERED,15,2,disp_diff_median,4,disp.diff_median_05
MABBOB_LLM_COMMON_UNFILTERED,15,2,disp_diff_median,4,disp.diff_median_10
MABBOB_LLM_COMMON_UNFILTERED,15,2,disp_diff_median,4,disp.diff_median_25
MABBOB_LLM_COMMON_UNFILTERED,15,3,disp_ratio_mean,4,disp.ratio_mean_02
MABBOB_LLM_COMMON_UNFILTERED,15,3,disp_ratio_mean,4,disp.ratio_mean_05
MABBOB_LLM_COMMON_UNFILTERED,15,3,disp_ratio_mean,4,disp.ratio_mean_10
MABBOB_LLM_COMMON_UNFILTERED,15,3,disp_ratio_mean,4,disp.ratio_mean_25
MABBOB_LLM_COMMON_UNFILTERED,15,4,disp_ratio_median,4,disp.ratio_median_02
MABBOB_LLM_COMMON_UNFILTERED,15,4,disp_ratio_median,4,disp.ratio_median_05
MABBOB_LLM_COMMON_UNFILTERED,15,4,disp_ratio_median,4,disp.ratio_median_10
MABBOB_LLM_COMMON_UNFILTERED,15,4,disp_ratio_median,4,disp.ratio_median_25
MABBOB_LLM_COMMON_UNFILTERED,15,5,objective_distribution,3,ela_distr.kurtosis
MABBOB_LLM_COMMON_UNFILTERED,15,5,objective_distribution,3,ela_distr.skewness
MABBOB_LLM_COMMON_UNFILTERED,15,5,objective_distribution,3,ela_distr.number_of_peaks
MABBOB_LLM_COMMON_UNFILTERED,15,6,level_discriminability,3,ela_level.lda_qda_10
MABBOB_LLM_COMMON_UNFILTERED,15,6,level_discriminability,3,ela_level.lda_qda_25
MABBOB_LLM_COMMON_UNFILTERED,15,6,level_discriminability,3,ela_level.lda_qda_50
MABBOB_LLM_COMMON_UNFILTERED,15,7,level_lda_error,3,ela_level.mmce_lda_10
MABBOB_LLM_COMMON_UNFILTERED,15,7,level_lda_error,3,ela_level.mmce_lda_25
MABBOB_LLM_COMMON_UNFILTERED,15,7,level_lda_error,3,ela_level.mmce_lda_50
MABBOB_LLM_COMMON_UNFILTERED,15,8,level_qda_error,3,ela_level.mmce_qda_10
MABBOB_LLM_COMMON_UNFILTERED,15,8,level_qda_error,3,ela_level.mmce_qda_25
MABBOB_LLM_COMMON_UNFILTERED,15,8,level_qda_error,3,ela_level.mmce_qda_50
MABBOB_LLM_COMMON_UNFILTERED,15,9,meta_linear_fit,2,ela_meta.lin_simple.adj_r2
MABBOB_LLM_COMMON_UNFILTERED,15,9,meta_linear_fit,2,ela_meta.lin_simple.intercept
MABBOB_LLM_COMMON_UNFILTERED,15,10,meta_linear_coefficients,3,ela_meta.lin_simple.coef.max
MABBOB_LLM_COMMON_UNFILTERED,15,10,meta_linear_coefficients,3,ela_meta.lin_simple.coef.max_by_min
MABBOB_LLM_COMMON_UNFILTERED,15,10,meta_linear_coefficients,3,ela_meta.lin_simple.coef.min
MABBOB_LLM_COMMON_UNFILTERED,15,11,meta_nonlinearity,4,ela_meta.lin_w_interact.adj_r2
MABBOB_LLM_COMMON_UNFILTERED,15,11,meta_nonlinearity,4,ela_meta.quad_simple.adj_r2
MABBOB_LLM_COMMON_UNFILTERED,15,11,meta_nonlinearity,4,ela_meta.quad_w_interact.adj_r2
MABBOB_LLM_COMMON_UNFILTERED,15,11,meta_nonlinearity,4,ela_meta.quad_simple.cond
MABBOB_LLM_COMMON_UNFILTERED,15,12,information_content,5,ic.h_max
MABBOB_LLM_COMMON_UNFILTERED,15,12,information_content,5,ic.m0
MABBOB_LLM_COMMON_UNFILTERED,15,12,information_content,5,ic.eps_max
MABBOB_LLM_COMMON_UNFILTERED,15,12,information_content,5,ic.eps_ratio
MABBOB_LLM_COMMON_UNFILTERED,15,12,information_content,5,ic.eps_s
MABBOB_LLM_COMMON_UNFILTERED,15,13,nbc_fitness_distance,2,nbc.dist_ratio.coeff_var
MABBOB_LLM_COMMON_UNFILTERED,15,13,nbc_fitness_distance,2,nbc.nb_fitness.cor
MABBOB_LLM_COMMON_UNFILTERED,15,14,nbc_neighbor_structure,3,nbc.nn_nb.mean_ratio
MABBOB_LLM_COMMON_UNFILTERED,15,14,nbc_neighbor_structure,3,nbc.nn_nb.sd_ratio
MABBOB_LLM_COMMON_UNFILTERED,15,14,nbc_neighbor_structure,3,nbc.nn_nb.cor
MABBOB_LLM_COMMON_UNFILTERED,15,15,pca_variance_structure,5,pca.expl_var.cor_init
MABBOB_LLM_COMMON_UNFILTERED,15,15,pca_variance_structure,5,pca.expl_var_PC1.cor_init
MABBOB_LLM_COMMON_UNFILTERED,15,15,pca_variance_structure,5,pca.expl_var_PC1.cor_x
MABBOB_LLM_COMMON_UNFILTERED,15,15,pca_variance_structure,5,pca.expl_var_PC1.cov_init
MABBOB_LLM_COMMON_UNFILTERED,15,15,pca_variance_structure,5,pca.expl_var_PC1.cov_x
MABBOB_LLM_COMMON_UNFILTERED,20,1,disp_diff_mean,4,disp.diff_mean_02
MABBOB_LLM_COMMON_UNFILTERED,20,1,disp_diff_mean,4,disp.diff_mean_05
MABBOB_LLM_COMMON_UNFILTERED,20,1,disp_diff_mean,4,disp.diff_mean_10
MABBOB_LLM_COMMON_UNFILTERED,20,1,disp_diff_mean,4,disp.diff_mean_25
MABBOB_LLM_COMMON_UNFILTERED,20,2,disp_diff_median,4,disp.diff_median_02
MABBOB_LLM_COMMON_UNFILTERED,20,2,disp_diff_median,4,disp.diff_median_05
MABBOB_LLM_COMMON_UNFILTERED,20,2,disp_diff_median,4,disp.diff_median_10
MABBOB_LLM_COMMON_UNFILTERED,20,2,disp_diff_median,4,disp.diff_median_25
MABBOB_LLM_COMMON_UNFILTERED,20,3,disp_ratio_mean,4,disp.ratio_mean_02
MABBOB_LLM_COMMON_UNFILTERED,20,3,disp_ratio_mean,4,disp.ratio_mean_05
MABBOB_LLM_COMMON_UNFILTERED,20,3,disp_ratio_mean,4,disp.ratio_mean_10
MABBOB_LLM_COMMON_UNFILTERED,20,3,disp_ratio_mean,4,disp.ratio_mean_25
MABBOB_LLM_COMMON_UNFILTERED,20,4,disp_ratio_median,4,disp.ratio_median_02
MABBOB_LLM_COMMON_UNFILTERED,20,4,disp_ratio_median,4,disp.ratio_median_05
MABBOB_LLM_COMMON_UNFILTERED,20,4,disp_ratio_median,4,disp.ratio_median_10
MABBOB_LLM_COMMON_UNFILTERED,20,4,disp_ratio_median,4,disp.ratio_median_25
MABBOB_LLM_COMMON_UNFILTERED,20,5,distribution_shape,2,ela_distr.kurtosis
MABBOB_LLM_COMMON_UNFILTERED,20,5,distribution_shape,2,ela_distr.skewness
MABBOB_LLM_COMMON_UNFILTERED,20,6,distribution_peaks,1,ela_distr.number_of_peaks
MABBOB_LLM_COMMON_UNFILTERED,20,7,level_discriminability,3,ela_level.lda_qda_10
MABBOB_LLM_COMMON_UNFILTERED,20,7,level_discriminability,3,ela_level.lda_qda_25
MABBOB_LLM_COMMON_UNFILTERED,20,7,level_discriminability,3,ela_level.lda_qda_50
MABBOB_LLM_COMMON_UNFILTERED,20,8,level_lda_error,3,ela_level.mmce_lda_10
MABBOB_LLM_COMMON_UNFILTERED,20,8,level_lda_error,3,ela_level.mmce_lda_25
MABBOB_LLM_COMMON_UNFILTERED,20,8,level_lda_error,3,ela_level.mmce_lda_50
MABBOB_LLM_COMMON_UNFILTERED,20,9,level_qda_error,3,ela_level.mmce_qda_10
MABBOB_LLM_COMMON_UNFILTERED,20,9,level_qda_error,3,ela_level.mmce_qda_25
MABBOB_LLM_COMMON_UNFILTERED,20,9,level_qda_error,3,ela_level.mmce_qda_50
MABBOB_LLM_COMMON_UNFILTERED,20,10,meta_linear_fit,2,ela_meta.lin_simple.adj_r2
MABBOB_LLM_COMMON_UNFILTERED,20,10,meta_linear_fit,2,ela_meta.lin_simple.intercept
MABBOB_LLM_COMMON_UNFILTERED,20,11,meta_linear_coefficients,3,ela_meta.lin_simple.coef.max
MABBOB_LLM_COMMON_UNFILTERED,20,11,meta_linear_coefficients,3,ela_meta.lin_simple.coef.max_by_min
MABBOB_LLM_COMMON_UNFILTERED,20,11,meta_linear_coefficients,3,ela_meta.lin_simple.coef.min
MABBOB_LLM_COMMON_UNFILTERED,20,12,meta_nonlinear_fit,3,ela_meta.lin_w_interact.adj_r2
MABBOB_LLM_COMMON_UNFILTERED,20,12,meta_nonlinear_fit,3,ela_meta.quad_simple.adj_r2
MABBOB_LLM_COMMON_UNFILTERED,20,12,meta_nonlinear_fit,3,ela_meta.quad_w_interact.adj_r2
MABBOB_LLM_COMMON_UNFILTERED,20,13,meta_conditioning,1,ela_meta.quad_simple.cond
MABBOB_LLM_COMMON_UNFILTERED,20,14,ic_entropy,2,ic.h_max
MABBOB_LLM_COMMON_UNFILTERED,20,14,ic_entropy,2,ic.m0
MABBOB_LLM_COMMON_UNFILTERED,20,15,ic_epsilon,3,ic.eps_max
MABBOB_LLM_COMMON_UNFILTERED,20,15,ic_epsilon,3,ic.eps_ratio
MABBOB_LLM_COMMON_UNFILTERED,20,15,ic_epsilon,3,ic.eps_s
MABBOB_LLM_COMMON_UNFILTERED,20,16,nbc_fitness_distance,2,nbc.dist_ratio.coeff_var
MABBOB_LLM_COMMON_UNFILTERED,20,16,nbc_fitness_distance,2,nbc.nb_fitness.cor
MABBOB_LLM_COMMON_UNFILTERED,20,17,nbc_neighbor_ratios,2,nbc.nn_nb.mean_ratio
MABBOB_LLM_COMMON_UNFILTERED,20,17,nbc_neighbor_ratios,2,nbc.nn_nb.sd_ratio
MABBOB_LLM_COMMON_UNFILTERED,20,18,nbc_neighbor_correlation,1,nbc.nn_nb.cor
MABBOB_LLM_COMMON_UNFILTERED,20,19,pca_global_variance,1,pca.expl_var.cor_init
MABBOB_LLM_COMMON_UNFILTERED,20,20,pca_pc1_variance,4,pca.expl_var_PC1.cor_init
MABBOB_LLM_COMMON_UNFILTERED,20,20,pca_pc1_variance,4,pca.expl_var_PC1.cor_x
MABBOB_LLM_COMMON_UNFILTERED,20,20,pca_pc1_variance,4,pca.expl_var_PC1.cov_init
MABBOB_LLM_COMMON_UNFILTERED,20,20,pca_pc1_variance,4,pca.expl_var_PC1.cov_x
