fold,feature_subset,n_features,regressor_mae,regressor_rmse,regressor_r2,regressor_spearman,oracle_match_accuracy,mean_normalized_regret_vs_oracle,median_normalized_regret_vs_oracle,mean_fixed_baseline_normalized_regret_vs_oracle,mean_normalized_regret_improvement_over_fixed_baseline,mean_ranking_spearman,mean_top3_overlap,elapsed_seconds
0,FULL,53,0.1276556800265282,0.16755017011287449,0.7646964606733067,0.8125508253689792,0.17231638418079095,0.10496203512364816,0.028627895685682813,0.11392886533855062,0.008966830214902466,0.7036101148289255,0.33851224105461397,1267.1196057796478
0,TOP_10,10,0.11613425539519254,0.16635709925145065,0.7680355714440736,0.8264489266669157,0.192090395480226,0.12293276310268993,0.025851395656066818,0.11392886533855062,-0.009003897764139304,0.6792069561445554,0.38935969868173254,900.522204875946
0,TOP_20,20,0.112502563842571,0.16096297789616398,0.7828345612552994,0.836283830176531,0.2062146892655367,0.10989243499579081,0.022105829778711936,0.11392886533855062,0.004036430342759814,0.6913435709965913,0.39500941619585683,912.5685384273529
0,TOP_30,30,0.12303504643626212,0.171124528046511,0.7545498848254014,0.8075964218457168,0.17796610169491525,0.1153399879298313,0.0256117107920854,0.11392886533855062,-0.001411122591280678,0.6998755066953418,0.4053672316384181,914.2188074588776
0,TOP_40,40,0.13115956137831444,0.1714589721051848,0.7535895368151821,0.8026471564657706,0.1553672316384181,0.10825917508603962,0.0326399814703372,0.11392886533855062,0.005669690252511003,0.7100183571463986,0.3375706214689265,1234.7582774162292
0,TOP_50,50,0.13010865062155988,0.16952015699466208,0.759130725088666,0.8094028737891282,0.16101694915254236,0.10725221357552864,0.03106633287039537,0.11392886533855062,0.006676651763021985,0.7082301749983425,0.3248587570621469,1170.2433178424835
0,POSITIVE_IMPORTANCE,53,0.127768291750996,0.16769011948848586,0.7643032132498648,0.8122816672000607,0.17231638418079095,0.10502900589987042,0.028627895685682813,0.11392886533855062,0.0088998594386802,0.703106140058948,0.33662900188323913,1061.5537707805634
0,GROUP_TOP_1,16,0.1504229528677425,0.21414216298806135,0.6156356643949532,0.7088779697773469,0.22598870056497175,0.13345789788937606,0.03830720488150119,0.11392886533855062,-0.019529032550825443,0.6125765244412928,0.38935969868173254,916.6056203842163
0,GROUP_TOP_2,25,0.12558594039665272,0.17771262495163223,0.735286995674485,0.814013530296901,0.2062146892655367,0.12419844188840314,0.029158842825509297,0.11392886533855062,-0.010269576549852513,0.684556236957541,0.3903013182674199,907.6152768135071
0,GROUP_TOP_3,34,0.1437964236154593,0.19432310574915607,0.6834898809284216,0.7715216543272078,0.21468926553672316,0.1105931022478252,0.02344827764332385,0.11392886533855062,0.0033357630907254188,0.6873179768517644,0.4044256120527306,909.7847187519073
0,NO_PCA,47,0.13149444421568995,0.1708961742829221,0.7552045199167499,0.8046615255189389,0.1384180790960452,0.1110095215705504,0.030147559384721877,0.11392886533855062,0.0029193437680002238,0.6899685648995912,0.31873822975517896,1025.6827573776245
0,NO_DISP,37,0.12867521074758317,0.16792594884658016,0.7636398073526415,0.8143748432287999,0.13559322033898305,0.11367796236942353,0.03892399999679033,0.11392886533855062,0.0002509029691270953,0.6738989289216789,0.32532956685499054,1019.0014963150024
0,NO_PCA_NO_DISP,31,0.13224531936135644,0.17219931517190623,0.7514569901252077,0.801778448610631,0.1497175141242938,0.11288260996949172,0.035280392282381265,0.11392886533855062,0.0010462553690589044,0.6774098872882166,0.32109227871939744,1028.9768235683441
1,FULL,53,0.13690132854290343,0.1807757576829822,0.7251889502278781,0.7596555432252474,0.14678899082568808,0.10321835951608505,0.04034837779620051,0.10170556521514064,-0.0015127943009444061,0.6821655708045808,0.2798165137614679,1023.5812392234802
1,TOP_10,10,0.14159589068706177,0.18994798818071706,0.6965946696151041,0.7510675909010002,0.1651376146788991,0.11187111534951613,0.05079325484847881,0.10170556521514064,-0.010165550134375492,0.6600773591440326,0.2889908256880734,1011.1782324314117
1,TOP_20,20,0.14315045369333096,0.18534830993191054,0.7111109565576084,0.7559581851061385,0.2018348623853211,0.10321564560837368,0.054074689453805044,0.10170556521514064,-0.0015100803932330403,0.6755542098638919,0.2989296636085627,1011.086599111557
1,TOP_30,30,0.14190617365027136,0.1842341693936082,0.714573579173075,0.7536954289338271,0.1834862385321101,0.09301622702785217,0.04047316419326062,0.10170556521514064,0.008689338187288467,0.6895922249267873,0.29740061162079506,1028.6421449184418
1,TOP_40,40,0.13562912873507074,0.18004449726231045,0.7274077432284889,0.7623281711749397,0.1651376146788991,0.08853802820113008,0.04038726407936312,0.10170556521514064,0.013167537014010564,0.679573299383298,0.2958715596330275,1024.0299093723297
1,TOP_50,50,0.1414249231466091,0.18484892227693633,0.7126655784523221,0.7511385839855252,0.14678899082568808,0.0969577735218124,0.043684644959204766,0.10170556521514064,0.004747791693328243,0.6832724886872005,0.28975535168195715,1036.4649806022644
1,POSITIVE_IMPORTANCE,53,0.13690132854290343,0.1807757576829822,0.7251889502278781,0.7596555432252474,0.14678899082568808,0.10321835951608505,0.04034837779620051,0.10170556521514064,-0.0015127943009444061,0.6821655708045808,0.2798165137614679,1023.0363235473633
1,GROUP_TOP_1,16,0.13882377653544176,0.19865058664527116,0.6681563481297025,0.7426856224242979,0.13761467889908258,0.15531174029442033,0.05300455727059416,0.10170556521514064,-0.053606175079279686,0.5724478252392647,0.2584097859327217,906.6946973800659
1,GROUP_TOP_2,25,0.1395488835082236,0.1885560144996257,0.7010251958302807,0.7589294404952905,0.19724770642201836,0.10591830257575487,0.044496940882735495,0.10170556521514064,-0.004212737360614227,0.6899929091443439,0.28975535168195715,1026.2653954029083
1,GROUP_TOP_3,34,0.1405217535761126,0.18618172560925778,0.7085071458716412,0.7528256655739848,0.1559633027522936,0.10262156782783097,0.04401656586236224,0.10170556521514064,-0.0009160026126903281,0.6791781038691254,0.2882262996941896,1015.5423452854156
1,NO_PCA,47,0.13965876037918235,0.18409961817851672,0.7149903362594907,0.7543957448097834,0.15137614678899083,0.10818458961821438,0.046486155149576984,0.10170556521514064,-0.006479024403073741,0.6864087496022733,0.275993883792049,1023.7292754650116
1,NO_DISP,37,0.1355632463094694,0.18232214913770184,0.7204672653776507,0.754463093561096,0.16055045871559634,0.09619669463865103,0.04120715775701517,0.10170556521514064,0.005508870576489605,0.6856182987781195,0.30045871559633025,1017.0279004573822
1,NO_PCA_NO_DISP,31,0.1350129010509768,0.17997213076525329,0.7276268288727099,0.7602482522913799,0.13761467889908258,0.09431337897477036,0.03722983514317324,0.10170556521514064,0.007392186240370274,0.6798142077413588,0.3058103975535168,1033.28173494339
2,FULL,53,0.12492878616597945,0.1698252443582234,0.7649246420565213,0.8024975349192032,0.2072072072072072,0.09558601315006708,0.037693896529466774,0.08245103720636181,-0.013134975943705274,0.7167181890425769,0.30855855855855857,1025.6126635074615
2,TOP_10,10,0.1317331282348521,0.18143912586678262,0.7316729231288801,0.7764924957595665,0.18468468468468469,0.09713310463938236,0.034367058853117985,0.08245103720636181,-0.014682067433020557,0.6860920830608653,0.3408408408408408,1010.9425163269043
2,TOP_20,20,0.13110588799757353,0.17733170679454402,0.7436841882646802,0.7882916053618177,0.18018018018018017,0.08688299611833794,0.03369444348689854,0.08245103720636181,-0.004431958911976133,0.7090754844382289,0.3430930930930931,1010.0376019477844
2,TOP_30,30,0.12803626566467752,0.17265314883268426,0.7570305802556978,0.7991082981149483,0.21171171171171171,0.07797370656918849,0.026982682644467054,0.08245103720636181,0.004477330637173316,0.7204201249197797,0.33258258258258255,1027.7785365581512
2,TOP_40,40,0.12453964625684147,0.16912053612438735,0.7668715355215355,0.804967980121472,0.1891891891891892,0.09194720020054244,0.03881702649541386,0.08245103720636181,-0.00949616299418063,0.7222075205164448,0.31831831831831836,1057.9950695037842
2,TOP_50,50,0.12323815169390086,0.16787577286650626,0.7702906568692323,0.8074427653963382,0.21171171171171171,0.09719084553648516,0.027882222039961338,0.08245103720636181,-0.014739808330123352,0.7225641698998607,0.3363363363363363,1029.074700832367
2,POSITIVE_IMPORTANCE,53,0.12492878616597945,0.1698252443582234,0.7649246420565213,0.8024975349192032,0.2072072072072072,0.09558601315006708,0.037693896529466774,0.08245103720636181,-0.013134975943705274,0.7167181890425769,0.30855855855855857,1019.1530783176422
2,GROUP_TOP_1,16,0.1420748854277075,0.2114390564571912,0.6356044758299717,0.720907422843774,0.17117117117117117,0.17126572281687338,0.060607225887119864,0.08245103720636181,-0.08881468561051158,0.6122827553338986,0.3168168168168168,903.4851312637329
2,GROUP_TOP_2,25,0.11889696154315618,0.1688752009053276,0.7675474219565595,0.809546690136467,0.21171171171171171,0.09023912572606921,0.03107348198468393,0.08245103720636181,-0.007788088519707401,0.7069626783083571,0.3258258258258258,1008.516339302063
2,GROUP_TOP_3,34,0.12201981631447775,0.16823086722382533,0.7693178570677195,0.8161694472475041,0.18468468468468469,0.08933603844366993,0.03409827114962115,0.08245103720636181,-0.006885001237308119,0.7098935210183932,0.32057057057057053,1048.3523645401
2,NO_PCA,47,0.12442036907814508,0.16888809141704986,0.767511933654816,0.8039446114003349,0.1891891891891892,0.09538953089675263,0.039755269509846994,0.08245103720636181,-0.012938493690390823,0.7209681746829393,0.3130630630630631,1021.1446905136108
2,NO_DISP,37,0.1215247538736345,0.16762719060849185,0.7709704379900698,0.8106629350383606,0.18018018018018017,0.10626416287387436,0.0351572317939923,0.08245103720636181,-0.02381312566751255,0.7152121712597956,0.31456456456456455,1016.5535664558411
2,NO_PCA_NO_DISP,31,0.12457385453099974,0.16938701820364638,0.76613627883426,0.8041724435497448,0.1981981981981982,0.10443299300464731,0.03500605657469129,0.08245103720636181,-0.021981955798285505,0.7152121194701077,0.3055555555555555,1016.4928753376007
3,FULL,53,0.15029776494189442,0.20381361375788487,0.6459027827634848,0.7369213700219427,0.1825726141078838,0.10856763916701823,0.04604434642583234,0.12902904410608793,0.0204614049390697,0.6400424607885533,0.3208852005532503,1027.6657803058624
3,TOP_10,10,0.15866431281292998,0.23129920609388716,0.5439584436010243,0.6884751193584123,0.1950207468879668,0.1145653982837728,0.04711090906582698,0.12902904410608793,0.01446364582231513,0.6247342748643738,0.3603042876901798,1006.1126058101654
3,TOP_20,20,0.15377271574889617,0.20794245620121857,0.6314109118941886,0.7318244888548584,0.1991701244813278,0.10864003313360406,0.04336547159926372,0.12902904410608793,0.02038901097248387,0.6368653274986253,0.3478561549100968,1031.3489923477173
3,TOP_30,30,0.16070387692444313,0.21515910498728716,0.6053831795088788,0.7188093866810099,0.1950207468879668,0.101814161478259,0.03154239566747353,0.12902904410608793,0.027214882627828924,0.6459401520648452,0.3651452282157676,1030.6265969276428
3,TOP_40,40,0.15265649711484472,0.2104455128168826,0.6224839024243913,0.7288665716375017,0.1825726141078838,0.11155300007263512,0.04783350983478912,0.12902904410608793,0.017476044033452806,0.6443566310875092,0.32088520055325037,1030.7034091949463
3,TOP_50,50,0.1507901446589421,0.20712679864751685,0.6342968337207526,0.7335657905444313,0.17842323651452283,0.10813613569250692,0.04189194720693078,0.12902904410608793,0.020892908413581004,0.6448119569544127,0.32019363762102354,1036.075766324997
3,POSITIVE_IMPORTANCE,53,0.15029776494189442,0.20381361375788487,0.6459027827634848,0.7369213700219427,0.1825726141078838,0.10856763916701823,0.04604434642583234,0.12902904410608793,0.0204614049390697,0.6400424607885533,0.3208852005532503,1034.6953301429749
3,GROUP_TOP_1,16,0.16287581152286343,0.24544329884338129,0.48647866263048045,0.6125512295581762,0.16597510373443983,0.1495479505622753,0.06158148532325452,0.12902904410608793,-0.02051890645618737,0.544898607900766,0.2980636237897649,958.1327970027924
3,GROUP_TOP_2,21,0.15115320735123383,0.22732468007300086,0.5594965520964235,0.6757599048362124,0.17012448132780084,0.11910566113396891,0.048959481026794004,0.12902904410608793,0.009923382972119019,0.591040792752826,0.2980636237897649,1025.688874721527
3,GROUP_TOP_3,30,0.14724833927874106,0.20605671155882113,0.6380657651827837,0.7281918178131364,0.1950207468879668,0.11047882737618252,0.04376003534592878,0.12902904410608793,0.018550216729905408,0.6349048232632937,0.30221300138312585,1018.8803186416626
3,NO_PCA,47,0.1531023195603588,0.2075514727560564,0.632795686805089,0.7287232850760882,0.17012448132780084,0.10198499904943488,0.04584011391387959,0.12902904410608793,0.027044045056653046,0.6447658889537399,0.31466113416320884,1028.023131608963
3,NO_DISP,37,0.14824126981261695,0.20243223711323938,0.6506864083741566,0.740269748975676,0.18672199170124482,0.10060915215545377,0.03154239566747353,0.12902904410608793,0.028419891950634157,0.6459153429262773,0.3312586445366528,1019.9047350883484
3,NO_PCA_NO_DISP,31,0.1519794708435945,0.2060548078552664,0.6380724527815653,0.7333409665827163,0.1908713692946058,0.10900293271570455,0.030955388094426373,0.12902904410608793,0.020026111390383378,0.6471455235786475,0.3506224066390041,1013.6357743740082
4,FULL,53,0.14763510538852542,0.18212460727957017,0.7398454157891745,0.8051124132717326,0.16597510373443983,0.08838337966669338,0.018145665477660576,0.0765086017171566,-0.011874777949536786,0.7056092567219974,0.3236514522821577,1042.8060829639435
4,TOP_10,10,0.13636786654444535,0.1747080547957711,0.760602239687973,0.8075920205773941,0.12863070539419086,0.09492515140523003,0.018975265138370216,0.0765086017171566,-0.018416549688073436,0.6976829898547121,0.33056708160442594,1008.2064719200134
4,TOP_20,20,0.1498663429339341,0.18567435806374094,0.7296053536172762,0.7958880130973662,0.17427385892116182,0.08997254945775687,0.017230649564970665,0.0765086017171566,-0.01346394774060028,0.707624923109775,0.3381742738589212,1022.0939974784851
4,TOP_30,30,0.14949498016796384,0.1843355289883881,0.7334907263753926,0.7967679147642966,0.1908713692946058,0.09599888981439189,0.018983247496408073,0.0765086017171566,-0.019490288097235298,0.7007369123841161,0.3437067773167358,1036.603296995163
4,TOP_40,40,0.14400380063398024,0.17822168449279716,0.7508761455029365,0.805841835351957,0.14937759336099585,0.10298305660416099,0.018594270029986298,0.0765086017171566,-0.026474454887004395,0.6987060718451434,0.33402489626556015,1018.9640874862671
4,TOP_50,50,0.14606451497125938,0.18025945653685374,0.7451466532094186,0.8071614225648782,0.15767634854771784,0.08828510312044965,0.020729452443170166,0.0765086017171566,-0.01177650140329306,0.7028164361759313,0.32918395573997233,1028.2981038093567
4,POSITIVE_IMPORTANCE,53,0.14763510538852542,0.18212460727957017,0.7398454157891745,0.8051124132717326,0.16597510373443983,0.08838337966669338,0.018145665477660576,0.0765086017171566,-0.011874777949536786,0.7056092567219974,0.3236514522821577,1051.232474565506
4,GROUP_TOP_1,16,0.13321229610829172,0.18711998698371704,0.7253784692221296,0.7816608153506382,0.2033195020746888,0.1376900657466688,0.032442816579416695,0.0765086017171566,-0.06118146402951222,0.633229735755689,0.34785615491009686,910.4709229469299
4,GROUP_TOP_2,25,0.14085540808984465,0.1792034585566014,0.7481238764873197,0.8062935354318634,0.17842323651452283,0.07971640990206108,0.016938282695466964,0.0765086017171566,-0.003207808184904487,0.7000550651671881,0.3360995850622407,1020.0637307167053
4,GROUP_TOP_3,34,0.1394656328888975,0.1753325002963353,0.7588878595324422,0.8188465182420565,0.17427385892116182,0.0942766681258526,0.016043425532188585,0.0765086017171566,-0.017768066408696007,0.6983051788535567,0.3284923928077455,1021.5799629688263
4,NO_PCA,47,0.14699198277678105,0.18127508738110093,0.7422667366316453,0.8053605517747626,0.18672199170124482,0.0939886096746421,0.018594270029986298,0.0765086017171566,-0.017480007957485513,0.6983104045323199,0.33679114799446747,1031.4131922721863
4,NO_DISP,37,0.1437654093672134,0.17764129993749594,0.7524960629760491,0.8069930413945439,0.14937759336099585,0.08077770553890021,0.02219244392516561,0.0765086017171566,-0.004269103821743614,0.6895300192996341,0.3049792531120332,1034.851243019104
4,NO_PCA_NO_DISP,31,0.149833465294165,0.1842424193180732,0.7337598912368117,0.7948492120354187,0.12448132780082988,0.10164181150072672,0.021265909226304978,0.0765086017171566,-0.02513320978357013,0.6871281004941394,0.3063623789764868,1041.4035513401031
