group,group_importance,n_features,fold
Dispersion,0.0606054479361826,16,0
Level-set,0.05756288518387079,9,0
Meta-model,0.05743666448736726,9,0
Nearest Better,0.0535961427241964,5,0
Info. Content,0.028225270526031358,5,0
PCA,0.023224935834360746,6,0
Distribution,0.016402212895263793,3,0
Dispersion,0.07156951814695087,16,1
Meta-model,0.05848218573683627,9,1
Level-set,0.05321620267440916,9,1
Nearest Better,0.05067150750690019,5,1
Info. Content,0.03306975463353116,5,1
PCA,0.029547233576607167,6,1
Distribution,0.016737357928426618,3,1
Dispersion,0.07260419006721108,16,2
Meta-model,0.05897404012794332,9,2
Level-set,0.055690006153300387,9,2
Nearest Better,0.050557632987584186,5,2
Info. Content,0.032006178465409596,5,2
PCA,0.025951558047836765,6,2
Distribution,0.01669999383447731,3,2
Dispersion,0.07123106288509488,16,3
Nearest Better,0.056248562570053895,5,3
Meta-model,0.0554832525661766,9,3
Level-set,0.04378134251929461,9,3
Info. Content,0.03141753448208878,5,3
PCA,0.024363510038969995,6,3
Distribution,0.015752273886487866,3,3
Dispersion,0.06745992735595194,16,4
Meta-model,0.0602343704006907,9,4
Level-set,0.05720666708714135,9,4
Nearest Better,0.05163645507956205,5,4
Info. Content,0.030368370734609348,5,4
PCA,0.0275304374942244,6,4
Distribution,0.017722111235686427,3,4
