feature_subset,n_features_mean,regressor_mae,regressor_rmse,regressor_r2,regressor_spearman,oracle_match_accuracy,mean_normalized_regret_vs_oracle,median_normalized_regret_vs_oracle,mean_fixed_baseline_normalized_regret_vs_oracle,mean_normalized_regret_improvement_over_fixed_baseline,mean_ranking_spearman,mean_top3_overlap,elapsed_seconds_mean
TOP_30,30.0,0.1406352685687236,0.18550129604969573,0.713005590027689,0.7751954900679598,0.19181123362426195,0.09682859456390457,0.028718640158738935,0.10072462271665952,0.003896028152754946,0.691312984198174,0.34884048627485986,1007.5738765716553
NO_DISP,37.0,0.1355539780221035,0.17958976512870184,0.7316519964141135,0.7853527324396953,0.16248468885940004,0.09950513551526058,0.033804645828087385,0.10072462271665952,0.0012194872013989388,0.6820349522371011,0.31531814893291427,1021.4677882671356
TOP_50,50.0,0.13832527701845426,0.18192622146449505,0.7243060894680784,0.7817422872560602,0.17112344735043655,0.09956441428935656,0.03305091990393248,0.10072462271665952,0.0011602084273029639,0.6923390453431495,0.32006560768828723,1060.0313738822938
TOP_20,20.0,0.13807959284326116,0.1834519617775156,0.7197291943178106,0.7816492245193424,0.19233474304670553,0.09972073186277267,0.03409421677672998,0.10072462271665952,0.0010038908538868463,0.6840927031814225,0.34461252033330614,997.4271458625793
FULL,53.0,0.1374837330131662,0.18081787863830703,0.728111650302073,0.7833475373614209,0.17497206001120197,0.10014348532470238,0.034172036382968604,0.10072462271665952,0.0005811373919571399,0.6896291184373269,0.3142847932420097,1077.357074356079
POSITIVE_IMPORTANCE,53.0,0.13750625535805977,0.1808458685134293,0.7280330008173846,0.7832937057276373,0.17497206001120197,0.10015687947994682,0.034172036382968604,0.10072462271665952,0.0005677432367126867,0.6895283234833313,0.3139081454077347,1037.93419547081
TOP_40,40.0,0.13759772682381033,0.18185824056031247,0.7242457726985069,0.7809303429503281,0.1683288485950772,0.10065609203290164,0.03565441038197792,0.10072462271665952,6.853068375786975e-05,0.6909723759957588,0.3213341192478166,1073.2901505947113
GROUP_TOP_3,33.2,0.13861039313473764,0.18602498208747914,0.7116537017166016,0.7775110206407778,0.184926371756566,0.10146124080427224,0.03227331510668492,0.10072462271665952,-0.0007366180876127254,0.6819199207712267,0.3287855753016724,1002.8279420375824
NO_PCA,47.0,0.13913357520203146,0.1825420888031292,0.7225538426535583,0.7794171437159816,0.16716597762065416,0.10211145016191887,0.03616467359760235,0.10072462271665952,-0.0013868274452593615,0.6880843565341727,0.31184949175359344,1025.9986094474793
GROUP_TOP_2,24.2,0.1352080801778222,0.18833439579723757,0.7022960084090137,0.7729086202393469,0.1927443650483181,0.10383558824525144,0.03412540588303794,0.10072462271665952,-0.003110965528591922,0.6745215364660512,0.3280091409254417,997.6299233913421
NO_PCA_NO_DISP,31.0,0.13872900221621848,0.18237113826282908,0.7234104883701109,0.7788778646139781,0.16017661766340205,0.10445474523306812,0.03194751626419543,0.10072462271665952,-0.0037301225164086153,0.681341967714494,0.3178886034887921,1026.7581519126893
TOP_10,10.0,0.13689909073489634,0.1887502948377217,0.700172769495411,0.7700152306526578,0.1731128294251935,0.10828550655611827,0.03541957671237216,0.10072462271665952,-0.007560883839458732,0.6695587326137079,0.3420125469010505,987.3924062728881
GROUP_TOP_1,16.0,0.14548194449240937,0.21135901838352442,0.6262507240414475,0.7133366119908466,0.18081383128887082,0.14945467546192276,0.04918865798837728,0.10072462271665952,-0.04873005274526326,0.5950870897341822,0.32210121602622654,919.0778337955475
