feature,importance,group,rank,fold
nbc.nn_nb.mean_ratio,0.018441891710538828,Nearest Better,1,2
nbc.nb_fitness.cor,0.012746888719369959,Nearest Better,2,2
ic.m0,0.012094972331351572,Info. Content,3,2
ela_meta.lin_simple.intercept,0.010974422206639042,Meta-model,4,2
pca.expl_var.cor_init,0.010801514128195919,PCA,5,2
nbc.nn_nb.sd_ratio,0.010532768030325783,Nearest Better,6,2
disp.ratio_mean_02,0.009287553973270118,Dispersion,7,2
pca.expl_var_PC1.cor_init,0.008624632371091314,PCA,8,2
ic.h_max,0.008274104546400362,Info. Content,9,2
ela_distr.skewness,0.007551237935428951,Distribution,10,2
ela_level.mmce_qda_10,0.007343898713288006,Level-set,11,2
ela_meta.lin_simple.adj_r2,0.007303590552476304,Meta-model,12,2
ela_meta.lin_w_interact.adj_r2,0.007193828242132175,Meta-model,13,2
disp.diff_mean_02,0.007047502289174192,Dispersion,14,2
ela_meta.quad_simple.adj_r2,0.0069217838406923455,Meta-model,15,2
ela_level.mmce_qda_25,0.00690206719672561,Level-set,16,2
ic.eps_max,0.006691866266359526,Info. Content,17,2
ela_level.mmce_qda_50,0.006597058325747523,Level-set,18,2
ela_level.lda_qda_10,0.006526125209688978,Level-set,19,2
ela_level.mmce_lda_50,0.006304101915282556,Level-set,20,2
ela_meta.lin_simple.coef.max,0.006298784321069607,Meta-model,21,2
ela_meta.quad_w_interact.adj_r2,0.006001417928819804,Meta-model,22,2
ela_level.lda_qda_25,0.005889200291945263,Level-set,23,2
ela_level.mmce_lda_25,0.0055076417893742124,Level-set,24,2
ela_level.lda_qda_50,0.0054113469310268815,Level-set,25,2
ela_meta.lin_simple.coef.min,0.005373674574955198,Meta-model,26,2
ela_level.mmce_lda_10,0.005208565780221356,Level-set,27,2
nbc.nn_nb.cor,0.0049890065765238354,Nearest Better,28,2
ela_distr.kurtosis,0.004896984096576653,Distribution,29,2
ela_meta.quad_simple.cond,0.00461483483433967,Meta-model,30,2
ela_meta.lin_simple.coef.max_by_min,0.004291703626819176,Meta-model,31,2
ela_distr.number_of_peaks,0.004251771802471704,Distribution,32,2
disp.ratio_median_02,0.004208411564855291,Dispersion,33,2
disp.ratio_mean_10,0.004177342124430421,Dispersion,34,2
disp.ratio_mean_05,0.00417108517813066,Dispersion,35,2
disp.diff_mean_05,0.004159028195432813,Dispersion,36,2
disp.diff_mean_10,0.004081722691343323,Dispersion,37,2
disp.diff_median_05,0.0040779346192252215,Dispersion,38,2
disp.diff_median_02,0.004074372588755986,Dispersion,39,2
disp.ratio_median_05,0.004056603652165897,Dispersion,40,2
disp.diff_median_10,0.004013177768501376,Dispersion,41,2
disp.ratio_mean_25,0.003917324511327207,Dispersion,42,2
disp.ratio_median_10,0.003863254042717138,Dispersion,43,2
disp.diff_median_25,0.00386045870165318,Dispersion,44,2
disp.diff_mean_25,0.0038502020043719204,Dispersion,45,2
nbc.dist_ratio.coeff_var,0.0038470779508257835,Nearest Better,46,2
disp.ratio_median_25,0.003758216161856335,Dispersion,47,2
ic.eps_s,0.0027181670531817095,Info. Content,48,2
ic.eps_ratio,0.0022270682681164236,Info. Content,49,2
pca.expl_var_PC1.cor_x,0.0021361327623001447,PCA,50,2
pca.expl_var_PC1.cov_init,0.0020765446291836137,PCA,51,2
pca.expl_var_PC1.cov_x,0.0020620874411508895,PCA,52,2
pca.expl_var.cov_init,0.0002506467159148851,PCA,53,2
