model_name,feature_set,feature,group
MABBOB_RF,Meta-model,ela_meta.lin_simple.adj_r2,Meta-model
MABBOB_RF,Meta-model,ela_meta.lin_simple.coef.max,Meta-model
MABBOB_RF,Meta-model,ela_meta.lin_simple.coef.max_by_min,Meta-model
MABBOB_RF,Meta-model,ela_meta.lin_simple.coef.min,Meta-model
MABBOB_RF,Meta-model,ela_meta.lin_simple.intercept,Meta-model
MABBOB_RF,Meta-model,ela_meta.lin_w_interact.adj_r2,Meta-model
MABBOB_RF,Meta-model,ela_meta.quad_simple.adj_r2,Meta-model
MABBOB_RF,Meta-model,ela_meta.quad_simple.cond,Meta-model
MABBOB_RF,Meta-model,ela_meta.quad_w_interact.adj_r2,Meta-model
MABBOB_RF,Distribution,ela_distr.kurtosis,Distribution
MABBOB_RF,Distribution,ela_distr.number_of_peaks,Distribution
MABBOB_RF,Distribution,ela_distr.skewness,Distribution
MABBOB_RF,Level-set,ela_level.lda_qda_10,Level-set
MABBOB_RF,Level-set,ela_level.lda_qda_25,Level-set
MABBOB_RF,Level-set,ela_level.lda_qda_50,Level-set
MABBOB_RF,Level-set,ela_level.mmce_lda_10,Level-set
MABBOB_RF,Level-set,ela_level.mmce_lda_25,Level-set
MABBOB_RF,Level-set,ela_level.mmce_lda_50,Level-set
MABBOB_RF,Level-set,ela_level.mmce_qda_10,Level-set
MABBOB_RF,Level-set,ela_level.mmce_qda_25,Level-set
MABBOB_RF,Level-set,ela_level.mmce_qda_50,Level-set
MABBOB_RF,Nearest Better,nbc.dist_ratio.coeff_var,Nearest Better
MABBOB_RF,Nearest Better,nbc.nb_fitness.cor,Nearest Better
MABBOB_RF,Nearest Better,nbc.nn_nb.cor,Nearest Better
MABBOB_RF,Nearest Better,nbc.nn_nb.mean_ratio,Nearest Better
MABBOB_RF,Nearest Better,nbc.nn_nb.sd_ratio,Nearest Better
MABBOB_RF,Info. Content,ic.eps_max,Info. Content
MABBOB_RF,Info. Content,ic.eps_ratio,Info. Content
MABBOB_RF,Info. Content,ic.eps_s,Info. Content
MABBOB_RF,Info. Content,ic.h_max,Info. Content
MABBOB_RF,Info. Content,ic.m0,Info. Content
MABBOB_RF,Dispersion,disp.diff_mean_02,Dispersion
MABBOB_RF,Dispersion,disp.diff_mean_05,Dispersion
MABBOB_RF,Dispersion,disp.diff_mean_10,Dispersion
MABBOB_RF,Dispersion,disp.diff_mean_25,Dispersion
MABBOB_RF,Dispersion,disp.diff_median_02,Dispersion
MABBOB_RF,Dispersion,disp.diff_median_05,Dispersion
MABBOB_RF,Dispersion,disp.diff_median_10,Dispersion
MABBOB_RF,Dispersion,disp.diff_median_25,Dispersion
MABBOB_RF,Dispersion,disp.ratio_mean_02,Dispersion
MABBOB_RF,Dispersion,disp.ratio_mean_05,Dispersion
MABBOB_RF,Dispersion,disp.ratio_mean_10,Dispersion
MABBOB_RF,Dispersion,disp.ratio_mean_25,Dispersion
MABBOB_RF,Dispersion,disp.ratio_median_02,Dispersion
MABBOB_RF,Dispersion,disp.ratio_median_05,Dispersion
MABBOB_RF,Dispersion,disp.ratio_median_10,Dispersion
MABBOB_RF,Dispersion,disp.ratio_median_25,Dispersion
MABBOB_RF,PCA,pca.expl_var.cor_init,PCA
MABBOB_RF,PCA,pca.expl_var_PC1.cor_init,PCA
MABBOB_RF,PCA,pca.expl_var_PC1.cor_x,PCA
MABBOB_RF,PCA,pca.expl_var_PC1.cov_init,PCA
MABBOB_RF,PCA,pca.expl_var_PC1.cov_x,PCA
MABBOB_RF,FULL_FEATURES,disp.diff_mean_02,Dispersion
MABBOB_RF,FULL_FEATURES,disp.diff_mean_05,Dispersion
MABBOB_RF,FULL_FEATURES,disp.diff_mean_10,Dispersion
MABBOB_RF,FULL_FEATURES,disp.diff_mean_25,Dispersion
MABBOB_RF,FULL_FEATURES,disp.diff_median_02,Dispersion
MABBOB_RF,FULL_FEATURES,disp.diff_median_05,Dispersion
MABBOB_RF,FULL_FEATURES,disp.diff_median_10,Dispersion
MABBOB_RF,FULL_FEATURES,disp.diff_median_25,Dispersion
MABBOB_RF,FULL_FEATURES,disp.ratio_mean_02,Dispersion
MABBOB_RF,FULL_FEATURES,disp.ratio_mean_05,Dispersion
MABBOB_RF,FULL_FEATURES,disp.ratio_mean_10,Dispersion
MABBOB_RF,FULL_FEATURES,disp.ratio_mean_25,Dispersion
MABBOB_RF,FULL_FEATURES,disp.ratio_median_02,Dispersion
MABBOB_RF,FULL_FEATURES,disp.ratio_median_05,Dispersion
MABBOB_RF,FULL_FEATURES,disp.ratio_median_10,Dispersion
MABBOB_RF,FULL_FEATURES,disp.ratio_median_25,Dispersion
MABBOB_RF,FULL_FEATURES,ela_distr.kurtosis,Distribution
MABBOB_RF,FULL_FEATURES,ela_distr.number_of_peaks,Distribution
MABBOB_RF,FULL_FEATURES,ela_distr.skewness,Distribution
MABBOB_RF,FULL_FEATURES,ela_level.lda_qda_10,Level-set
MABBOB_RF,FULL_FEATURES,ela_level.lda_qda_25,Level-set
MABBOB_RF,FULL_FEATURES,ela_level.lda_qda_50,Level-set
MABBOB_RF,FULL_FEATURES,ela_level.mmce_lda_10,Level-set
MABBOB_RF,FULL_FEATURES,ela_level.mmce_lda_25,Level-set
MABBOB_RF,FULL_FEATURES,ela_level.mmce_lda_50,Level-set
MABBOB_RF,FULL_FEATURES,ela_level.mmce_qda_10,Level-set
MABBOB_RF,FULL_FEATURES,ela_level.mmce_qda_25,Level-set
MABBOB_RF,FULL_FEATURES,ela_level.mmce_qda_50,Level-set
MABBOB_RF,FULL_FEATURES,ela_meta.lin_simple.adj_r2,Meta-model
MABBOB_RF,FULL_FEATURES,ela_meta.lin_simple.coef.max,Meta-model
MABBOB_RF,FULL_FEATURES,ela_meta.lin_simple.coef.max_by_min,Meta-model
MABBOB_RF,FULL_FEATURES,ela_meta.lin_simple.coef.min,Meta-model
MABBOB_RF,FULL_FEATURES,ela_meta.lin_simple.intercept,Meta-model
MABBOB_RF,FULL_FEATURES,ela_meta.lin_w_interact.adj_r2,Meta-model
MABBOB_RF,FULL_FEATURES,ela_meta.quad_simple.adj_r2,Meta-model
MABBOB_RF,FULL_FEATURES,ela_meta.quad_simple.cond,Meta-model
MABBOB_RF,FULL_FEATURES,ela_meta.quad_w_interact.adj_r2,Meta-model
MABBOB_RF,FULL_FEATURES,ic.eps_max,Info. Content
MABBOB_RF,FULL_FEATURES,ic.eps_ratio,Info. Content
MABBOB_RF,FULL_FEATURES,ic.eps_s,Info. Content
MABBOB_RF,FULL_FEATURES,ic.h_max,Info. Content
MABBOB_RF,FULL_FEATURES,ic.m0,Info. Content
MABBOB_RF,FULL_FEATURES,nbc.dist_ratio.coeff_var,Nearest Better
MABBOB_RF,FULL_FEATURES,nbc.nb_fitness.cor,Nearest Better
MABBOB_RF,FULL_FEATURES,nbc.nn_nb.cor,Nearest Better
MABBOB_RF,FULL_FEATURES,nbc.nn_nb.mean_ratio,Nearest Better
MABBOB_RF,FULL_FEATURES,nbc.nn_nb.sd_ratio,Nearest Better
MABBOB_RF,FULL_FEATURES,pca.expl_var.cor_init,PCA
MABBOB_RF,FULL_FEATURES,pca.expl_var_PC1.cor_init,PCA
MABBOB_RF,FULL_FEATURES,pca.expl_var_PC1.cor_x,PCA
MABBOB_RF,FULL_FEATURES,pca.expl_var_PC1.cov_init,PCA
MABBOB_RF,FULL_FEATURES,pca.expl_var_PC1.cov_x,PCA
