feature_set_name,feature,group
custom,ela_meta.lin_simple.adj_r2,ela_meta
custom,ela_meta.lin_simple.intercept,ela_meta
custom,ela_meta.lin_simple.coef.min,ela_meta
custom,ela_meta.lin_simple.coef.max,ela_meta
custom,ela_meta.lin_simple.coef.max_by_min,ela_meta
custom,ela_meta.lin_w_interact.adj_r2,ela_meta
custom,ela_meta.quad_simple.adj_r2,ela_meta
custom,ela_meta.quad_simple.cond,ela_meta
custom,ela_meta.quad_w_interact.adj_r2,ela_meta
custom,ela_level.mmce_lda_10,ela_level
custom,ela_level.mmce_qda_10,ela_level
custom,ela_level.lda_qda_10,ela_level
custom,ela_level.mmce_lda_25,ela_level
custom,ela_level.mmce_qda_25,ela_level
custom,ela_level.lda_qda_25,ela_level
custom,ela_level.mmce_lda_50,ela_level
custom,ela_level.mmce_qda_50,ela_level
custom,ela_level.lda_qda_50,ela_level
custom,nbc.nn_nb.sd_ratio,nbc
custom,nbc.nn_nb.mean_ratio,nbc
custom,nbc.nn_nb.cor,nbc
custom,nbc.dist_ratio.coeff_var,nbc
custom,nbc.nb_fitness.cor,nbc
custom,ic.h_max,ic
custom,ic.eps_s,ic
custom,ic.eps_max,ic
custom,ic.eps_ratio,ic
custom,ic.m0,ic
