problem_key,mae,median_abs_error,n_rows
MABBOB|fid=-100|iid=404|dim=5,0.5512104668708266,0.5304798108640055,41
MABBOB|fid=-100|iid=738|dim=5,0.37531434239724165,0.4058815538072556,41
MABBOB|fid=-100|iid=671|dim=5,0.3717910937762275,0.38440113585207053,41
MABBOB|fid=-100|iid=2|dim=5,0.3637694160923265,0.39031130092332766,41
MABBOB|fid=-100|iid=359|dim=5,0.3622527252990342,0.3797139722819833,41
MABBOB|fid=-100|iid=608|dim=5,0.3490725356316024,0.3803424655683617,41
MABBOB|fid=-100|iid=26|dim=5,0.3330468910063733,0.2846269432875262,41
MABBOB|fid=-100|iid=144|dim=5,0.3293968120578125,0.3649947528594304,41
MABBOB|fid=-100|iid=116|dim=5,0.28133347579588225,0.25057873062151315,41
MABBOB|fid=-100|iid=424|dim=5,0.27673431341301036,0.2629895766753999,41
MABBOB|fid=-100|iid=367|dim=5,0.27406739542379044,0.25596541897880987,41
MABBOB|fid=-100|iid=482|dim=5,0.27191386690906494,0.27205962795351013,41
MABBOB|fid=-100|iid=88|dim=5,0.2705410195248858,0.25378477864184806,41
MABBOB|fid=-100|iid=739|dim=5,0.2627971126174696,0.27226117871911565,41
MABBOB|fid=-100|iid=456|dim=5,0.2577993474885853,0.2127584252327906,41
MABBOB|fid=-100|iid=410|dim=5,0.25460174299773314,0.2507337893047772,41
MABBOB|fid=-100|iid=617|dim=5,0.2545686572511316,0.2594358620044018,41
MABBOB|fid=-100|iid=731|dim=5,0.2511815536866304,0.23712790582704668,41
MABBOB|fid=-100|iid=33|dim=5,0.25115545163377206,0.2258877462159037,41
MABBOB|fid=-100|iid=695|dim=5,0.2502628196654839,0.24819145229577289,41
MABBOB|fid=-100|iid=329|dim=5,0.25024337714006645,0.2512146143361373,41
MABBOB|fid=-100|iid=772|dim=5,0.24575418109393904,0.26259858506563416,41
MABBOB|fid=-100|iid=727|dim=5,0.2448201459279283,0.2416689518157392,41
MABBOB|fid=-100|iid=421|dim=5,0.23875265325046396,0.23483605736793922,41
MABBOB|fid=-100|iid=965|dim=5,0.2375744987499125,0.2278836811213636,41
MABBOB|fid=-100|iid=400|dim=5,0.23647087842294326,0.22874321024760963,41
MABBOB|fid=-100|iid=688|dim=5,0.23587882201629198,0.24413805097414132,41
MABBOB|fid=-100|iid=525|dim=5,0.2338836877679666,0.20758224963690358,41
MABBOB|fid=-100|iid=476|dim=5,0.23279737667816416,0.20281308165788092,41
MABBOB|fid=-100|iid=103|dim=5,0.2315705738224047,0.2142232181812803,41
MABBOB|fid=-100|iid=911|dim=5,0.22912666088563094,0.22837078530440102,41
MABBOB|fid=-100|iid=243|dim=5,0.2250085331106911,0.2045666829355351,41
MABBOB|fid=-100|iid=451|dim=5,0.2223792060632533,0.19383428538555209,41
MABBOB|fid=-100|iid=162|dim=5,0.21348016177947113,0.2184830780388889,41
MABBOB|fid=-100|iid=879|dim=5,0.21098964818759833,0.21900902110180304,41
MABBOB|fid=-100|iid=15|dim=5,0.21057561004506145,0.1945011417907625,41
MABBOB|fid=-100|iid=714|dim=5,0.2104200062860315,0.185955731330913,41
MABBOB|fid=-100|iid=901|dim=5,0.20976928251829316,0.20223674451568607,41
MABBOB|fid=-100|iid=44|dim=5,0.20836874499138763,0.2083244985439235,41
MABBOB|fid=-100|iid=662|dim=5,0.20715724221253115,0.18138113856633176,41
MABBOB|fid=-100|iid=700|dim=5,0.20670552067527584,0.1517146157614876,41
MABBOB|fid=-100|iid=531|dim=5,0.20616004556380382,0.1764962542945378,41
MABBOB|fid=-100|iid=906|dim=5,0.20406652994115573,0.17895023032781748,41
MABBOB|fid=-100|iid=764|dim=5,0.20027983756029097,0.17431793913743918,41
MABBOB|fid=-100|iid=528|dim=5,0.19878482444194281,0.1449336401589635,41
MABBOB|fid=-100|iid=396|dim=5,0.19642767845851053,0.1619625807275068,41
MABBOB|fid=-100|iid=779|dim=5,0.1962867241494468,0.16769519662422838,41
MABBOB|fid=-100|iid=221|dim=5,0.19473935369476647,0.17631859994898091,41
MABBOB|fid=-100|iid=107|dim=5,0.19441134858205525,0.1789073333709022,41
MABBOB|fid=-100|iid=99|dim=5,0.19294380561388885,0.187816957007947,41
MABBOB|fid=-100|iid=950|dim=5,0.18823474297652906,0.1729115570723892,41
MABBOB|fid=-100|iid=687|dim=5,0.18787133236114206,0.2059652768812169,41
MABBOB|fid=-100|iid=565|dim=5,0.18683508409023766,0.1920999592091619,41
MABBOB|fid=-100|iid=569|dim=5,0.18665978684048037,0.18310729443379398,41
MABBOB|fid=-100|iid=284|dim=5,0.18265929398056405,0.1226294264197349,41
MABBOB|fid=-100|iid=523|dim=5,0.18264776144233064,0.1469521270009847,41
MABBOB|fid=-100|iid=335|dim=5,0.18175868595368658,0.1744995807800925,41
MABBOB|fid=-100|iid=891|dim=5,0.17780191225209155,0.15029615185835637,41
MABBOB|fid=-100|iid=166|dim=5,0.17696092264601826,0.13877087040730118,41
MABBOB|fid=-100|iid=371|dim=5,0.17635606074237797,0.1600192431968453,41
MABBOB|fid=-100|iid=852|dim=5,0.17629244046267806,0.1504309179911662,41
MABBOB|fid=-100|iid=741|dim=5,0.17587618699659527,0.1473121053943785,41
MABBOB|fid=-100|iid=877|dim=5,0.1752091661229305,0.1590505180769115,41
MABBOB|fid=-100|iid=466|dim=5,0.17498852332649129,0.14658218644332943,41
MABBOB|fid=-100|iid=746|dim=5,0.17241494831149057,0.15177203182293791,41
MABBOB|fid=-100|iid=207|dim=5,0.17205102674561193,0.1642821989105031,41
MABBOB|fid=-100|iid=761|dim=5,0.17110299076124713,0.15052722781421513,41
MABBOB|fid=-100|iid=344|dim=5,0.17094817438031,0.1393478270258618,41
MABBOB|fid=-100|iid=305|dim=5,0.16787659033451177,0.148660414361097,41
MABBOB|fid=-100|iid=520|dim=5,0.16751085299756405,0.13370774775646693,41
MABBOB|fid=-100|iid=327|dim=5,0.16727901020335317,0.17855511426255105,41
MABBOB|fid=-100|iid=215|dim=5,0.16710499464838874,0.1542692885381601,41
MABBOB|fid=-100|iid=502|dim=5,0.1659652216365628,0.1542167496716946,41
MABBOB|fid=-100|iid=360|dim=5,0.16543912966200713,0.15412066551349088,41
MABBOB|fid=-100|iid=212|dim=5,0.16474025366026965,0.12127129321411634,41
MABBOB|fid=-100|iid=34|dim=5,0.1642463380442102,0.09837197589263538,41
MABBOB|fid=-100|iid=646|dim=5,0.16353234682424278,0.13418962733276552,41
MABBOB|fid=-100|iid=266|dim=5,0.1579339995740445,0.1727667719318846,41
MABBOB|fid=-100|iid=123|dim=5,0.15491571548095137,0.1260135722752786,41
MABBOB|fid=-100|iid=689|dim=5,0.15468099839088906,0.1337705349231889,41
MABBOB|fid=-100|iid=763|dim=5,0.1544056691716042,0.1390407352789523,41
MABBOB|fid=-100|iid=870|dim=5,0.1542820174294383,0.13510347328834071,41
MABBOB|fid=-100|iid=993|dim=5,0.15409985338244997,0.11206856043424879,41
MABBOB|fid=-100|iid=558|dim=5,0.15377745709186139,0.10618144324269724,41
MABBOB|fid=-100|iid=759|dim=5,0.15282705816872857,0.1303765411881517,41
MABBOB|fid=-100|iid=259|dim=5,0.15207737132303328,0.13144269809608272,41
MABBOB|fid=-100|iid=989|dim=5,0.15126938683696164,0.132507798645847,41
MABBOB|fid=-100|iid=182|dim=5,0.15070927543840051,0.14872836951172388,41
MABBOB|fid=-100|iid=491|dim=5,0.15065071802677302,0.14285578485203,41
MABBOB|fid=-100|iid=769|dim=5,0.1502907895902912,0.1405425993945865,41
MABBOB|fid=-100|iid=170|dim=5,0.15000162375220208,0.1315271583529058,41
MABBOB|fid=-100|iid=430|dim=5,0.14967630427403358,0.1296042725704688,41
MABBOB|fid=-100|iid=918|dim=5,0.14928117059179596,0.1439888775348663,41
MABBOB|fid=-100|iid=440|dim=5,0.14314567266139522,0.1012649944536132,41
MABBOB|fid=-100|iid=190|dim=5,0.14296116728619485,0.09628434489431428,41
MABBOB|fid=-100|iid=317|dim=5,0.14079870948143247,0.1323821924046359,41
MABBOB|fid=-100|iid=980|dim=5,0.1402107693878896,0.1276742778508757,41
MABBOB|fid=-100|iid=629|dim=5,0.13992909436224413,0.0748602002280861,41
MABBOB|fid=-100|iid=204|dim=5,0.1398889254739042,0.124004911658195,41
MABBOB|fid=-100|iid=101|dim=5,0.13894772216036516,0.0608286341930126,41
MABBOB|fid=-100|iid=575|dim=5,0.1389230659388818,0.1395555372160629,41
MABBOB|fid=-100|iid=787|dim=5,0.13859267543656711,0.11658220554227841,41
MABBOB|fid=-100|iid=113|dim=5,0.13751146664407413,0.11368156129212928,41
MABBOB|fid=-100|iid=387|dim=5,0.13581416808230354,0.1250051110982895,41
MABBOB|fid=-100|iid=529|dim=5,0.13558293039931163,0.10256053437512969,41
MABBOB|fid=-100|iid=862|dim=5,0.13530498562591395,0.12050588276679641,41
MABBOB|fid=-100|iid=188|dim=5,0.13377650507731317,0.10648181303998139,41
MABBOB|fid=-100|iid=260|dim=5,0.13324278319606575,0.11821628535076278,41
MABBOB|fid=-100|iid=373|dim=5,0.13160793891469547,0.08325209264748741,41
MABBOB|fid=-100|iid=390|dim=5,0.1313513725378328,0.09251740134426739,41
MABBOB|fid=-100|iid=577|dim=5,0.13109808186536323,0.134111698628832,41
MABBOB|fid=-100|iid=876|dim=5,0.1305853861824484,0.08414284957112389,41
MABBOB|fid=-100|iid=642|dim=5,0.13052056360651543,0.127286489901539,41
MABBOB|fid=-100|iid=149|dim=5,0.12825862556657275,0.09503648318894017,41
MABBOB|fid=-100|iid=997|dim=5,0.12790398724300264,0.1314744502305984,41
MABBOB|fid=-100|iid=51|dim=5,0.12695475656892669,0.0719355530687288,41
MABBOB|fid=-100|iid=388|dim=5,0.1268051644574096,0.10455775664120248,41
MABBOB|fid=-100|iid=423|dim=5,0.12641843105808914,0.0880929086476969,41
MABBOB|fid=-100|iid=788|dim=5,0.1263297533648782,0.0751195394307589,41
MABBOB|fid=-100|iid=773|dim=5,0.12606774649276659,0.11337127407408568,41
MABBOB|fid=-100|iid=597|dim=5,0.12604352886916184,0.10337769461326737,41
MABBOB|fid=-100|iid=486|dim=5,0.12551592920429452,0.0888588282812269,41
MABBOB|fid=-100|iid=713|dim=5,0.1249205701261374,0.0883773325936983,41
MABBOB|fid=-100|iid=449|dim=5,0.12421802475345534,0.09609909211024331,41
MABBOB|fid=-100|iid=426|dim=5,0.12383035941216286,0.09998612743023721,41
MABBOB|fid=-100|iid=324|dim=5,0.1233294489550972,0.119157244095041,41
MABBOB|fid=-100|iid=105|dim=5,0.12321477410539293,0.08309556274607133,41
MABBOB|fid=-100|iid=618|dim=5,0.12241119979618416,0.104633921753579,41
MABBOB|fid=-100|iid=949|dim=5,0.12233364274878854,0.0787076162716204,41
MABBOB|fid=-100|iid=811|dim=5,0.12231710298439814,0.07562197873011339,41
MABBOB|fid=-100|iid=361|dim=5,0.1219977029068893,0.1193667776854241,41
MABBOB|fid=-100|iid=257|dim=5,0.12156829712275667,0.1098883220752751,41
MABBOB|fid=-100|iid=538|dim=5,0.12142761034435987,0.09848562034746816,41
MABBOB|fid=-100|iid=275|dim=5,0.12130931710782981,0.09344699492679787,41
MABBOB|fid=-100|iid=756|dim=5,0.12112061741589784,0.0886010243872268,41
MABBOB|fid=-100|iid=208|dim=5,0.12006469275140606,0.13192124225685758,41
MABBOB|fid=-100|iid=657|dim=5,0.1196565974318431,0.10205820465385598,41
MABBOB|fid=-100|iid=810|dim=5,0.11912160278063279,0.09317242520109903,41
MABBOB|fid=-100|iid=62|dim=5,0.11904663096341654,0.0971262155954517,41
MABBOB|fid=-100|iid=181|dim=5,0.1188406915318764,0.09988485563586272,41
MABBOB|fid=-100|iid=830|dim=5,0.11881549375423353,0.09598368957911091,41
MABBOB|fid=-100|iid=445|dim=5,0.11837614126301858,0.0943930916377316,41
MABBOB|fid=-100|iid=586|dim=5,0.11831466069168595,0.1004594886476877,41
MABBOB|fid=-100|iid=639|dim=5,0.11825751035264419,0.1202139928936958,41
MABBOB|fid=-100|iid=161|dim=5,0.1177113625384299,0.09999080529531579,41
MABBOB|fid=-100|iid=461|dim=5,0.11758204471608022,0.08522398124111341,41
MABBOB|fid=-100|iid=407|dim=5,0.11738859705371271,0.09664348954058852,41
MABBOB|fid=-100|iid=556|dim=5,0.11659065152395238,0.07664551465138453,41
MABBOB|fid=-100|iid=878|dim=5,0.11576985764730321,0.07243369591485854,41
MABBOB|fid=-100|iid=115|dim=5,0.11567396931748593,0.07923124062590262,41
MABBOB|fid=-100|iid=865|dim=5,0.11392658514371612,0.0977347056552536,41
MABBOB|fid=-100|iid=330|dim=5,0.11337023096610377,0.07814525116525783,41
MABBOB|fid=-100|iid=264|dim=5,0.11305178369589207,0.08383620147139764,41
MABBOB|fid=-100|iid=961|dim=5,0.11145730383730194,0.074611434761258,41
MABBOB|fid=-100|iid=567|dim=5,0.10953395696246908,0.10233359527361069,41
MABBOB|fid=-100|iid=8|dim=5,0.10897265479802007,0.08142190191637438,41
MABBOB|fid=-100|iid=203|dim=5,0.10883043101837282,0.0897618159651756,41
MABBOB|fid=-100|iid=709|dim=5,0.10870666490995211,0.08131547240284076,41
MABBOB|fid=-100|iid=24|dim=5,0.1084275039570439,0.0866191280733275,41
MABBOB|fid=-100|iid=609|dim=5,0.10753247216898905,0.09657900696170149,41
MABBOB|fid=-100|iid=82|dim=5,0.1071793178481847,0.06436276680928091,41
MABBOB|fid=-100|iid=943|dim=5,0.10671142750077156,0.0929201463940928,41
MABBOB|fid=-100|iid=192|dim=5,0.10660351472415251,0.09171277232438499,41
MABBOB|fid=-100|iid=975|dim=5,0.10636086117248385,0.0702812842891335,41
MABBOB|fid=-100|iid=555|dim=5,0.10557860126337186,0.09700494834964635,41
MABBOB|fid=-100|iid=411|dim=5,0.10543962087526162,0.11553168379793452,41
MABBOB|fid=-100|iid=955|dim=5,0.1050429332375337,0.0697699819080633,41
MABBOB|fid=-100|iid=519|dim=5,0.10491252690268393,0.0856036768626035,41
MABBOB|fid=-100|iid=492|dim=5,0.10394662693618127,0.08160509078963699,41
MABBOB|fid=-100|iid=542|dim=5,0.10338111149292252,0.061138116853613506,41
MABBOB|fid=-100|iid=346|dim=5,0.10334772181212012,0.06535257365937791,41
MABBOB|fid=-100|iid=680|dim=5,0.10269304251397998,0.06456150456320575,41
MABBOB|fid=-100|iid=415|dim=5,0.10220972082844866,0.08973026782101029,41
MABBOB|fid=-100|iid=836|dim=5,0.10188051573103828,0.0960999578237533,41
MABBOB|fid=-100|iid=864|dim=5,0.10185452095137744,0.08325385429755366,41
MABBOB|fid=-100|iid=530|dim=5,0.10169395678358739,0.0667140958230057,41
MABBOB|fid=-100|iid=220|dim=5,0.10153114536839358,0.0923983807082796,41
MABBOB|fid=-100|iid=368|dim=5,0.1011669519315576,0.07990138399286151,41
MABBOB|fid=-100|iid=163|dim=5,0.10080424662661142,0.0766085458748145,41
MABBOB|fid=-100|iid=40|dim=5,0.09909275195432923,0.07036305511865681,41
MABBOB|fid=-100|iid=812|dim=5,0.09851648419975133,0.07392446325032681,41
MABBOB|fid=-100|iid=405|dim=5,0.09607362349802268,0.08711664999951207,41
MABBOB|fid=-100|iid=413|dim=5,0.0950999607271723,0.09390972211387419,41
MABBOB|fid=-100|iid=270|dim=5,0.0943003145094307,0.0795647874474525,41
MABBOB|fid=-100|iid=691|dim=5,0.09406607365745108,0.062285217376881,41
MABBOB|fid=-100|iid=848|dim=5,0.09343798383144851,0.08796443690427158,41
MABBOB|fid=-100|iid=508|dim=5,0.09273808371499556,0.0761604554972598,41
MABBOB|fid=-100|iid=782|dim=5,0.092292374203658,0.0702475676175135,41
MABBOB|fid=-100|iid=217|dim=5,0.09203171484402628,0.0844031571460448,41
MABBOB|fid=-100|iid=97|dim=5,0.09175931497281888,0.0729086556156312,41
MABBOB|fid=-100|iid=887|dim=5,0.0910505094455953,0.07552805142161728,41
MABBOB|fid=-100|iid=307|dim=5,0.09022330665716444,0.07649843355637762,41
MABBOB|fid=-100|iid=536|dim=5,0.08975563874395849,0.07262968808648479,41
MABBOB|fid=-100|iid=350|dim=5,0.08969494270895514,0.053808011544538306,41
MABBOB|fid=-100|iid=747|dim=5,0.08949162952305471,0.0836914300484008,41
MABBOB|fid=-100|iid=348|dim=5,0.08869668059695694,0.0517671453189067,41
MABBOB|fid=-100|iid=898|dim=5,0.08851489614871023,0.0706670279045877,41
MABBOB|fid=-100|iid=177|dim=5,0.0883607114108932,0.0628142148398953,41
MABBOB|fid=-100|iid=67|dim=5,0.08832382404868018,0.08211929739582151,41
MABBOB|fid=-100|iid=706|dim=5,0.08817042842841204,0.08002398875392308,41
MABBOB|fid=-100|iid=964|dim=5,0.08769557221511792,0.07905249218344823,41
MABBOB|fid=-100|iid=118|dim=5,0.08707825382814374,0.07392837208705494,41
MABBOB|fid=-100|iid=922|dim=5,0.08694149810167712,0.0850430098662795,41
MABBOB|fid=-100|iid=827|dim=5,0.08585789866078389,0.06916030314568888,41
MABBOB|fid=-100|iid=147|dim=5,0.08562879224876868,0.06588385087999837,41
MABBOB|fid=-100|iid=6|dim=5,0.08497692139596859,0.05778592498790208,41
MABBOB|fid=-100|iid=707|dim=5,0.0840957069569147,0.056555421673009004,41
MABBOB|fid=-100|iid=566|dim=5,0.08398542714778408,0.0632048279392147,41
MABBOB|fid=-100|iid=114|dim=5,0.08373206830788532,0.058205979183939605,41
MABBOB|fid=-100|iid=176|dim=5,0.08287229496130871,0.0729052085175389,41
MABBOB|fid=-100|iid=604|dim=5,0.08252311614220716,0.0541306532767471,41
MABBOB|fid=-100|iid=740|dim=5,0.08032793291071649,0.05644818178058264,41
MABBOB|fid=-100|iid=74|dim=5,0.07989508824584991,0.05344583341251001,41
MABBOB|fid=-100|iid=783|dim=5,0.07979281808266803,0.06101926574719721,41
MABBOB|fid=-100|iid=982|dim=5,0.07880886386210571,0.0466895853039484,41
MABBOB|fid=-100|iid=954|dim=5,0.0768423847387499,0.0529233981303467,41
MABBOB|fid=-100|iid=855|dim=5,0.07450730255157209,0.0580555426225227,41
MABBOB|fid=-100|iid=1|dim=5,0.07427747177705314,0.0646923254575773,41
MABBOB|fid=-100|iid=677|dim=5,0.07423191991194775,0.06289251188416689,41
MABBOB|fid=-100|iid=61|dim=5,0.07273595862705731,0.05255799820197138,41
MABBOB|fid=-100|iid=349|dim=5,0.07094309113225833,0.0673457171812345,41
MABBOB|fid=-100|iid=592|dim=5,0.07046968275139921,0.06801559602765539,41
MABBOB|fid=-100|iid=699|dim=5,0.06827356313613195,0.0589122938402738,41
MABBOB|fid=-100|iid=37|dim=5,0.06780455017674303,0.05150048468442908,41
MABBOB|fid=-100|iid=991|dim=5,0.0677267640453376,0.0404876528468871,41
MABBOB|fid=-100|iid=606|dim=5,0.06662610041656154,0.050912965705912694,41
MABBOB|fid=-100|iid=919|dim=5,0.06637117019208724,0.04226694386119578,41
MABBOB|fid=-100|iid=73|dim=5,0.06443448934229515,0.041784661108072996,41
MABBOB|fid=-100|iid=798|dim=5,0.06157684675941341,0.04986522943228999,41
MABBOB|fid=-100|iid=268|dim=5,0.0612289177751759,0.04984766491177971,41
MABBOB|fid=-100|iid=248|dim=5,0.060719046434664116,0.0462237008451844,41
MABBOB|fid=-100|iid=844|dim=5,0.05988486193831079,0.0377308703324757,41
MABBOB|fid=-100|iid=464|dim=5,0.05863928660976946,0.051928599599793,41
MABBOB|fid=-100|iid=419|dim=5,0.05779844542901217,0.038534323130651395,41
MABBOB|fid=-100|iid=766|dim=5,0.05762450418396942,0.035761347296067995,41
MABBOB|fid=-100|iid=795|dim=5,0.05736281299467567,0.04847096331463582,41
MABBOB|fid=-100|iid=494|dim=5,0.05676567954582391,0.0636016030303066,41
MABBOB|fid=-100|iid=418|dim=5,0.056628033922513435,0.0453423736981757,41
MABBOB|fid=-100|iid=333|dim=5,0.05559053515955373,0.029806072928446597,41
MABBOB|fid=-100|iid=246|dim=5,0.05148281232401322,0.03714149716706411,41
