algorithm,family,mechanism,recommendation,selected,library,reference_status,reference,paper_url,upstream_source_url,source_path,source_line,source_sha256,library_version
modcma_bipop,Gaussian mutation and distribution adaptation,Full-covariance CMA-ES with restart regimes using small and large populations.,Shares the CMA-ES core; consider replacing the base variant when studying restarts or larger budgets.,False,modcma,Shares the ModCMA framework references; a BIPOP restart reference is supplied separately.,"Hansen (2009), Benchmarking a BI-Population CMA-ES on the BBOB-2009 Function Testbed; Framework references are the same as for modcma_base.",https://cma-es.github.io/,https://github.com/IOHprofiler/ModularCMAES,/data/hyin/conda_envs/benchmark/lib/python3.10/site-packages/modcma/modularcmaes.py,1,7a8e0ab564f88af9c146a1800f46440c6a8ce1d6ea6af2149eeeabb5d42d8614,1.0.2
modcma_base,Gaussian mutation and distribution adaptation,"Samples a multivariate Gaussian and adapts its mean, full covariance matrix, and step size to learn variable dependencies.",Selected: represents search-distribution adaptation and learning of variable interactions.,True,modcma,Package METADATA/README explicitly cites the modular framework papers; CMA theory references are supplied separately.,"van Rijn et al. (2016), Evolving the Structure of Evolution Strategies; de Nobel et al. (2021), Tuning as a Means of Assessing the Benefits of New Ideas in Interplay with Existing Algorithmic Modules. Theory: Hansen and Ostermeier (2001), Completely Derandomized Self-Adaptation in Evolution Strategies; Hansen (2016), The CMA Evolution Strategy: A Tutorial.",https://arxiv.org/abs/1604.00772,https://github.com/IOHprofiler/ModularCMAES,/data/hyin/conda_envs/benchmark/lib/python3.10/site-packages/modcma/modularcmaes.py,1,7a8e0ab564f88af9c146a1800f46440c6a8ce1d6ea6af2149eeeabb5d42d8614,1.0.2
modde_lshade,Differential mutation and historical information,"Combines current-to-pbest differential mutation, an external archive, success-history adaptation of F/CR, and population reduction based on consumed evaluations.",Selected: represents adaptive DE; report it as this benchmark's modular L-SHADE configuration.,True,modde,Package README explicitly provides an L-SHADE configuration; the corresponding paper is supplied separately. Current parameters differ from the paper.,"Tanabe and Fukunaga (2014), Improving the Search Performance of SHADE Using Linear Population Size Reduction.",https://metahack.org/CEC2014-Tanabe-Fukunaga.pdf,https://github.com/Dvermetten/ModDE,/data/hyin/conda_envs/benchmark/lib/python3.10/site-packages/modde/parameters.py,120,c0b261a2236b07e3570c117ff7c1beffffba56e1f25631514850c00cb6b031b2,0.0.1
modde_base,Differential mutation and historical information,"Fixed-parameter DE/rand/1/bin uses random population members and difference vectors, followed by crossover and greedy selection.",Selected: provides a basic-DE comparison against adaptive DE.,True,modde,Package README describes modular DE; no dedicated paper for this configuration was found. The reference supplies family-level background.,"Storn and Price (1997), Differential Evolution – A Simple and Efficient Heuristic for Global Optimization over Continuous Spaces.",https://groups.csail.mit.edu/EVO-DesignOpt/pb/uploads/Site/differentialEv.pdf,https://github.com/Dvermetten/ModDE,/data/hyin/conda_envs/benchmark/lib/python3.10/site-packages/modde/parameters.py,120,c0b261a2236b07e3570c117ff7c1beffffba56e1f25631514850c00cb6b031b2,0.0.1
ng_MultiBFGS,Numerical local search,"Calls SciPy BFGS, estimates gradients by finite differences, and uses quasi-Newton updates; the underlying wrapper allows random restarts.",Selected: represents local slope and curvature information; this configuration creates one BFGS instance.,True,nevergrad,No dedicated MultiBFGS paper citation was found. The local call chain confirms BFGS; the theoretical reference is supplementary.,"Fletcher (1970), A new approach to variable metric algorithms. BFGS was independently developed by several authors; this is one foundational reference. See SciPy BFGS documentation for implementation details.",https://doi.org/10.1093/comjnl/13.3.317,https://github.com/facebookresearch/nevergrad,/data/hyin/conda_envs/benchmark/lib/python3.10/site-packages/nevergrad/optimization/optimizerlib.py,2019,45a1fd37ed758122d632b958d3b2194827e73c942d910e03111cce65990d5d22,1.0.0
ng_Powell,Numerical local search,Performs one-dimensional searches along a set of directions and updates that set without constructing numerical gradients.,Selected: represents derivative-free direction-set local search.,True,nevergrad,No dedicated paper citation for the Nevergrad Powell wrapper was found; the theoretical reference is supplementary.,"Powell (1964), An efficient method for finding the minimum of a function of several variables without calculating derivatives. The implementation calls SciPy modified Powell.",https://doi.org/10.1093/comjnl/7.2.155,https://github.com/facebookresearch/nevergrad,/data/hyin/conda_envs/benchmark/lib/python3.10/site-packages/nevergrad/optimization/recastlib.py,505,13cd2fdd5d5cbf8c4512c138d7a37510e01453c3e0eaed580156701fbd9fac55,1.0.0
ng_DiagonalCMA,Gaussian mutation and distribution adaptation,Uses a diagonal covariance configuration of CMA to learn coordinate scales without full cross-variable correlations.,Prioritize for a separability study; it is a structurally distinct variant within the CMA family.,False,nevergrad,Constructed with diagonal=True in the library; the reference provides background on diagonal/separable CMA.,"Ros and Hansen (2008), A Simple Modification in CMA-ES Achieving Linear Time and Space Complexity.",https://cma-es.github.io/,https://github.com/facebookresearch/nevergrad,/data/hyin/conda_envs/benchmark/lib/python3.10/site-packages/nevergrad/optimization/optimizerlib.py,941,45a1fd37ed758122d632b958d3b2194827e73c942d910e03111cce65990d5d22,1.0.0
ng_OnePlusOne,Gaussian mutation and distribution adaptation,"Generates one Gaussian-mutated offspring from one parent, retains the better solution, and adapts the global step size using success information.",Selected: a simple stochastic local-search baseline without covariance learning.,True,nevergrad,Parameter documentation discusses Gaussian mutation and success-based step-size rules; there is no unique dedicated paper for this default wrapper.,"Beyer and Schwefel (2002), Evolution strategies – A comprehensive introduction. This is a family-level review, not a dedicated paper for the default Nevergrad implementation.",https://link.springer.com/article/10.1023/A:1015059928466,https://github.com/facebookresearch/nevergrad,/data/hyin/conda_envs/benchmark/lib/python3.10/site-packages/nevergrad/optimization/optimizerlib.py,78,45a1fd37ed758122d632b958d3b2194827e73c942d910e03111cce65990d5d22,1.0.0
ng_DE,Differential mutation and historical information,"The inspected Nevergrad implementation forms a donor from the current individual, a random difference vector, and a direction toward the best solution, then applies crossover.",Overlaps with the DE family; its name does not imply DE/rand/1.,False,nevergrad,"The class documentation describes DE settings. The basic-DE reference is supplementary, not an equation-level specification of this configuration.","Storn and Price (1997), Differential Evolution – A Simple and Efficient Heuristic for Global Optimization over Continuous Spaces.",https://groups.csail.mit.edu/EVO-DesignOpt/pb/uploads/Site/differentialEv.pdf,https://github.com/facebookresearch/nevergrad,/data/hyin/conda_envs/benchmark/lib/python3.10/site-packages/nevergrad/optimization/differentialevolution.py,307,710b0e16d4c7c2bd2f153b82f5a2f87c170281051f153efc39d2590ec403d949,1.0.0
opy_CS,Multiscale reproduction and random jumps,"Uses heavy-tailed Levy steps to generate candidates, together with nest replacement and local differential perturbations.",Not selected in the final compact set.,False,opytimizer,The class docstring explicitly provides a reference or a source-paper link.,X.-S. Yang and D. Suash. Cuckoo search via Lévy flights. World Congress on Nature & Biologically Inspired Computing (2009).,https://arxiv.org/abs/1003.1594,https://github.com/gugarosa/opytimizer,/data/hyin/conda_envs/benchmark/lib/python3.10/site-packages/opytimizer/optimizers/swarm/cs.py,21,4c038ddf46e60c0f5ff9311d7eceed68ea67f4db20a0c43eaa4836f439773eb2,3.1.2
opy_DE,Differential mutation and historical information,"Uses differential mutation from random individuals, crossover, and greedy replacement.",Overlaps with basic ModDE; retaining both adds limited mechanism coverage to a compact set.,False,opytimizer,The class docstring explicitly provides a reference or a source-paper link.,R. Storn. On the usage of differential evolution for function optimization. Proceedings of North American Fuzzy Information Processing (1996).,,https://github.com/gugarosa/opytimizer,/data/hyin/conda_envs/benchmark/lib/python3.10/site-packages/opytimizer/optimizers/evolutionary/de.py,21,0a1e0d5da911c73960d86c2e8e724ff21d9f6f89a8a36041a625302a0cc958a4,3.1.2
opy_WEO,Interactions and time-dependent schedules,"Uses evaporation-inspired phase scheduling, fitness-dependent evaporation masks, and population difference vectors.","Combines differential updates and scheduling, overlapping with the selected DE and EO mechanisms.",False,opytimizer,The class docstring explicitly provides a reference or a source-paper link.,A. Kaveh and T. Bakhshpoori. Water Evaporation Optimization: A novel physically inspired optimization algorithm. Computers & Structures (2016).,,https://github.com/gugarosa/opytimizer,/data/hyin/conda_envs/benchmark/lib/python3.10/site-packages/opytimizer/optimizers/science/weo.py,20,689688dbc4f88eae9d4c95856586b7ed428cea73ced302517c25f4e73cec5137,3.1.2
opy_QSA,Role differentiation and population cooperation,Allocates queues around leading solutions and applies staged Gamma-distributed perturbations and population differences.,"A candidate for grouped, multistage search; lower priority than the core mechanisms in this compact set.",False,opytimizer,The class docstring explicitly provides a reference or a source-paper link.,J. Zhang et al. Queuing search algorithm: A novel metaheuristic algorithm for solving engineering optimization problems. Applied Mathematical Modelling (2018).,,https://github.com/gugarosa/opytimizer,/data/hyin/conda_envs/benchmark/lib/python3.10/site-packages/opytimizer/optimizers/social/qsa.py,20,801e41e691f68d62d192b468d4bf6ecea1f7c3e596edf5ecbf71aa69b553d0ee,3.1.2
opy_COA,Role differentiation and population cooperation,"Uses the best pack member and coordinate-wise pack medians for updates, with migration between packs.",Represents subpopulations and population statistics; not selected in the final compact set.,False,opytimizer,The class docstring explicitly provides a reference or a source-paper link.,J. Pierezan and L. Coelho. Coyote Optimization Algorithm: A New Metaheuristic for Global Optimization Problems. IEEE Congress on Evolutionary Computation (2018).,,https://github.com/gugarosa/opytimizer,/data/hyin/conda_envs/benchmark/lib/python3.10/site-packages/opytimizer/optimizers/population/coa.py,20,18fd0fc22a4602c5fb0beeff8bc9f7462f918e384b3c6c3ee915936e3f0d1b25,3.1.2
opy_SOS,Role differentiation and population cooperation,"Uses mutualism, commensalism, and parasitism phases involving pairwise interactions and partial replacement.",An optional twelfth algorithm to add explicit symbiotic pairwise interactions.,False,opytimizer,The class docstring explicitly provides a reference or a source-paper link.,M.-Y. Cheng and D. Prayogo. Symbiotic Organisms Search: A new metaheuristic optimization algorithm. Computers & Structures (2014).,,https://github.com/gugarosa/opytimizer,/data/hyin/conda_envs/benchmark/lib/python3.10/site-packages/opytimizer/optimizers/swarm/sos.py,19,018f3d11acf378d0d107dd45b01febf8a6d608abbd2e0be8ff60c22f5e45030e,3.1.2
opy_AEO,Role differentiation and population cooperation,"Combines production, consumption, and decomposition phases using bounded random sampling, population differences, and perturbations around the best solution.",A multistage hybrid with operators overlapping those already selected.,False,opytimizer,The class docstring explicitly provides a reference or a source-paper link.,"W. Zhao, L. Wang and Z. Zhang. Artificial ecosystem-based optimization: a novel nature-inspired meta-heuristic algorithm. Neural Computing and Applications (2019).",,https://github.com/gugarosa/opytimizer,/data/hyin/conda_envs/benchmark/lib/python3.10/site-packages/opytimizer/optimizers/population/aeo.py,19,2f3fb42501c4e1e1d57d950ee2ee1adc18d91d81f19cab1d768d0283cb07b7cc,3.1.2
opy_ABO,Role differentiation and population cooperation,Separates sunspot and canopy individuals by fitness and uses neighbor-difference flight moves and fallback updates.,"Artificial Butterfly Optimization, distinct from BOA; overlaps with role-based and differential search.",False,opytimizer,The class docstring explicitly provides a reference or a source-paper link.,"X. Qi, Y. Zhu and H. Zhang. A new meta-heuristic butterfly-inspired algorithm. Journal of Computational Science (2017).",,https://github.com/gugarosa/opytimizer,/data/hyin/conda_envs/benchmark/lib/python3.10/site-packages/opytimizer/optimizers/swarm/abo.py,20,0c877b0414787b0bfdbb05b665a5c8844f9ccd1a1f286eb6da72ad1788eed36d,3.1.2
opy_GCO,Differential mutation and historical information,Uses survival counters to bias selection and generates candidates through three-parent differential mutation and crossover.,"Despite its immune-system terminology, its main candidate-generation operator resembles DE.",False,opytimizer,The class docstring explicitly provides a reference or a source-paper link.,C. Villaseñor et al. Germinal center optimization algorithm. International Journal of Computational Intelligence Systems (2018).,,https://github.com/gugarosa/opytimizer,/data/hyin/conda_envs/benchmark/lib/python3.10/site-packages/opytimizer/optimizers/population/gco.py,22,0e5a10966ccba4d59f6479d338c291cacf4708ae902479796372dcab6e94f289,3.1.2
opy_LSA,Interactions and time-dependent schedules,"Combines lightning-inspired directions, exponential/Gaussian random steps, and an energy-decay schedule.",Overlaps with multiscale random search and time-dependent scheduling.,False,opytimizer,The class docstring explicitly provides a reference or a source-paper link.,"H. Shareef, A. Ibrahim and A. Mutlag. Lightning search algorithm. Applied Soft Computing (2015).",,https://github.com/gugarosa/opytimizer,/data/hyin/conda_envs/benchmark/lib/python3.10/site-packages/opytimizer/optimizers/science/lsa.py,20,9258f3a0ccf24d89aab4f8eab12b2e012afd36043532b042092eeb0571c293b6,3.1.2
opy_RRA,Multiscale reproduction and random jumps,"Combines large runner perturbations, small root searches, stagnation detection, and restarts.","Provides multiscale local/global search; omitted to keep the set compact, with CS covering long jumps.",False,opytimizer,The class docstring explicitly provides a reference or a source-paper link.,F. Merrikh-Bayat. The runner-root algorithm: A metaheuristic for solving unimodal and multimodal optimization problems inspired by runners and roots of plants in nature. Applied Soft Computing (2015).,,https://github.com/gugarosa/opytimizer,/data/hyin/conda_envs/benchmark/lib/python3.10/site-packages/opytimizer/optimizers/evolutionary/rra.py,22,afe5d8f3eddb2b01be3b43fa612b585c5189bff1da26299856e954a4253f4da1,3.1.2
opy_SAVPSO,Particle swarms with velocity memory,Maintains velocity and personal-best memory and combines global-best guidance with differences between historical positions.,"Selected: represents velocity-based search with memory; it is a PSO variant, not the complete constrained framework of its source paper.",True,opytimizer,The class docstring explicitly provides a reference or a source-paper link.,H. Lu and W. Chen. Self-adaptive velocity particle swarm optimization for solving constrained optimization problems. Journal of global optimization (2008).,https://link.springer.com/article/10.1007/s10898-007-9255-9,https://github.com/gugarosa/opytimizer,/data/hyin/conda_envs/benchmark/lib/python3.10/site-packages/opytimizer/optimizers/swarm/pso.py,428,6b13e851d3111a27085021db5a20e34be880ae59efeb38a9de32439485b4fcd0,3.1.2
opy_IWO,Multiscale reproduction and random jumps,"Allocates offspring counts by fitness, reproduces through Gaussian dispersal with decreasing variance, and truncates the population competitively.",Represents reproduction and variance scheduling; its botanical metaphor alone does not establish a separate search paradigm.,False,opytimizer,The class docstring explicitly provides a reference or a source-paper link.,A. R. Mehrabian and C. Lucas. A novel numerical optimization algorithm inspired from weed colonization. Ecological informatics (2006).,,https://github.com/gugarosa/opytimizer,/data/hyin/conda_envs/benchmark/lib/python3.10/site-packages/opytimizer/optimizers/evolutionary/iwo.py,19,3715007cc678aa6e575b92e656099d1f4ebb9f6ea70e7890d3aca3d8a9bce719,3.1.2
opy_EO,Interactions and time-dependent schedules,Maintains four elite solutions and their mean as an equilibrium pool and updates positions using time-dependent exponential and generation terms.,Not selected in the final compact set.,False,opytimizer,The class docstring explicitly provides a reference or a source-paper link.,A. Faramarzi et al. Equilibrium optimizer: A novel optimization algorithm. Knowledge-Based Systems (2020).,https://www.sciencedirect.com/science/article/pii/S0950705119305295,https://github.com/gugarosa/opytimizer,/data/hyin/conda_envs/benchmark/lib/python3.10/site-packages/opytimizer/optimizers/science/eo.py,20,95d8c081b0e62f9366a83e9751fa8ddeba418a6c265a313c1b21c3c4548295be,3.1.2
opy_SSA,Role differentiation and population cooperation,Moves a leader around the best solution while followers update through chain-like averaging.,"Salp Swarm Algorithm, not Sparrow Search Algorithm.",False,opytimizer,The class docstring explicitly provides a reference or a source-paper link.,S. Mirjalili et al. Salp Swarm Algorithm: A bio-inspired optimizer for engineering design problems. Advances in Engineering Software (2017).,,https://github.com/gugarosa/opytimizer,/data/hyin/conda_envs/benchmark/lib/python3.10/site-packages/opytimizer/optimizers/swarm/ssa.py,16,e1ef0314e83465a74191bc82562c9166f3b3c268e8100c28fa7ccab6f3030bf4,3.1.2
opy_BSA,Differential mutation and historical information,"Stores and shuffles a historical population, mutates using historical-current differences, and applies crossover and greedy selection.","Backtracking Search, not Bird Swarm; an option for expanding the differential-search family.",False,opytimizer,The class docstring explicitly provides a reference or a source-paper link.,P. Civicioglu. Backtracking search optimization algorithm for numerical optimization problems. Applied Mathematics and Computation (2013).,,https://github.com/gugarosa/opytimizer,/data/hyin/conda_envs/benchmark/lib/python3.10/site-packages/opytimizer/optimizers/evolutionary/bsa.py,20,be551bfe140e560d2332bf9d3fadcaded585e2569949922c471c06fa4c089d58,3.1.2
opy_ABC,Role differentiation and population cooperation,"Uses employed-bee search, onlooker allocation of search effort, and scout handling of stagnating locations.",Not selected in the final compact set.,False,opytimizer,The class docstring explicitly provides a reference or a source-paper link.,D. Karaboga and B. Basturk. A powerful and efficient algorithm for numerical function optimization: Artificial bee colony (ABC) algorithm. Journal of Global Optimization (2007).,https://link.springer.com/article/10.1007/s10898-007-9149-x,https://github.com/gugarosa/opytimizer,/data/hyin/conda_envs/benchmark/lib/python3.10/site-packages/opytimizer/optimizers/swarm/abc.py,21,e3f94ef6db3a24269f3ddcd52a5fc54e2b7b13e8d3608a004911c15573cb633b,3.1.2
opy_GOA,Interactions and time-dependent schedules,"Computes distance-dependent attraction/repulsion, contracts the interaction scale, and uses best-solution guidance.",Distinct from PSO's personal-best velocity mechanism; can replace EO to emphasize spatial pairwise interactions.,False,opytimizer,The class docstring explicitly provides a reference or a source-paper link.,"S. Saremi, S. Mirjalili and A. Lewis. Grasshopper Optimisation Algorithm: Theory and application. Advances in Engineering Software (2017).",,https://github.com/gugarosa/opytimizer,/data/hyin/conda_envs/benchmark/lib/python3.10/site-packages/opytimizer/optimizers/swarm/goa.py,20,5a9d997ba33dc3e79bf5023598d123a11c507021ca04311d7fcf7fb8181d20c4,3.1.2
opy_GA,Selection and recombination,"Combines fitness-based selection, real-valued arithmetic crossover, Gaussian mutation, and survivor selection from parents and offspring.",Selected: represents recombination-centered evolutionary search; this is a real-coded GA.,True,opytimizer,"The class docstring cites Mitchell's GA textbook (1998 in the library), not a dedicated implementation paper; the publisher link describes the 1996 edition.",M. Mitchell. An introduction to genetic algorithms. MIT Press (1998).,https://doi.org/10.7551/mitpress/3927.001.0001,https://github.com/gugarosa/opytimizer,/data/hyin/conda_envs/benchmark/lib/python3.10/site-packages/opytimizer/optimizers/evolutionary/ga.py,23,534259bf03ab54bd2e1b21f75c57e7f1c34beb22a7cad822343a001d4848f80b,3.1.2
opy_TWO,Interactions and time-dependent schedules,"Converts fitness into weights and updates solutions using pulls from stronger individuals, displacement, and noise.",Shares its theoretical family with mealpy_OriginalTWO; avoid counting both as independent mechanisms.,False,opytimizer,The class docstring explicitly provides a reference or a source-paper link.,A. Kaveh. Tug of War Optimization. Advances in Metaheuristic Algorithms for Optimal Design of Structures (2016).,,https://github.com/gugarosa/opytimizer,/data/hyin/conda_envs/benchmark/lib/python3.10/site-packages/opytimizer/optimizers/science/two.py,21,ffb93117f996709bd0ac03bec02db50e87587313a96dd3f04f818cf1254ecd19,3.1.2
opy_RPSO,Particle swarms with velocity memory,Adds relativistic velocity handling to PSO updates.,Another PSO variant alongside SAVPSO; RPSO here means Relativistic PSO.,False,opytimizer,The class docstring explicitly provides a reference or a source-paper link.,"M. Roder, G. H. de Rosa, L. A. Passos, A. L. D. Rossi and J. P. Papa. Harnessing Particle Swarm Optimization Through Relativistic Velocity. IEEE Congress on Evolutionary Computation (2020).",,https://github.com/gugarosa/opytimizer,/data/hyin/conda_envs/benchmark/lib/python3.10/site-packages/opytimizer/optimizers/swarm/pso.py,339,6b13e851d3111a27085021db5a20e34be880ae59efeb38a9de32439485b4fcd0,3.1.2
opy_RFO,Role differentiation and population cooperation,"Combines relocation toward the best solution, local noticing moves, and updates of weak individuals near an elite habitat.",A composite position-perturbation method; the compact set prioritizes more directly interpretable mechanisms.,False,opytimizer,The class docstring explicitly provides a reference or a source-paper link.,D. Polap and M. Woźniak. Red fox optimization algorithm. Expert Systems with Applications (2021).,,https://github.com/gugarosa/opytimizer,/data/hyin/conda_envs/benchmark/lib/python3.10/site-packages/opytimizer/optimizers/population/rfo.py,21,9a2be5292782002dc6963dcea356994627423814a0acee154b14b3ca4115a17d,3.1.2
opy_ASO,Interactions and time-dependent schedules,"Derives masses from fitness, computes acceleration from atomic potentials and best-solution constraints, and updates velocity and position.",Has velocity state but potential-field driving forces; can replace EO when emphasizing force-based models.,False,opytimizer,The class docstring explicitly provides a reference or a source-paper link.,"W. Zhao, L. Wang and Z. Zhang. A novel atom search optimization for dispersion coefficient estimation in groundwater. Future Generation Computer Systems (2019).",,https://github.com/gugarosa/opytimizer,/data/hyin/conda_envs/benchmark/lib/python3.10/site-packages/opytimizer/optimizers/science/aso.py,19,0aa8133ef1e8302bb6107b2ea5f9e68c7c69310fa5cf093cee64c25c09076e35,3.1.2
opy_AOA,Arithmetic operator scheduling,Switches probabilistically between multiplication/division and addition/subtraction around the best solution according to time.,"Arithmetic Optimization, not Aquila; distinct arithmetic operators do not automatically require a slot in the compact set.",False,opytimizer,The class docstring explicitly provides a reference or a source-paper link.,L. Abualigah et al. The Arithmetic Optimization Algorithm. Computer Methods in Applied Mechanics and Engineering (2021).,,https://github.com/gugarosa/opytimizer,/data/hyin/conda_envs/benchmark/lib/python3.10/site-packages/opytimizer/optimizers/misc/aoa.py,16,3f8fcdca2fda3db10cd45d8348c84ef22dd6dab50ab26d4debaebd5d401b0400,3.1.2
opy_MVPA,Role differentiation and population cooperation,"Uses within-team best solutions, the global best, and inter-team competition to guide updates.",Most Valuable Player Algorithm; belongs to grouped cooperation and competition.,False,opytimizer,The class docstring explicitly provides a reference or a source-paper link.,H. Bouchekara. Most Valuable Player Algorithm: a novel optimization algorithm inspired from sport. Operational Research (2017).,,https://github.com/gugarosa/opytimizer,/data/hyin/conda_envs/benchmark/lib/python3.10/site-packages/opytimizer/optimizers/social/mvpa.py,21,8c2fe1eb07c48af21256536812c757979c562541234b5dde3db78be2a1be0fba,3.1.2
mealpy_JADE,Differential mutation and historical information,"Combines current-to-pbest mutation, an external archive, and successful-sample updates of the F/CR distribution means.",A clear adaptive-DE alternative if a modular L-SHADE configuration is undesirable.,False,mealpy,The class docstring explicitly provides a reference or a source-paper link.,"[1] Zhang, J. and Sanderson, A.C., 2009. JADE: adaptive differential evolution with optional external archive. IEEE Transactions on evolutionary computation, 13(5), pp.945-958.",https://doi.org/10.1109/TEVC.2009.2014613,https://github.com/thieu1995/mealpy,/data/hyin/conda_envs/benchmark/lib/python3.10/site-packages/mealpy/evolutionary_based/DE.py,158,c98287c80a30b44f45ad51ff7075d1ff6743f93a571d6efd3084e4d19be6a9d7,2.5.3
mealpy_SADE,Differential mutation and historical information,Learns selection probabilities for two DE mutation strategies and adapts crossover parameters.,"The Qin-Suganthan SaDE variant, not a generic label for all self-adaptive DE or jDE.",False,mealpy,The class docstring explicitly provides a reference or a source-paper link.,"[1] Qin, A.K. and Suganthan, P.N., 2005, September. Self-adaptive differential evolution algorithm for numerical optimization. In 2005 IEEE congress on evolutionary computation (Vol. 2, pp. 1785-1791). IEEE.",https://doi.org/10.1109/CEC.2005.1554904,https://github.com/thieu1995/mealpy,/data/hyin/conda_envs/benchmark/lib/python3.10/site-packages/mealpy/evolutionary_based/DE.py,306,c98287c80a30b44f45ad51ff7075d1ff6743f93a571d6efd3084e4d19be6a9d7,2.5.3
mealpy_L_SHADE,Differential mutation and historical information,"Declares success-history adaptation and linear population reduction, but the inspected 2.5.3 code still generates offspring using fixed pop_size.",Not the preferred L-SHADE representative: the inspected implementation differs from the paper's actual population reduction.,False,mealpy,The class docstring explicitly provides a reference or a source-paper link.,"[1] Tanabe, R. and Fukunaga, A.S., 2014, July. Improving the search performance of SHADE using linear population size reduction. In 2014 IEEE congress on evolutionary computation (CEC) (pp. 1658-1665). IEEE.",https://metahack.org/CEC2014-Tanabe-Fukunaga.pdf,https://github.com/thieu1995/mealpy,/data/hyin/conda_envs/benchmark/lib/python3.10/site-packages/mealpy/evolutionary_based/DE.py,593,c98287c80a30b44f45ad51ff7075d1ff6743f93a571d6efd3084e4d19be6a9d7,2.5.3
mealpy_OriginalSARO,Role differentiation and population cooperation,"Stores search clues, uses social and individual differential-search phases, and resets after stagnation.",Adds cooperative search with memory; omitted from the compact selection.,False,mealpy,The class docstring explicitly provides a reference or a source-paper link.,"[1] Shabani, A., Asgarian, B., Gharebaghi, S.A., Salido, M.A. and Giret, A., 2019. A new optimization algorithm based on search and rescue operations. Mathematical Problems in Engineering, 2019.",https://doi.org/10.1155/2019/2482543,https://github.com/thieu1995/mealpy,/data/hyin/conda_envs/benchmark/lib/python3.10/site-packages/mealpy/human_based/SARO.py,146,b4456e79e275bdd27874b6d451104898a138d92e9a19ec758df3153c8ee56e43,2.5.3
mealpy_OriginalTWO,Interactions and time-dependent schedules,"Uses fitness-based weights, team pulling forces, random displacement, and boundary handling.",Same theoretical family as opy_TWO; implementations across libraries are not independent principles.,False,mealpy,The class docstring explicitly provides a reference or a source-paper link.,"[1] Kaveh, A., 2017. Tug of war optimization. In Advances in metaheuristic algorithms for optimal design of structures (pp. 451-487). Springer, Cham.",https://www.researchgate.net/publication/332088054_Tug_of_War_Optimization_Algorithm,https://github.com/thieu1995/mealpy,/data/hyin/conda_envs/benchmark/lib/python3.10/site-packages/mealpy/physics_based/TWO.py,12,ffccf7729b4db3e89dae72ab1459db2f3c17e971f026e2d029cf5950d814c60a,2.5.3
mealpy_LevyES,Gaussian mutation and distribution adaptation,"Generates Gaussian ES offspring and additional Levy offspring, then truncates their union with the parents.",A library-developed hybrid; the general ES reference is not a dedicated paper for this variant.,False,mealpy,The class docstring provides a reference or link and explicitly identifies a developed version; this does not establish a dedicated paper for the variant.,"[1] Beyer, H.G. and Schwefel, H.P., 2002. Evolution strategies–a comprehensive introduction. Natural computing, 1(1), pp.3-52.",https://www.cleveralgorithms.com/nature-inspired/evolution/evolution_strategies.html,https://github.com/thieu1995/mealpy,/data/hyin/conda_envs/benchmark/lib/python3.10/site-packages/mealpy/evolutionary_based/ES.py,105,656b305c2acffd7b6a89df5ea7313482d235cd76ec0d9625075d21b42ca828c3,2.5.3
mealpy_BaseVCS,Role differentiation and population cooperation,"Combines virus diffusion, Gaussian infection around an elite mean, and differential immune-response updates.","A library-developed version, not a direct equation-by-equation reproduction of original Virus Colony Search.",False,mealpy,The class docstring provides a reference or link and explicitly identifies a developed version; this does not establish a dedicated paper for the variant.,"Li, Zhao, Weng and Han (2016), A novel nature-inspired algorithm for optimization: Virus colony search. The class documentation directly supplies the DOI.",https://doi.org/10.1016/j.advengsoft.2015.11.004,https://github.com/thieu1995/mealpy,/data/hyin/conda_envs/benchmark/lib/python3.10/site-packages/mealpy/bio_based/VCS.py,11,98ac9b9eb6a65dd6a894dedeab8b9b9c3a613cc862b54c64bafc14590a5311f6,2.5.3
